word,antonym,word_hi,antonym_hi
abactinal,actinal,अयोग्य,एक प्रकार का
abaft,fore,जहाज़ की पतवार की ओर,आगे का
abaft,forward,जहाज़ की पतवार की ओर,आगे
abaxial,adaxial,अछूता,अखिल
abaxial,ventral,अछूता,उदर
abaxially,adaxially,सुप्रीम,अखंडता से
abbreviate,dilate,संक्षिप्त,चौड़ा करना
abbreviate,elaborate,संक्षिप्त,विस्तार में बताना
abbreviate,enlarge,संक्षिप्त,बड़े आकार में
abbreviate,expand,संक्षिप्त,बढ़ाना
abbreviate,expatiate,संक्षिप्त,लंबी-चौड़ी बातें बढ़ाना
abbreviate,exposit,संक्षिप्त,अनावृत
abbreviate,expound,संक्षिप्त,व्याख्या करना
abbreviate,flesh out,संक्षिप्त,मांस बाहर
abbreviate,lucubrate,संक्षिप्त,बीतना
abducent,adducent,अपकर्षिणी,लाना
abducent,adducting,अपकर्षिणी,व्यसनी
abducent,adductive,अपकर्षिणी,जोड़ा
abduct,adduct,अपहरण,अभिवर्तन
abducting,adducent,भगा रहा है,लाना
abducting,adducting,भगा रहा है,व्यसनी
abducting,adductive,भगा रहा है,जोड़ा
abidance,disobedience,पालन,आज्ञा का उल्लंघन
abidance,noncompliance,पालन,गैर अनुपालन
abidance,nonconformance,पालन,असंबद्धता
abidance,nonconformity,पालन,अवज्ञा
abide by,disrespect,के द्वारा पालन,अपमानित करना
abience,adience,अयोग्यता,नक़ली
abient,adient,अयोग्य,उपयुक्त
ability,inability,क्षमता,अक्षमता
ability,unfitness,क्षमता,अयोग्यता
able,unable,योग्य,असमर्थ
ably,displaying incompetence,प्रवीणता से,अक्षमता प्रदर्शित करना
ably,incompetently,प्रवीणता से,अयोग्यतापूर्वक
abnormal,normal,असामान्य,सामान्य
abnormalcy,normalcy,असामान्य,सामान्यता
abnormalcy,normality,असामान्य,साधारण अवस्था
abnormality,normalcy,असामान्यता,सामान्यता
abnormality,normality,असामान्यता,साधारण अवस्था
abolish,establish,समाप्त करना,स्थापित करना
abolish,found,समाप्त करना,मिला
abolish,launch,समाप्त करना,शुरू करना
abolish,set up,समाप्त करना,स्थापित करना
aborad,orad,अबोरद,ओराड
aboral,oral,एबोरल,मौखिक
aboriginal,nonnative,आदिवासी,अकारण
above,at a lower place,ऊपर,एक निचले स्थान पर
above,below,ऊपर,नीचे
above,beneath,ऊपर,नीचे
above,to a lower place,ऊपर,एक निचले स्थान पर
aboveboard,deceitfully,उपरोक्त,छल से
aboveboard,dishonestly,उपरोक्त,बेईमानी से
aboveboard,venally,उपरोक्त,वंश के रूप में
abranchial,branchiate,शानदार,काम करना
abranchial,gilled,शानदार,गरम किया हुआ
abranchiate,branchiate,अखिल,काम करना
abranchiate,gilled,अखिल,गरम किया हुआ
abranchious,branchiate,अयोग्य,काम करना
abranchious,gilled,अयोग्य,गरम किया हुआ
abridge,dilate,संक्षेप करना,चौड़ा करना
abridge,elaborate,संक्षेप करना,विस्तार में बताना
abridge,enlarge,संक्षेप करना,बड़े आकार में
abridge,expand,संक्षेप करना,बढ़ाना
abridge,expatiate,संक्षेप करना,लंबी-चौड़ी बातें बढ़ाना
abridge,exposit,संक्षेप करना,अनावृत
abridge,expound,संक्षेप करना,व्याख्या करना
abridge,flesh out,संक्षेप करना,मांस बाहर
abridge,lucubrate,संक्षेप करना,बीतना
abridged,unabridged,संक्षिप्त,तमाम
abruptness,gentleness,आकस्मिकता,सौम्यता
abruptness,gradualness,आकस्मिकता,क्रमिकता
absence,presence,अनुपस्थिति,उपस्थिति
absent,present,अनुपस्थित,उपस्थित
absolute,comparative,निरपेक्ष,तुलनात्मक
absolute,relative,निरपेक्ष,रिश्तेदार
absolve,blame,दोषमुक्त करना,दोष
absolve,fault,दोषमुक्त करना,गलती
absorb,emit,अवशोषित करना,फेंकना
absorb,give off,अवशोषित करना,छोड़ना
absorb,give out,अवशोषित करना,बांट दें
absorbable,adsorbable,अवशोषित,सोखने योग्य
absorbable,adsorbate,अवशोषित,सोखना
absorbency,nonabsorbency,अवशेषी,नोकसर्बिशन
absorbent,nonabsorbent,शोषक,नॉनबसोरबेंट
absorbent,nonabsorptive,शोषक,अखंड
absorptive,nonabsorbent,अवशोषण,नॉनबसोरबेंट
absorptive,nonabsorptive,अवशोषण,अखंड
abstain,consume,बचना,उपभोग करना
abstain,have,बचना,पास होना
abstain,ingest,बचना,निगलना
abstain,take,बचना,लेना
abstain,take in,बचना,ले लेना
abstainer,drinker,परहेजगार,वाली
abstainer,imbiber,परहेजगार,डुबाना
abstainer,juicer,परहेजगार,जूसर
abstainer,toper,परहेजगार,पियक्कड़
abstemious,gluttonous,निरंकुश,भक्षक
abstinent,drinker,संयमी,वाली
abstinent,imbiber,संयमी,डुबाना
abstinent,juicer,संयमी,जूसर
abstinent,toper,संयमी,पियक्कड़
abstract,concrete,अमूर्त,ठोस
abstractly,concretely,संक्षेप में,वस्तुतः
abstractness,concreteness,अमूर्तता,स्थूलता
abstruseness,clarity,बेवजह,स्पष्टता
abstruseness,clearness,बेवजह,स्पष्टता
abstruseness,limpidity,बेवजह,पारदर्शकता
abstruseness,lucidity,बेवजह,स्पष्टता
abstruseness,lucidness,बेवजह,स्पष्टता
abstruseness,pellucidity,बेवजह,पेलुसीसता
abundance,scarceness,प्रचुरता,विरलता
abundance,scarcity,प्रचुरता,कमी
abundant,scarce,प्रचुर,अपर्याप्त
abused,unabused,दुर्व्यवहार,अयोग्य
acanthopterygian,malacopterygian,अकाटोप्ट्रीज,चालाक
acanthopterygian,soft-finned fish,अकाटोप्ट्रीज,मुलायम मछली
acapnia,hypercapnia,एक प्रकार का,हाइपरकेपनिया
acapnia,hypercarbia,एक प्रकार का,हाइपरकार्बिया
acarpellous,carpellate,अक्रिय,कार्पेलेट
acarpellous,pistillate,अक्रिय,पुष्प-योनि-संबंधी
acarpelous,carpellate,एक प्रकार का,कार्पेलेट
acarpelous,pistillate,एक प्रकार का,पुष्प-योनि-संबंधी
acatalectic,catalectic,एक प्रकार का,उत्प्रेरक
acatalectic,hypercatalectic,एक प्रकार का,अतिवृष्टि संबंधी
acaudal,caudate,अकाउडल,पूंछवाला
acaudal,caudated,अकाउडल,पुष्पित
acaudate,caudate,पैकेट,पूंछवाला
acaudate,caudated,पैकेट,पुष्पित
acaulescent,caulescent,एक प्रकार का,डंडीवाला
acaulescent,cauline,एक प्रकार का,तने का
acaulescent,stemmed,एक प्रकार का,उपजी
accede,dissent,मान लेना,मतभेद
accelerate,decelerate,तेजी लाने,धीमा
accelerate,retard,तेजी लाने,काम करना
accelerate,slow,तेजी लाने,धीमा
accelerate,slow down,तेजी लाने,गति कम करो
accelerate,slow up,तेजी लाने,धीरे करो
acceleration,deceleration,त्वरण,मंदी
acceleration,retardation,त्वरण,बाधा
acceleration,slowing,त्वरण,धीमा
accelerator,anticatalyst,त्वरक,रोग -संबंधी
accented,atonic,उच्चारण,निर्बल
accented,unaccented,उच्चारण,निर्बल
accented,unstressed,उच्चारण,निर्बल
accentual,quantitative,रागानी,मात्रात्मक
accentual,syllabic,रागानी,शब्दांश का
accept,decline,स्वीकार करना,गिरावट
accept,pass up,स्वीकार करना,हाथ से जाने देना
accept,refuse,स्वीकार करना,अस्वीकार करना
accept,reject,स्वीकार करना,अस्वीकार करना
accept,turn down,स्वीकार करना,अस्वीकार करें
acceptability,unacceptability,स्वीकार्यता,अस्वीकार्य
acceptability,unacceptableness,स्वीकार्यता,अस्वीकार्य
acceptable,unacceptable,स्वीकार्य,गवारा नहीं
acceptableness,unacceptability,स्वीकार्यता,अस्वीकार्य
acceptableness,unacceptableness,स्वीकार्यता,अस्वीकार्य
acceptably,intolerably,स्वीकार्य,असह्य
acceptably,unacceptably,स्वीकार्य,अस्वीकार्य
acceptance,rejection,स्वीकार,अस्वीकार
acceptive,rejective,स्वीकार करने वाला,अस्वीकार्य
accessibility,inaccessibility,अभिगम्यता,अप्राप्यता
accessibility,unapproachability,अभिगम्यता,अप्राप्यता
accessibility,unavailability,अभिगम्यता,अनुपलब्धता
accessible,inaccessible,पहुंच योग्य,पर पहुंच-योग्य
accessible,unaccessible,पहुंच योग्य,अस्वीकार्य
accidentally,advisedly,अकस्मात,समझबूझकर
accidentally,by choice,अकस्मात,मर्जी से
accidentally,by design,अकस्मात,डिजाइन द्वारा
accidentally,deliberately,अकस्मात,जान-बूझकर
accidentally,designedly,अकस्मात,जान-बूझकर
accidentally,intentionally,अकस्मात,जानबूझकर
accidentally,on purpose,अकस्मात,जान - बूझकर
accidentally,purposely,अकस्मात,जानबूझकर
acclaim,boo,एक्लेम,बू
acclaim,hiss,एक्लेम,फुफकार
acclivity,declension,चढ़ाना,अवनति
acclivity,declination,चढ़ाना,झुकाव
acclivity,decline,चढ़ाना,गिरावट
acclivity,declivity,चढ़ाना,ढार
acclivity,descent,चढ़ाना,चढ़ाई
acclivity,downslope,चढ़ाना,डाउडलोप
acclivity,fall,चढ़ाना,गिरना
accommodate,disoblige,समायोजित करना,अक्षम
accommodating,unaccommodating,मिलनसार,बिना सुविधा
accommodating,unobliging,मिलनसार,अनियंत्रित
accommodative,unaccommodating,उदार,बिना सुविधा
accommodative,unobliging,उदार,अनियंत्रित
accompanied,unaccompanied,के साथ,बिना साथी
accord,disagreement,एकॉर्ड,बहस
accord,dissension,एकॉर्ड,कलह
accord,dissonance,एकॉर्ड,मतभेद
accordant,discordant,देने,बेताल
accrual basis,cash basis,प्रोद्भवन आधार,नकद आधार
accuracy,inaccuracy,शुद्धता,अशुद्धता
accurate,inaccurate,शुद्ध,ग़लत
accurately,inaccurately,सही रूप में,गलत ढंग से
accusatorial,inquisitorial,अभियोजक,जिज्ञासु
accustomed,unaccustomed,आदी,अनभ्यस्त
acellular,cellular,अकोशिकीय,सेलुलर
acetify,alkalify,पीड़ा देना,क्षार बनाना
acetify,alkalise,पीड़ा देना,क्षारीय
acetify,alkalize,पीड़ा देना,क्षीण करना
acetify,basify,पीड़ा देना,जासूसी करना
acetify,dulcify,पीड़ा देना,मधुर करना
acetify,dulcorate,पीड़ा देना,मधुरता से
acetify,edulcorate,पीड़ा देना,गला घोंटना
acetify,sweeten,पीड़ा देना,मीठा
achiever,failure,अचीवर,असफलता
achiever,loser,अचीवर,परास्त
achiever,nonstarter,अचीवर,अखंड
achiever,unsuccessful person,अचीवर,असफल व्यक्ति
achlamydeous,chlamydeous,एक प्रकार का,क्लैमाइडस
achondritic,chondritic,एक प्रकार का,चोंड्रिटिक
achondritic,granular,एक प्रकार का,बारीक
achromatic,chromatic,बिना रंग का,रंगीन
achromatic color,chromatic color,आक्रोशिक रंग,रंगीन रंग
achromatic color,chromatic colour,आक्रोशिक रंग,रंगीन रंग
achromatic color,spectral color,आक्रोशिक रंग,वर्णक्रमीय रंग
achromatic color,spectral colour,आक्रोशिक रंग,वर्णक्रमीय रंग
achromatic colour,chromatic color,आक्रोशिक रंग,रंगीन रंग
achromatic colour,chromatic colour,आक्रोशिक रंग,रंगीन रंग
achromatic colour,spectral color,आक्रोशिक रंग,वर्णक्रमीय रंग
achromatic colour,spectral colour,आक्रोशिक रंग,वर्णक्रमीय रंग
achromaticity,color,अस्तित्व,रंग
achromaticity,coloring,अस्तित्व,रंग
achromaticity,colour,अस्तित्व,रंग
achromaticity,colouring,अस्तित्व,करते रंग
achromatinic,chromatinic,घनत्व संबंधी,क्रोमेटिनिक
achromatism,color,वर्णशून्य,रंग
achromatism,coloring,वर्णशून्य,रंग
achromatism,colour,वर्णशून्य,रंग
achromatism,colouring,वर्णशून्य,करते रंग
acid-loving,alkaline-loving,एसिड प्यार,क्षारीय
acidic,alkalic,अम्लीय,सोडे का
acidic,alkaline,अम्लीय,क्षारीय
acidic,amphiprotic,अम्लीय,उभय -संबंधी
acidic,amphoteric,अम्लीय,उभय -संबंधी
acidify,alkalify,अम्ल करना,क्षार बनाना
acidify,alkalise,अम्ल करना,क्षारीय
acidify,alkalize,अम्ल करना,क्षीण करना
acidify,basify,अम्ल करना,जासूसी करना
acidify,dulcify,अम्ल करना,मधुर करना
acidify,dulcorate,अम्ल करना,मधुरता से
acidify,edulcorate,अम्ल करना,गला घोंटना
acidify,sweeten,अम्ल करना,मीठा
acidity,alkalinity,अम्लता,क्षारीयता
acidulate,dulcify,फजीदार,मधुर करना
acidulate,dulcorate,फजीदार,मधुरता से
acidulate,edulcorate,फजीदार,गला घोंटना
acidulate,sweeten,फजीदार,मीठा
acknowledge,deny,स्वीकार करना,अस्वीकार करना
acknowledged,unacknowledged,स्वीकार किया,क्षुद्र
acquaintance,alien,जान-पहचान,विदेशी
acquaintance,stranger,जान-पहचान,अजनबी
acquaintance,unknown,जान-पहचान,अज्ञात
acquiesce,dissent,संतुष्ट होना,मतभेद
acquire,lose,अधिग्रहण करना,खोना
acquisitive,unacquisitive,प्राप्त करने की लालसावाला,बेकार
acquit,convict,बरी करना,मिद्धदोष अपराधी
acquittal,condemnation,दोषमुक्ति,निंदा
acquittal,conviction,दोषमुक्ति,दृढ़ विश्वास
acquittal,judgment of conviction,दोषमुक्ति,सजा का निर्णय
acquittal,sentence,दोषमुक्ति,वाक्य
acrocarp,pleurocarp,एकरोकार्प,प्लीउरोकार्प
acrocarp,pleurocarpous moss,एकरोकार्प,फुफ्फुसीय काई
acrocarpous,pleurocarpous,एक प्रकार का,फुफ्फुसीय
acrocarpous moss,pleurocarp,एक प्रकार का काई,प्लीउरोकार्प
acrocarpous moss,pleurocarpous moss,एक प्रकार का काई,फुफ्फुसीय काई
acropetal,basipetal,एक प्रकार का,basipetal
acroscopic,basiscopic,एक प्रकार का,मूल संकेंद्रण
act,forbear,कार्य,पूर्वज
act,refrain,कार्य,रोकना
actable,unactable,अभिनय करने योग्य,अविभाज्य
actinal,abactinal,एक प्रकार का,अयोग्य
actinomorphic,bilaterally symmetrical,एक्टिनोमोर्फिक,द्विपक्षीय रूप से सममितीय
actinomorphic,zygomorphic,एक्टिनोमोर्फिक,ज़ीगोमोर्फिक
actinomorphic,zygomorphous,एक्टिनोमोर्फिक,ज़ीगोमोर्फस
actinomorphous,bilaterally symmetrical,एक्टिनोमोर्फस,द्विपक्षीय रूप से सममितीय
actinomorphous,zygomorphic,एक्टिनोमोर्फस,ज़ीगोमोर्फिक
actinomorphous,zygomorphous,एक्टिनोमोर्फस,ज़ीगोमोर्फस
action,inaction,कार्रवाई,निष्क्रियता
action,inactiveness,कार्रवाई,सक्रिय निष्क्रियता
action,inactivity,कार्रवाई,निष्क्रियता
activate,deactivate,सक्रिय करना,निष्क्रिय करें
activate,inactivate,सक्रिय करना,निष्क्रिय
activation,deactivation,सक्रियण,क्रियाशीलता छोड़ना
activation,defusing,सक्रियण,को कम करने
activation,inactivation,सक्रियण,निष्क्रियता
activator,inhibitor,उत्प्रेरक,अवरोधक
active,dormant,सक्रिय,प्रसुप्त
active,extinct,सक्रिय,विलुप्त
active,inactive,सक्रिय,निष्क्रिय
active,passive,सक्रिय,निष्क्रिय
active,passive voice,सक्रिय,कर्मवाच्य
active,quiet,सक्रिय,शांत
active,stative,सक्रिय,सख्त
active trust,passive trust,सक्रिय विश्वास,पैसिव ट्रस्ट
active voice,passive,सक्रिय आवाज,निष्क्रिय
active voice,passive voice,सक्रिय आवाज,कर्मवाच्य
actively,passively,सक्रिय,निष्क्रिय
activeness,inaction,सक्रियता,निष्क्रियता
activeness,inactiveness,सक्रियता,सक्रिय निष्क्रियता
activeness,inactivity,सक्रियता,निष्क्रियता
activeness,inertia,सक्रियता,जड़ता
activity,inaction,गतिविधि,निष्क्रियता
activity,inactiveness,गतिविधि,सक्रिय निष्क्रियता
activity,inactivity,गतिविधि,निष्क्रियता
activity,inertia,गतिविधि,जड़ता
actual,possible,वास्तविक,संभव
actual,potential,वास्तविक,संभावना
actual sin,original sin,वास्तविक पाप,मूल पाप
acute,chronic,तीव्र,दीर्घकालिक
acute,obtuse,तीव्र,कुंठित
acutely,chronically,तीव्रता से,लंबे समय से
acuteness,obtuseness,तीक्ष्णता,जड़ता
acyclic,cyclic,अचक्रीय,चक्रीय
adaptability,unadaptability,अनुकूलन क्षमता,असंबद्धता
adaptable,unadaptable,अनुकूलनीय,पहुंच से बाहर का
adaptative,maladaptive,अनुकूली,कु-अनुकूलित
adaptive,maladaptive,अनुकूली,कु-अनुकूलित
adaxial,abaxial,अखिल,अछूता
adaxial,dorsal,अखिल,पृष्ठीय
adaxially,abaxially,अखंडता से,सुप्रीम
add,deduct,जोड़ना,काटना
add,subtract,जोड़ना,घटाना
add,take away,जोड़ना,ले लेना
add,take off,जोड़ना,उड़ान भरना
add,take out,जोड़ना,साथ ले जाएं
add together,deduct,एक साथ जोड़ें,काटना
add together,subtract,एक साथ जोड़ें,घटाना
add together,take off,एक साथ जोड़ें,उड़ान भरना
addicted,unaddicted,आदी,अचूक
addictive,nonaddictive,नशे की लत,अविभाज्य
addition,deduction,जोड़ना,कटौती
addition,subtraction,जोड़ना,घटाव
additive,nonlinear,additive,अरेखीय
additive,subtractive,additive,घटिया
addressed,unaddressed,संबोधित,बिना पते
adducent,abducent,लाना,अपकर्षिणी
adducent,abducting,लाना,भगा रहा है
adduct,abduct,अभिवर्तन,अपहरण
adducting,abducent,व्यसनी,अपकर्षिणी
adducting,abducting,व्यसनी,भगा रहा है
adductive,abducent,जोड़ा,अपकर्षिणी
adductive,abducting,जोड़ा,भगा रहा है
adequacy,deficiency,पर्याप्तता,कमी
adequacy,inadequacy,पर्याप्तता,अनुविता
adequacy,inadequateness,पर्याप्तता,अपर्याप्तता
adequacy,insufficiency,पर्याप्तता,कमी
adequate,inadequate,पर्याप्त,अपर्याप्त
adequate,unequal,पर्याप्त,असमान
adequately,inadequately,पर्याप्त रूप से,अपर्याप्त
adequateness,inadequacy,पर्याप्तता,अनुविता
adequateness,inadequateness,पर्याप्तता,अपर्याप्तता
adhesive,nonadhesive,गोंद,अखंड
adiabatic,diabatic,स्थिरोष्म,मधुमेह का
adience,abience,नक़ली,अयोग्यता
adient,abient,उपयुक्त,अयोग्य
adjective,essential,विशेषण,आवश्यक
adjective,substantive,विशेषण,मूल
adjust,skew,समायोजित करना,तिरछा करना
adjusted,maladjusted,समायोजित,असमान
adjusted,unadjusted,समायोजित,असमायोजित
admire,look down on,प्रशंसा करना,को तुच्छ समझना
admissibility,inadmissibility,स्वीकार्यता,अमान्यता
admissible,inadmissible,स्वीकायर्,अस्वीकार्य
admit,deny,स्वीकार करते हैं,अस्वीकार करना
admit,exclude,स्वीकार करते हैं,बाहर करना
admit,keep out,स्वीकार करते हैं,दूर रहो
admit,refuse,स्वीकार करते हैं,अस्वीकार करना
admit,reject,स्वीकार करते हैं,अस्वीकार करना
admit,shut,स्वीकार करते हैं,बंद
admit,shut out,स्वीकार करते हैं,निकाल देना
admit,turn away,स्वीकार करते हैं,लौटाना
admit,turn down,स्वीकार करते हैं,अस्वीकार करें
adnate,connate,adnate,जन्मज
adoptable,unadoptable,ग्रहणीय,अयोग्य
adopted,native,अपनाया,देशी
adoptive,biological,गोद लेने योग्य,जैविक
adoptive,native,गोद लेने योग्य,देशी
adorned,unadorned,विभूषित,अनलंकृत
adorned,undecorated,विभूषित,असज्जित
adroit,maladroit,निपुण,अनाड़ी
adroitly,maladroitly,मुस्तैदी से,अनाड़ी
adscript,inferior,विज्ञापन -पत्र,अवर
adscript,subscript,विज्ञापन -पत्र,सबस्क्रिप्ट
adscript,superior,विज्ञापन -पत्र,बेहतर
adscript,superscript,विज्ञापन -पत्र,ऊपर की ओर लिखा हुआ
adsorbable,absorbable,सोखने योग्य,अवशोषित
adsorbate,absorbable,सोखना,अवशोषित
adsorbent,nonadsorbent,पी लेनेवाला पदार्थ,नॉनडसोरबेंट
adsorbent,nonadsorptive,पी लेनेवाला पदार्थ,अखंड
adsorptive,nonadsorbent,सोखने का,नॉनडसोरबेंट
adsorptive,nonadsorptive,सोखने का,अखंड
adult,juvenile,वयस्क,किशोर
adult,juvenile person,वयस्क,किशोर व्यक्ति
adult female,adult male,वयस्क महिला,वयस्क पुरुष
adult female,man,वयस्क महिला,आदमी
adult male,adult female,वयस्क पुरुष,वयस्क महिला
adult male,woman,वयस्क पुरुष,महिला
adulterant,purifying,मिलावट,सफ़ाई
adulterating,purifying,मिलावट,सफ़ाई
advance,back,अग्रिम,पीछे
advance,break,अग्रिम,तोड़ना
advance,bump,अग्रिम,उभार
advance,demote,अग्रिम,अवनत
advance,draw back,अग्रिम,वापस आ जाना
advance,drop off,अग्रिम,बाहर निकलना
advance,fall back,अग्रिम,मैदान छोड़ना
advance,fall behind,अग्रिम,पिछड़ना
advance,kick downstairs,अग्रिम,नीचे किक करना
advance,lose,अग्रिम,खोना
advance,move back,अग्रिम,वापस जाना
advance,pull away,अग्रिम,दूर करना
advance,pull back,अग्रिम,ठहराना
advance,recede,अग्रिम,दूर जाना
advance,regress,अग्रिम,निकासी
advance,relegate,अग्रिम,बाहर निकाल देना
advance,retire,अग्रिम,रिटायर
advance,retreat,अग्रिम,पीछे हटना
advance,retrograde,अग्रिम,पतित
advance,retrogress,अग्रिम,पतन में होना
advance,withdraw,अग्रिम,निकालना
advancement,retreat,उन्नति,पीछे हटना
advantage,disadvantage,फ़ायदा,नुकसान
advantage,disfavor,फ़ायदा,विराग
advantage,disfavour,फ़ायदा,अनादर
advantage,penalty,फ़ायदा,जुर्माना
advantageous,disadvantageous,लाभदायक,हानिकर
advantageously,badly,फ़ायदेमंद,बुरी तरह से
advantageously,disadvantageously,फ़ायदेमंद,असुविधापूर्वक
advantageousness,unfavorableness,लाभप्रदता,प्रतिकूलता
advantageousness,unfavourableness,लाभप्रदता,अपरिचितता
adventuresome,unadventurous,हिम्मतवाला,अनियंत्रित
adventurous,unadventurous,साहसी,अनियंत्रित
adversary,agonist,वैरी,एगोनिस्ट
advertently,inadvertently,विज्ञापन से,अनजान
advertently,unknowingly,विज्ञापन से,अनजाने में
advertently,unmindfully,विज्ञापन से,बेमिसाल से
advertently,unwittingly,विज्ञापन से,बेइरादा
advisability,inadvisability,औचित्य,अविभाज्यता
advisable,inadvisable,उचित,बेअदब
advisable,unadvisable,उचित,अनियंत्रित
advised,ill-advised,सलाह दी,मूर्ख
advised,unadvised,सलाह दी,अस्वीकरणीय
advisedly,accidentally,समझबूझकर,अकस्मात
advisedly,by chance,समझबूझकर,संयोगवश
advisedly,circumstantially,समझबूझकर,ब्योरे से
advisedly,unexpectedly,समझबूझकर,अप्रत्याशित रूप से
advisedly,unintentionally,समझबूझकर,अनजाने
adynamic,dynamic,वंश -संबंधी,गतिशील
adynamic,dynamical,वंश -संबंधी,गतिरोध संबंधी
aerobic,anaerobic,वायु -संबंधी,अवायवीय
aerobic,anaerobiotic,वायु -संबंधी,एनारोबायोटिक
aerophilic,anaerobic,वायु -संबंधी,अवायवीय
aerophilic,anaerobiotic,वायु -संबंधी,एनारोबायोटिक
aerophilous,anaerobic,वायु -संबंधी,अवायवीय
aerophilous,anaerobiotic,वायु -संबंधी,एनारोबायोटिक
aesthesia,insensibility,सौंदर्यशास्त्र,असंवेदनशीलता
aesthetic,inaesthetic,सौंदर्य संबंधी,अयोग्य
aesthetic,unaesthetic,सौंदर्य संबंधी,असंबद्ध
aesthetical,inaesthetic,aesthetical,अयोग्य
aesthetical,unaesthetic,aesthetical,असंबद्ध
aestivate,hibernate,सौंदर्य करना,सीतनिद्रा में होना
aestivate,hole up,सौंदर्य करना,छेद करो
afebrile,febrile,बुखार नहीं,ज्वर-संबंधी
afebrile,feverish,बुखार नहीं,बुख़ारवाला
affected,unaffected,प्रभावित,अप्रभावित
affected,unmoved,प्रभावित,स्थिर
affected,untouched,प्रभावित,अछूता
affectedness,unaffectedness,प्रभावितता,अप्रभावितता
afferent,efferent,केंद्र पर पहुंचानेवाला,केंद्रत्यागी
afferent,motorial,केंद्र पर पहुंचानेवाला,मोटरसीन
affinity,blood kinship,आत्मीयता,रक्त में
affinity,cognation,आत्मीयता,संज्ञान
affinity,consanguinity,आत्मीयता,रक्तसंबंध
affirm,contradict,वाणी,खंडन
affirm,negate,वाणी,निगेट
affirmation,reversal,प्रतिज्ञान,उलटफेर करना
affirmative,negative,सकारात्मक,नकारात्मक
affirmatory,negative,पुष्टिकरण,नकारात्मक
affixed,loose,चिपका हुआ,ढीला
affixed,unaffixed,चिपका हुआ,अप्रभावित
affluent,distributary,धनी,शाखा
afloat,aground,बचाए,टिका हुआ
afraid,fearless,डरना,निडर
afraid,unafraid,डरना,अभीत
aft,fore,पिछाड़ी,आगे का
aft,forward,पिछाड़ी,आगे
against the wind,downwind,हवा के खिलाफ,हवा के साथ
age,rejuvenate,आयु,फिर से युवा करना
aged,young,वृद्ध,युवा
aged,youth,वृद्ध,युवा
aggrade,degrade,उत्तेजना,नीचा
aggravate,ameliorate,छेड़ना,उन्नति
aggravate,amend,छेड़ना,सुधार करना
aggravate,better,छेड़ना,बेहतर
aggravate,improve,छेड़ना,सुधार
aggravate,meliorate,छेड़ना,कृषि योग्य बनाना
aggressive,nonaggressive,आक्रामक,नॉन -साइक्लिंग
aggressive,unaggressive,आक्रामक,उकसाना
agitate,calm,आंदोलन,शांत
agitate,calm down,आंदोलन,शांत हो
agitate,lull,आंदोलन,शांति काल
agitate,quiet,आंदोलन,शांत
agitate,quieten,आंदोलन,शांत होना
agitate,still,आंदोलन,फिर भी
agitate,tranquilize,आंदोलन,शांत होना
agitate,tranquillise,आंदोलन,शांत करना
agitate,tranquillize,आंदोलन,तसल्ली देना
agitated,unagitated,उत्तेजित,असंबद्ध
agitation,calmness,घबराहट,शांति
agnostic,gnostic,अज्ञेयवाद का,शान-संबंधी
agnostical,gnostic,अज्ञेय संबंधी,शान-संबंधी
agonist,adversary,एगोनिस्ट,वैरी
agonist,antagonist,एगोनिस्ट,प्रतिपक्षी
agonist,opponent,एगोनिस्ट,प्रतिद्वंद्वी
agonist,opposer,एगोनिस्ट,का विरोध
agonist,resister,एगोनिस्ट,अवरोध
agree,differ,सहमत,अलग होना
agree,disaccord,सहमत,अयुक्त
agree,disagree,सहमत,असहमत
agree,discord,सहमत,कलह
agree,dissent,सहमत,मतभेद
agree,take issue,सहमत,तर्क करना
agreeability,disagreeableness,सहमति,असहमति
agreeable,disagreeable,सहमत,अप्रिय
agreeableness,disagreeableness,सहमतता,असहमति
agreeably,disagreeably,चाव से,असहमति से
agreeably,unpleasantly,चाव से,नाखुशगवार
agreement,disagreement,समझौता,बहस
agreement,dissension,समझौता,कलह
agreement,dissonance,समझौता,मतभेद
aground,afloat,टिका हुआ,बचाए
ahead,back,आगे,पीछे
ahead,backward,आगे,पिछड़ा
ahead of time,belatedly,समय से पहले,देर से ही सही
ahead of time,late,समय से पहले,देर
ahead of time,tardily,समय से पहले,यिलंबपूर्वक
ahistorical,historical,अनैतिहासिक,ऐतिहासिक
aided,unassisted,एडेड,बेबस
aimlessness,purposefulness,लक्ष्यहीनता,निरुउद्देश्यता
aimlessness,sense of purpose,लक्ष्यहीनता,उद्देश्य की भावना
air mail,surface mail,वायु -मेल,सतह मेल
air-to-air,air-to-ground,एयर टू एयर,हवा से जमीन
air-to-air,air-to-surface,एयर टू एयर,हवा से सतह
air-to-air,surface-to-air,एयर टू एयर,भूतल टू एयर
air-to-ground,air-to-air,हवा से जमीन,एयर टू एयर
air-to-ground,surface-to-air,हवा से जमीन,भूतल टू एयर
air-to-surface,air-to-air,हवा से सतह,एयर टू एयर
air-to-surface,surface-to-air,हवा से सतह,भूतल टू एयर
airworthy,unairworthy,उड़ने योग्य,अनभिज्ञ
alarming,unalarming,खतरनाक,अनभिज्ञ
alas,as luck would have it,हाय,जैसा कि भाग्य होगा
alas,fortuitously,हाय,अनायास
alas,fortunately,हाय,सौभाग्य से
alas,luckily,हाय,सौभाग्य से
alcoholic,nonalcoholic,मादक,गैर - मादक
alert,unalert,चेतावनी,अनजान
alert,unvigilant,चेतावनी,अनिच्छुक
alert,unwatchful,चेतावनी,अयोग्य
alfresco,indoors,खुली हवा में,घर के अंदर
alfresco,inside,खुली हवा में,अंदर
algorithmic,heuristic,एल्गोरिथम,अनुमानी
alien,acquaintance,विदेशी,जान-पहचान
alien,citizen,विदेशी,नागरिक
alien,friend,विदेशी,दोस्त
alienable,inalienable,बदलने के योग्य,अविच्छेद्य
alienable,unalienable,बदलने के योग्य,अहस्तांतरणीय
align,skew,संरेखित,तिरछा करना
aligned,nonaligned,गठबंधन,गुट निरपेक्ष
alignment,nonalignment,संरेखण,अखंड
alignment,nonalinement,संरेखण,मठवासिनी
alike,dissimilar,समान रूप से,भिन्न
alike,unalike,समान रूप से,अनलिक
alikeness,dissimilitude,घातकता,विभिन्नता
alikeness,unlikeness,घातकता,अनैतिकता
aline,skew,पंक्ति में करना,तिरछा करना
alinement,nonalignment,अदल-बदल कर,अखंड
alinement,nonalinement,अदल-बदल कर,मठवासिनी
aliquant,aliquot,कुछ हद तक,विभाज्य
aliquant,aliquot part,कुछ हद तक,विभाज्य भाग
aliquant part,aliquot,कुछ हिस्सा,विभाज्य
aliquant part,aliquot part,कुछ हिस्सा,विभाज्य भाग
aliquot,aliquant,विभाज्य,कुछ हद तक
aliquot,aliquant part,विभाज्य,कुछ हिस्सा
aliquot part,aliquant,विभाज्य भाग,कुछ हद तक
aliquot part,aliquant part,विभाज्य भाग,कुछ हिस्सा
alive,dead,जीवित,मृत
alive,unanimated,जीवित,सर्वसम्मति से
aliveness,inanimateness,जीवंतता,अविभाज्यता
aliveness,lifelessness,जीवंतता,बेजान
alkalic,acidic,सोडे का,अम्लीय
alkalic,amphiprotic,सोडे का,उभय -संबंधी
alkalic,amphoteric,सोडे का,उभय -संबंधी
alkalify,acetify,क्षार बनाना,पीड़ा देना
alkalify,acidify,क्षार बनाना,अम्ल करना
alkaline,acidic,क्षारीय,अम्लीय
alkaline,amphiprotic,क्षारीय,उभय -संबंधी
alkaline,amphoteric,क्षारीय,उभय -संबंधी
alkaline-loving,acid-loving,क्षारीय,एसिड प्यार
alkalinity,acidity,क्षारीयता,अम्लता
alkalise,acetify,क्षारीय,पीड़ा देना
alkalise,acidify,क्षारीय,अम्ल करना
alkalize,acetify,क्षीण करना,पीड़ा देना
alkalize,acidify,क्षीण करना,अम्ल करना
all,nothing,सभी,कुछ नहीं
all,part,सभी,भाग
all,partially,सभी,आंशिक रूप से
all,partly,सभी,आंशिक रूप में
all,some,सभी,कुछ
alliance,nonalignment,गठबंधन,अखंड
alliance,nonalinement,गठबंधन,मठवासिनी
allochthonous,autochthonous,अलोचथोनस,मूल निवासी
allogamy,autogamy,आकर्षक,स्वैच्छिक
allogeneic,xenogeneic,अनुवांशिक रूप से भिन्न,ज़ेनोजेनिअसिक
allopathic,homeopathic,एलोपैथिक,समाचिकित्सा का
allopathy,homeopathy,सभी,होम्योपैथी
allopathy,homoeopathy,सभी,होम्योपैथी
allopatric,sympatric,एलोपेट्रिक,समपैतृक
allopatry,sympatry,आवास,सहानुभूति
allow,deny,अनुमति दें,अस्वीकार करना
allow,disallow,अनुमति दें,अनुमति न दें
allow,forbid,अनुमति दें,ना करे
allow,interdict,अनुमति दें,पाबंदी
allow,keep,अनुमति दें,रखना
allow,nix,अनुमति दें,सिफ़र
allow,prevent,अनुमति दें,रोकना
allow,prohibit,अनुमति दें,निषेध
allow,proscribe,अनुमति दें,देश से निकालना
allow,refuse,अनुमति दें,अस्वीकार करना
allow,veto,अनुमति दें,वीटो
allow in,refuse,होने दो,अस्वीकार करना
allow in,reject,होने दो,अस्वीकार करना
allow in,turn away,होने दो,लौटाना
allow in,turn down,होने दो,अस्वीकार करें
allowable,impermissible,स्वीकार्य,नाजायज
allowably,impermissibly,अचूक रूप से,अपूर्णता से
ally,enemy,मित्र,दुश्मन
ally,foe,मित्र,दुश्मन
aloud,quietly,जोर,चुपचाप
aloud,softly,जोर,नरमी से
alphabetic,analphabetic,वर्णानुक्रमक,एनालफैबेटिक
alphabetical,analphabetic,वर्णमाला,एनालफैबेटिक
also-ran,victor,भी दौड़ा,विजेता
also-ran,winner,भी दौड़ा,विजेता
alterability,unalterability,परिवर्तनीयता,अयोग्यता
alterable,inalterable,परिवर्तन के योग्य,निरंतर
alterable,unalterable,परिवर्तन के योग्य,निरंतर
altered,unaltered,बदल,स्थिर
altered,unchanged,बदल,अपरिवर्तित
alternate,opposite,वैकल्पिक,विलोम
alternate,paired,वैकल्पिक,बनती
alternating,direct,अदल-बदल कर,प्रत्यक्ष
alternating current,DC,प्रत्यावर्ती धारा,डीसी
alternating current,direct current,प्रत्यावर्ती धारा,एकदिश धारा
alternating current,direct electric current,प्रत्यावर्ती धारा,प्रत्यक्ष विद्युत धारा
alternating electric current,DC,वैकल्पिक विद्युत प्रवाह,डीसी
alternating electric current,direct current,वैकल्पिक विद्युत प्रवाह,एकदिश धारा
alternating electric current,direct electric current,वैकल्पिक विद्युत प्रवाह,प्रत्यक्ष विद्युत धारा
alto relievo,bas relief,अल्टो रेलीवो,आधार राहत
alto relievo,basso relievo,अल्टो रेलीवो,कम प्रासंगिकता
alto relievo,basso rilievo,अल्टो रेलीवो,कम राहत
alto relievo,low relief,अल्टो रेलीवो,कम राहत
alto rilievo,bas relief,उच्च राहत,आधार राहत
alto rilievo,basso relievo,उच्च राहत,कम प्रासंगिकता
alto rilievo,basso rilievo,उच्च राहत,कम राहत
alto rilievo,low relief,उच्च राहत,कम राहत
altogether,part,कुल मिलाकर,भाग
altogether,partially,कुल मिलाकर,आंशिक रूप से
altogether,partly,कुल मिलाकर,आंशिक रूप में
altricial,precocial,परोपकारी,पूर्वानुक्रमिक
altruism,egocentrism,दूसरों का उपकार करने का सिद्धान्त,अहंकारवाद
altruism,egoism,दूसरों का उपकार करने का सिद्धान्त,अहंभाव
altruism,self-centeredness,दूसरों का उपकार करने का सिद्धान्त,स्वयं centeredness
altruism,self-concern,दूसरों का उपकार करने का सिद्धान्त,आत्म चिंता
altruism,self-interest,दूसरों का उपकार करने का सिद्धान्त,लोभ
altruistic,egocentric,परोपकारी,अहंकारपूर्ण
altruistic,egoistic,परोपकारी,अहंमानी
altruistic,egoistical,परोपकारी,अहंकारी
altruistic,self-centered,परोपकारी,आत्मनिर्णय
altruistic,self-centred,परोपकारी,क़ुदग़रज़ी
always,ne'er,हमेशा,नेक
always,never,हमेशा,कभी नहीं
amateur,pro,शौकिया,मुरझाना
amateur,professional,शौकिया,पेशेवर
amateurishly,expertly,शौकिया,विशेषज्ञ रूप
amateurishly,like an expert,शौकिया,एक विशेषज्ञ की तरह
ambidextrous,left-handed,कपटी,बाएं हाथ से काम करने वाला
ambidextrous,right-handed,कपटी,दांए हाथ से काम करने वाला
ambiguity,unambiguity,अस्पष्टता,असंबद्धता
ambiguity,unequivocalness,अस्पष्टता,असमानता
ambiguous,unambiguous,अस्पष्ट,स्पष्ट
ambiguous,unequivocal,अस्पष्ट,स्पष्ट
ambiguous,univocal,अस्पष्ट,एक प्रकार का
ambiguously,unambiguously,अस्पष्ट,स्पष्ट रूप से
ambiguously,unequivocally,अस्पष्ट,स्पष्ट
ambitionless,ambitious,महत्वहीन,महत्वाकांक्षी
ambitious,ambitionless,महत्वाकांक्षी,महत्वहीन
ambitious,unambitious,महत्वाकांक्षी,असंबद्ध
ambitiously,unambitiously,महत्वाकांक्षा,असंबद्धता से
ambiversion,extraversion,अमानवीयता,बहिर्मुखता
ambiversion,extroversion,अमानवीयता,बहिष्कार
ambiversion,introversion,अमानवीयता,अंतर्मुखता
ambiversive,extraversive,अम्बुवर्सिव,अतिरिक्त
ambiversive,extroversive,अम्बुवर्सिव,बहिर्गमन
ambiversive,introversive,अम्बुवर्सिव,अंतर्विरोधीय
ambiversive,introvertive,अम्बुवर्सिव,अंतर्मुखी
ameliorate,aggravate,उन्नति,छेड़ना
ameliorate,decline,उन्नति,गिरावट
ameliorate,exacerbate,उन्नति,ख़राब करना
ameliorate,exasperate,उन्नति,चिढ़ाना
ameliorate,worsen,उन्नति,खराब
amend,aggravate,सुधार करना,छेड़ना
amend,exacerbate,सुधार करना,ख़राब करना
amend,exasperate,सुधार करना,चिढ़ाना
amend,worsen,सुधार करना,खराब
amended,unamended,संशोधन,बेकार
amenity,disagreeableness,सुख-सुविधा,असहमति
ametabolic,metabolic,अमेतर,चयापचय
ametabolic,metabolous,अमेतर,चयापचय
ametabolous,metabolic,अमीरी,चयापचय
ametabolous,metabolous,अमीरी,चयापचय
ametropic,emmetropic,अमेटिक,एक प्रकार का
amiability,distemper,सुशीलता,एक प्रकार का रंग
amiability,ill humor,सुशीलता,असभ्य हास्य
amiability,ill humour,सुशीलता,असभ्य हास्य
amicable,hostile,मैत्रीपूर्ण,शत्रुतापूर्ण
amiss,perfectly,अनुचित,पूरी तरह से
amorally,morally,मनमोहक रूप से,नैतिक रूप से
amorally,virtuously,मनमोहक रूप से,नेकी
amphibious,aquatic,द्विधा गतिवाला,जलीय
amphibious,terrestrial,द्विधा गतिवाला,लौकिक
amphiprotic,acidic,उभय -संबंधी,अम्लीय
amphiprotic,alkalic,उभय -संबंधी,सोडे का
amphiprotic,alkaline,उभय -संबंधी,क्षारीय
amphitropous,anatropous,एक प्रकार का,अनियंत्रित
amphitropous,inverted,एक प्रकार का,उल्टे
amphoteric,acidic,उभय -संबंधी,अम्लीय
amphoteric,alkalic,उभय -संबंधी,सोडे का
amphoteric,alkaline,उभय -संबंधी,क्षारीय
ample,meager,प्रचुर,अल्प
ample,meagerly,प्रचुर,बहुत
ample,meagre,प्रचुर,अल्प
ample,scrimpy,प्रचुर,नाकाफी
ample,stingy,प्रचुर,कंजूस
amplify,downplay,बढ़ाना,नीचे गिरना
amplify,minimise,बढ़ाना,छोटा करना
amplify,minimize,बढ़ाना,छोटा करना
amplify,understate,बढ़ाना,परदा डालना
amply,meagerly,जिसकी पर्याप्त,बहुत
amply,meagrely,जिसकी पर्याप्त,बहुत
amply,slenderly,जिसकी पर्याप्त,फुहार से
amply,sparingly,जिसकी पर्याप्त,किफ़ायत से
amyotonia,tone,अमीनोटोनिया,टोन
amyotonia,tonicity,अमीनोटोनिया,"सुर, शक्तिप्रदता"
amyotonia,tonus,अमीनोटोनिया,टन
anabatic,catabatic,एक प्रकार का,अपचनीय
anabatic,katabatic,एक प्रकार का,अधोगामी
anabolic,catabolic,उपचय,अपचयी
anabolic,katabolic,उपचय,कैटाबोलिक
anabolism,catabolism,उपसर्ग,अपच
anabolism,destructive metabolism,उपसर्ग,विनाशकारी चयापचय
anabolism,dissimilation,उपसर्ग,भेद
anabolism,katabolism,उपसर्ग,अपच
anaclinal,cataclinal,सन्निहित,कैटाक्लिनल
anadromous,catadromous,anadromous,कैटड्रोमस
anadromous,diadromous,anadromous,डायरस
anaerobic,aerobic,अवायवीय,वायु -संबंधी
anaerobic,aerophilic,अवायवीय,वायु -संबंधी
anaerobic,aerophilous,अवायवीय,वायु -संबंधी
anaerobiotic,aerobic,एनारोबायोटिक,वायु -संबंधी
anaerobiotic,aerophilic,एनारोबायोटिक,वायु -संबंधी
anaerobiotic,aerophilous,एनारोबायोटिक,वायु -संबंधी
anaesthetise,bring around,चतनाशून्य करना,इधर -उधर करना
anaesthetise,bring back,चतनाशून्य करना,वापस लाना
anaesthetise,bring round,चतनाशून्य करना,मना लेना
anaesthetise,bring to,चतनाशून्य करना,को लाना
anaesthetize,bring around,चतनाशून्य करना,इधर -उधर करना
anaesthetize,bring back,चतनाशून्य करना,वापस लाना
anaesthetize,bring round,चतनाशून्य करना,मना लेना
anaesthetize,bring to,चतनाशून्य करना,को लाना
anal,oral,गुदा,मौखिक
anal retentive,oral,गुदा प्रतिशोधी,मौखिक
analog,digital,अनुरूप,डिजिटल
analogous,heterologic,अनुरूप,हेटेरोलॉजिकल
analogous,heterological,अनुरूप,विषमलैंगिक
analogous,heterologous,अनुरूप,heterologous
analogous,homologous,अनुरूप,मुताबिक़
analogue,digital,अनुरूप,डिजिटल
analogy,apophatism,समानता,चंचलता
analogy,cataphatism,समानता,कैटफैटिज़्म
analphabetic,alphabetic,एनालफैबेटिक,वर्णानुक्रमक
analphabetic,alphabetical,एनालफैबेटिक,वर्णमाला
analphabetism,literacy,एनालफैबेटिज़्म,साक्षरता
analyse,synthesise,विश्लेषण करना,संश्लेषण
analyse,synthesize,विश्लेषण करना,synthesize
analysis,synthesis,विश्लेषण,संश्लेषण
analysis,synthetic thinking,विश्लेषण,सिंथेटिक सोच
analytic,synthetic,विश्लेषणात्मक,कृत्रिम
analytic,synthetical,विश्लेषणात्मक,कृत्रिम
analytic thinking,synthesis,विश्लेषणात्मक सोच,संश्लेषण
analytic thinking,synthetic thinking,विश्लेषणात्मक सोच,सिंथेटिक सोच
analytical,synthetic,विश्लेषणात्मक,कृत्रिम
analytical,synthetical,विश्लेषणात्मक,कृत्रिम
analyze,synthesise,विश्लेषण करना,संश्लेषण
analyze,synthesize,विश्लेषण करना,synthesize
analyzed,unanalyzed,विश्लेषण,अनहोनी
anamorphism,katamorphism,सताना,कैटामोर्फिज़्म
anaphrodisia,aphrodisia,निन्द्रता,वंशावली
anaphrodisiac,aphrodisiac,अनैतिकता,कामोद्दीपक
anaphrodisiac,aphrodisiacal,अनैतिकता,कामुकतापूर्ण
anaphrodisiac,sexy,अनैतिकता,सेक्सी
anapsid,diapsid,एक झपकी,डापस
anapsid,diapsid reptile,एक झपकी,सरीसृप के लिए डाइप्स
anapsid reptile,diapsid,सरीसृप के लिए apaps,डापस
anapsid reptile,diapsid reptile,सरीसृप के लिए apaps,सरीसृप के लिए डाइप्स
anastalsis,peristalsis,अनस्टलसिस,पेरिस्टलसिसिस
anastalsis,vermiculation,अनस्टलसिस,सिंदूर
anastigmatic,astigmatic,शत्रुतापूर्ण,विदृष्टिक
anathemise,bless,गरना,आशीर्वाद
anathemize,bless,गुमराह करना,आशीर्वाद
anatropous,amphitropous,अनियंत्रित,एक प्रकार का
ancestor,descendant,पूर्वज,वंशज
ancestor,descendent,पूर्वज,वंशज
androgynous,female,उभयलिंगी,महिला
androgynous,male,उभयलिंगी,पुरुष
anemophilous,entomophilous,सशक्त,कीटपरागीय
anesthetise,bring around,चतनाशून्य करना,इधर -उधर करना
anesthetise,bring back,चतनाशून्य करना,वापस लाना
anesthetise,bring round,चतनाशून्य करना,मना लेना
anesthetise,bring to,चतनाशून्य करना,को लाना
anesthetize,bring around,चतनाशून्य करना,इधर -उधर करना
anesthetize,bring back,चतनाशून्य करना,वापस लाना
anesthetize,bring round,चतनाशून्य करना,मना लेना
anesthetize,bring to,चतनाशून्य करना,को लाना
anestrous,estrous,एक प्रकार का,गला घोंटने वाला
anestrum,estrus,एक प्रकार का होना,मद
anestrum,heat,एक प्रकार का होना,गर्मी
anestrum,oestrus,एक प्रकार का होना,गोमक्खी
anestrum,rut,एक प्रकार का होना,लीक
anestrus,estrus,एक प्रकार का,मद
anestrus,heat,एक प्रकार का,गर्मी
anestrus,oestrus,एक प्रकार का,गोमक्खी
anestrus,rut,एक प्रकार का,लीक
angry,unangry,गुस्सा,असभ्य
angry,calm,गुस्सैल,शांत
angular,rounded,कोणीय,गोल
angularity,roundness,कोण की स्थिति,गोलाई
angulate,rounded,कोण,गोल
anhydrous,hydrated,निर्जल,हाइड्रेटेड
anhydrous,hydrous,निर्जल,जलीय
animate,blunt,चेतन,कुंद
animate,deaden,चेतन,मृत
animate,inanimate,चेतन,अचेतन
animate,insensate,चेतन,बेहोश
animate,insentient,चेतन,बेसुध
animate,non-living,चेतन,अजीवित
animate,nonliving,चेतन,अजीवित
animated,unanimated,एनिमेटेड,सर्वसम्मति से
animateness,inanimateness,अनमोलता,अविभाज्यता
animateness,lifelessness,अनमोलता,बेजान
anionic,cationic,ऋणात्मक,धनायनित
anisotropic,isotropic,एनिस्ट्रोपिक,समदैशिक
anisotropic,isotropous,एनिस्ट्रोपिक,आइसोट्रोपस
anisotropy,isotropy,असमदिग्वर्ती होने की दशा,आइसोट्रॉपी
anisotropy,symmetry,असमदिग्वर्ती होने की दशा,समरूपता
annual,biennial,वार्षिक,द्विवाषिक
annual,perennial,वार्षिक,चिरस्थायी
annual,two-year,वार्षिक,दो साल का
annul,formalise,अन्त करना,सजाना
annul,formalize,अन्त करना,सजाना
annul,validate,अन्त करना,मान्य
anodal,cathodic,anodal,कैथोडिक
anode,cathode,एनोड,कैथोड
anodic,cathodic,एनोडिक,कैथोडिक
anoestrum,estrus,वंशावली,मद
anoestrum,heat,वंशावली,गर्मी
anoestrum,oestrus,वंशावली,गोमक्खी
anoestrum,rut,वंशावली,लीक
anoestrus,estrus,एक प्रकार का,मद
anoestrus,heat,एक प्रकार का,गर्मी
anoestrus,oestrus,एक प्रकार का,गोमक्खी
anoestrus,rut,एक प्रकार का,लीक
anon.,onymous,एनोन।,ओनिमस
anonymous,onymous,गुमनाम,ओनिमस
anorthic,monoclinic,एक प्रकार का,मोनोक्लिनिनिक
anovulation,ovulation,एनोवुलाज़ेशन,ovulation
answer,enquiry,उत्तर,जाँच करना
answer,inquiry,उत्तर,जाँच करना
answer,interrogation,उत्तर,पूछताछ
answer,query,उत्तर,सवाल
answer,question,उत्तर,सवाल
antagonist,agonist,प्रतिपक्षी,एगोनिस्ट
antagonist,synergist,प्रतिपक्षी,सहकारितावादी
antagonistic,conciliative,विरोधी,सम्‍मिलित
antagonistic,conciliatory,विरोधी,मिलाप करनेवाला
antagonistic,interactive,विरोधी,इंटरएक्टिव
antagonistic,synergistic,विरोधी,सहक्रियात्मक
antapex,apex,एंटीपैक्स,एपेक्स
antapex,apex of the sun's way,एंटीपैक्स,सूर्य के रास्ते का शीर्ष
antapex,solar apex,एंटीपैक्स,सोलर एपेक्स
ante up,default,अपहरण करना,गलती करना
ante up,default on,अपहरण करना,पर डिफ़ॉल्ट करें
antecede,follow,के पिछले,अनुसरण करना
antecede,postdate,के पिछले,पोस्ट करने की तारीख
antecedence,posteriority,पूर्वत्व,पीछे की ओर
antecedence,subsequence,पूर्वत्व,परिणाम को
antecedence,subsequentness,पूर्वत्व,बाद में
antecedency,posteriority,पूर्वानुमान,पीछे की ओर
antecedency,subsequence,पूर्वानुमान,परिणाम को
antecedency,subsequentness,पूर्वानुमान,बाद में
antecedent,descendant,पूर्वपद,वंशज
antecedent,descendent,पूर्वपद,वंशज
antecedent,subsequent,पूर्वपद,बाद का
antedate,follow,गर्भवती,अनुसरण करना
antedate,postdate,गर्भवती,पोस्ट करने की तारीख
antemeridian,postmeridian,प्रतिपक्षीय,पोस्टमेरिडियन
antemortem,postmortal,मृत्युपूर्व,पोस्टमॉर्टल
antemortem,postmortem,मृत्युपूर्व,शवपरीक्षा
antenatal,perinatal,उत्पत्ति के पूर्व का,पेरिनेटल
antenatal,postnatal,उत्पत्ति के पूर्व का,प्रसव के बाद का
antenatal,postpartum,उत्पत्ति के पूर्व का,प्रसवोत्तर
antenuptial,postnuptial,विवाह से पूर्व होनेवाला,उत्तर -संबंधी
antepartum,perinatal,प्रसव पूर्व,पेरिनेटल
antepartum,postnatal,प्रसव पूर्व,प्रसव के बाद का
antepartum,postpartum,प्रसव पूर्व,प्रसवोत्तर
anterior,posterior,पूर्वकाल का,पीछे
anteriority,posteriority,पूर्वकाल,पीछे की ओर
anteriority,subsequence,पूर्वकाल,परिणाम को
anteriority,subsequentness,पूर्वकाल,बाद में
anterograde,retrograde,अग्रगामी,पतित
anti,pro,एंटी,मुरझाना
anti-American,pro-American,अमेरिका विरोधी,समर्थक अमेरिकी
anticatalyst,accelerator,रोग -संबंधी,त्वरक
anticatalyst,catalyst,रोग -संबंधी,उत्प्रेरक
anticholinergic,cholinergic,कोलीनधर्मरोधी,कोलीनर्जिक
anticlimactic,climactic,anticlimactic,चरम
anticlinal,synclinal,एंटीकलाइन,सिनक्लिन
anticlockwise,clockwise,वामा व्रत,दक्षिणावर्त
anticyclone,cyclone,प्रतिचक्रवात,चक्रवात
antimagnetic,magnetic,एंटीमैग्नेटिक,चुंबकीय
antimagnetic,magnetised,एंटीमैग्नेटिक,चुंबकित
antimagnetic,magnetized,एंटीमैग्नेटिक,चुंबकीय
antinode,node,एंटिनोड,नोड
antipyretic,pyretic,ज्वर हटानेवाल,ज्वरनाशक
antiseptic,infected,एंटीसेप्टिक,संक्रमित
antiseptic,septic,एंटीसेप्टिक,विषाक्त
antitype,type,प्रतिरूप,प्रकार
antonym,equivalent word,विलोम,समतुल्य शब्द
antonym,synonym,विलोम,समानार्थी शब्द
antonymous,synonymous,अनिच्छुक,पर्याय
antrorse,retrorse,नक़ल,पीछे हटाना
apace,tardily,झटपट,यिलंबपूर्वक
aperiodic,periodic,अनावधिक,आवधिक
aperiodic,periodical,अनावधिक,नियत कालीन
apetalous,petaled,चंचल,पंखुड़ीदार
apetalous,petalled,चंचल,सदल
apetalous,petalous,चंचल,पंखुड़ी
apex,antapex,एपेक्स,एंटीपैक्स
apex of the sun's way,antapex,सूर्य के रास्ते का शीर्ष,एंटीपैक्स
aphelion,perihelion,एक प्रकार का,सूर्य समीपक
aphrodisia,anaphrodisia,वंशावली,निन्द्रता
aphrodisiac,anaphrodisiac,कामोद्दीपक,अनैतिकता
aphrodisiacal,anaphrodisiac,अमृत,अनैतिकता
aplacental,placental,अयोग्य,अपरा
apoapsis,periapsis,शरारत,पेरियाप्सिस
apoapsis,point of periapsis,शरारत,पेरिआप्सिस -प्वाइंट
apocarpous,syncarpous,अपकार,समन्वित
apocrine,eccrine,शिखरस्रावी,एक प्रकार का
apogee,perigee,पराकाष्ठा,भू-समीपक
apojove,perijove,अपोजोव,पेरिओक
apologetic,unapologetic,क्षमाशील,अयोग्य
apolune,perilune,अपोल्यून,हथियारों
apolune,periselene,अपोल्यून,पेरिसेलीन
apophatism,analogy,चंचलता,समानता
apophatism,cataphatism,चंचलता,कैटफैटिज़्म
apophatism,doctrine of analogy,चंचलता,सादृश्यता का सिद्धांत
aposelene,perilune,अपोसेलीन,हथियारों
aposelene,periselene,अपोसेलीन,पेरिसेलीन
apparel,discase,परिधान,निंदा करना
apparel,disrobe,परिधान,नंगा करना
apparel,peel,परिधान,छीलना
apparel,strip,परिधान,पट्टी
apparel,strip down,परिधान,छीन लेना
apparel,uncase,परिधान,खोल देना
apparel,unclothe,परिधान,पोशाक उतार लेना
apparel,undress,परिधान,घर का कपड़ा
appeal,repel,निवेदन,पीछे हटाना
appeal,repulse,निवेदन,खदेड़ना
appealable,unappealable,अपीलीय,अपील-अयोग्य
appealing,unappealing,अपील करने वाला,अनाकर्षक
appealing,unlikable,अपील करने वाला,नापसंद
appealing,unlikeable,अपील करने वाला,अयोग्य
appealing,unsympathetic,अपील करने वाला,कुरूप
appealingly,unappealingly,अपहरण करते हुए,अप्रभावी रूप से
appear,disappear,के जैसा लगना,गायब
appear,go away,के जैसा लगना,दूर जाओ
appear,vanish,के जैसा लगना,गायब होना
appearance,disappearance,उपस्थिति,लापता होने के
appearance,disappearing,उपस्थिति,गायब होना
appendaged,unappendaged,संलग्न,अनपेक्षित
appetising,unappetising,स्वादिष्ट,अनपेक्षित
appetising,unappetizing,स्वादिष्ट,न मजेदार
appetisingness,unappetisingness,क्षुद्रता,अनभिज्ञता
appetisingness,unappetizingness,क्षुद्रता,अनभिज्ञता
appetizing,unappetising,स्वादिष्ट,अनपेक्षित
appetizing,unappetizing,स्वादिष्ट,न मजेदार
appetizingness,unappetisingness,क्षुद्रता,अनभिज्ञता
appetizingness,unappetizingness,क्षुद्रता,अनभिज्ञता
applaud,boo,सराहना,बू
applaud,hiss,सराहना,फुफकार
applicability,inapplicability,प्रयोज्यता,नामुनासिबत
applied,theoretical,लागू किया हुआ,सैद्धांतिक
apply,defy,आवेदन करना,अवहेलना
apply,exempt,आवेदन करना,मुक्त करें
apply,free,आवेदन करना,मुक्त
apply,refuse,आवेदन करना,अस्वीकार करना
apply,relieve,आवेदन करना,राहत देना
apply,resist,आवेदन करना,प्रतिरोध करना
appointed,elected,नियुक्त,चुने हुए
appointed,elective,नियुक्त,निर्वाचित
appointive,elected,नियत,चुने हुए
appointive,elective,नियत,निर्वाचित
apposable,unopposable,अपेक्षित,अप्राप्य
appositeness,inappositeness,संगति,अयोग्यता
appositeness,inaptness,संगति,अयोग्यता
appreciate,depreciate,प्रशंसा करना,मूल्य कम करना
appreciate,devaluate,प्रशंसा करना,अवमूल्यन करना
appreciate,devalue,प्रशंसा करना,अवमूल्यन करना
appreciate,undervalue,प्रशंसा करना,कम आंकना
appreciation,depreciation,प्रशंसा,मूल्यह्रास
appreciatively,unappreciatively,आदरपूर्वक,बेकार
appreciatively,ungratefully,आदरपूर्वक,कट्टरता से
apprise,depreciate,सूचना देना,मूल्य कम करना
apprise,devaluate,सूचना देना,अवमूल्यन करना
apprise,devalue,सूचना देना,अवमूल्यन करना
apprise,undervalue,सूचना देना,कम आंकना
apprize,depreciate,बतलाना,मूल्य कम करना
apprize,devaluate,बतलाना,अवमूल्यन करना
apprize,devalue,बतलाना,अवमूल्यन करना
apprize,undervalue,बतलाना,कम आंकना
approachability,unapproachability,दृष्टिकोण,अप्राप्यता
approachable,unapproachable,सुलभ,पहुंच से बाहर का
approbate,reprobate,अनुमोदन करना,बदमाश
approbation,condemnation,प्रशंसा,निंदा
approbation,disapprobation,प्रशंसा,नापसंदगी
appropriate,inappropriate,उपयुक्त,अनुचित
appropriately,inappropriately,उचित रूप से,अनुपयुक्त
appropriately,unsuitably,उचित रूप से,बेईमानी से
appropriateness,inappropriateness,संगति,अनुपयुक्तता
appropriateness,unworthiness,संगति,अयोग्यता
appropriateness,wrongness,संगति,गलतफहमी
approval,disapproval,अनुमोदन,अस्वीकृति
approve,disapprove,मंज़ूरी देना,अस्वीकार कर देना
approve,reject,मंज़ूरी देना,अस्वीकार करना
approving,disapproval,का अनुमोदन,अस्वीकृति
approvingly,disapprovingly,अनुमोदन से,निंदासूचक रूप से
apropos,malapropos,अनुरूप,गायब हो जाएगा
apteral,peripteral,शिलालेख,पेरिप्टर का
aptitude,inaptitude,कौशल,अक्षमता
aptly,displaying incompetence,जिसे उपयुक्त,अक्षमता प्रदर्शित करना
aptly,incompetently,जिसे उपयुक्त,अयोग्यतापूर्वक
aptness,inappositeness,उपयुक्तता,अयोग्यता
aptness,inaptness,उपयुक्तता,अयोग्यता
aquatic,amphibious,जलीय,द्विधा गतिवाला
aquatic,terrestrial,जलीय,लौकिक
aqueous,eruptive,जलीय,ज्वालामुखी
aqueous,igneous,जलीय,आतशी
arbitrable,nonarbitrable,मनोहर,अरेखित
arbitrary,nonarbitrary,मनमाना,नॉनबिट्रिटरी
arbitrary,unarbitrary,मनमाना,अनिर्दिष्ट
arboreal,nonarboreal,वृक्ष-संबंधी,नॉनबोरियल
arboreous,nonarboreal,शराबी,नॉनबोरियल
arenaceous,argillaceous,बलुआ,मृतिकामय
arenaceous,clayey,बलुआ,मिट्टी का
argillaceous,arenaceous,मृतिकामय,बलुआ
argillaceous,sandlike,मृतिकामय,रेत के समान
argillaceous,sandy,मृतिकामय,रेतीले
argumentative,unargumentative,विवादपूर्ण,असंबद्ध
aridity,fecundity,शुष्कता,उपजाऊपन
aridity,fruitfulness,शुष्कता,परिपूर्णता
aright,incorrectly,दाहिनी ओर,गलत तरीके से
aright,wrong,दाहिनी ओर,गलत
aright,wrongly,दाहिनी ओर,गलत तरीके से
arise,bed,उठना,बिस्तर
arise,come down,उठना,नीचे आओ
arise,crawl in,उठना,रेंगना
arise,descend,उठना,उतरना
arise,fall,उठना,गिरना
arise,go down,उठना,नीचे जाना
arise,go to bed,उठना,सोने जाओ
arise,go to sleep,उठना,सो जाओ
arise,hit the hay,उठना,घास का मारो
arise,hit the sack,उठना,बोरी को मार
arise,kip down,उठना,झपकी लेना
arise,lie,उठना,झूठ
arise,lie down,उठना,लेट जाओ
arise,retire,उठना,रिटायर
arise,sack out,उठना,बोरी से बाहर निकलना
arise,sit,उठना,बैठना
arise,sit down,उठना,बैठना
arise,turn in,उठना,अन्दर की ओर मोड़ना
arm,demilitarise,हाथ,ग़ैरफ़ौजीकरण करना
arm,demilitarize,हाथ,ग़ैरफ़ौजीकरण करना
arm,disarm,हाथ,वश में कर लेना
armament,disarmament,शरारत,निरस्त्रीकरण
armament,disarming,शरारत,निरस्त्रीकरण
armed,armless,सशस्त्र,लूला
armed,unarmed,सशस्त्र,निहत्था
arming,disarmament,असलह,निरस्त्रीकरण
arming,disarming,असलह,निरस्त्रीकरण
armless,armed,लूला,सशस्त्र
armored,unarmored,बख़्तरबंद,निहत्था
armored,unarmoured,बख़्तरबंद,निष्ठा से नुकीला
armoured,unarmored,बख़्तरबंद,निहत्था
armoured,unarmoured,बख़्तरबंद,निष्ठा से नुकीला
arouse,calm,उकसाना,शांत
arouse,cause to sleep,उकसाना,सोने का कारण
arouse,de-energise,उकसाना,डी-एनर्जी
arouse,de-energize,उकसाना,de-Energize
arouse,dope off,उकसाना,डोप करना
arouse,doze off,उकसाना,बारह
arouse,drift off,उकसाना,सोना
arouse,drop off,उकसाना,बाहर निकलना
arouse,drowse off,उकसाना,बंद करना
arouse,fall asleep,उकसाना,सो जाना
arouse,flake out,उकसाना,बाहर निकलना
arouse,nod off,उकसाना,सो जाना
arouse,sedate,उकसाना,गंभीर
arouse,tranquilize,उकसाना,शांत होना
arouse,tranquillise,उकसाना,शांत करना
arouse,tranquillize,उकसाना,तसल्ली देना
arrange,disarrange,व्यवस्थित करना,हंगामा करना
arranged,disarranged,व्यवस्था की,अव्यवस्थित
arrive,go away,आना,दूर जाओ
arrive,go forth,आना,आगे बढ़ो
arrive,leave,आना,छुट्टी
arrogate,forego,हथियाना,त्याघना
arrogate,forfeit,हथियाना,अर्थदंड
arrogate,forgo,हथियाना,त्यागना
arrogate,give up,हथियाना,छोड़ देना
arrogate,throw overboard,हथियाना,पनपना
arrogate,waive,हथियाना,माफ
artefact,natural object,शिल्पकृति,प्राकृतिक वस्तु
artesian,subartesian,आर्टीजि़यन,सब्टर्टेसियन
artful,artless,धूर्त,अनाड़ी
artful,ingenuous,धूर्त,सदाबहार
artfulness,artlessness,चलाकी,अकृत्रिमता
articulate,inarticulate,स्पष्ट करना,धीरे से बोलना
articulate,unarticulate,स्पष्ट करना,अयोग्य
articulate,unarticulated,स्पष्ट करना,अखंड
articulated,unarticulated,जोड़ा हुआ,अखंड
articulately,inarticulately,कलंक से,मूक रूप से
articulately,ineloquently,कलंक से,असंबद्ध रूप से
artifact,natural object,विरूपण साक्ष्य,प्राकृतिक वस्तु
artificial,natural,कृत्रिम,प्राकृतिक
artificial language,natural language,कृत्रिम भाषा,प्राकृतिक भाषा
artificial language,tongue,कृत्रिम भाषा,जीभ
artificially,naturally,कृत्रिम रूप से,सहज रूप में
artiodactyl,odd-toed ungulate,अमीरियोडैक्टाइल,विषम-पैर
artiodactyl,perissodactyl,अमीरियोडैक्टाइल,पेरिसोडैक्टाइल
artiodactyl,perissodactyl mammal,अमीरियोडैक्टाइल,पेरिसोडैक्टाइल स्तनपायी
artiodactyl mammal,odd-toed ungulate,अमीरियोडैक्टाइल स्तनपायी,विषम-पैर
artiodactyl mammal,perissodactyl,अमीरियोडैक्टाइल स्तनपायी,पेरिसोडैक्टाइल
artiodactyl mammal,perissodactyl mammal,अमीरियोडैक्टाइल स्तनपायी,पेरिसोडैक्टाइल स्तनपायी
artless,artful,अनाड़ी,धूर्त
artless,disingenuous,अनाड़ी,कपटी
artlessness,artfulness,अकृत्रिमता,चलाकी
as luck would have it,alas,जैसा कि भाग्य होगा,हाय
as luck would have it,regrettably,जैसा कि भाग्य होगा,अफसोस
as luck would have it,unfortunately,जैसा कि भाग्य होगा,दुर्भाग्य से
as luck would have it,unluckily,जैसा कि भाग्य होगा,unluckily
ascend,come down,Ascend,नीचे आओ
ascend,descend,Ascend,उतरना
ascend,fall,Ascend,गिरना
ascend,go down,Ascend,नीचे जाना
ascend,go under,Ascend,के नीचे जाना
ascend,set,Ascend,तय करना
ascendant,descendant,प्रबल,वंशज
ascendant,descendent,प्रबल,वंशज
ascendent,descendant,आरोही,वंशज
ascendent,descendent,आरोही,वंशज
ascending,descending,आरोही,अवरोही
ascending node,descending node,आरोही नोड,अवरोही नोड
ascension,fall,अधिरोहण,गिरना
ascent,declension,आरोहण,अवनति
ascent,declination,आरोहण,झुकाव
ascent,decline,आरोहण,गिरावट
ascent,declivity,आरोहण,ढार
ascent,descent,आरोहण,चढ़ाई
ascent,downslope,आरोहण,डाउडलोप
ascent,fall,आरोहण,गिरना
asexual,sexual,क्षुद्र,यौन
ashamed,unashamed,शर्मिंदा,बेशरम
ashamedly,barefacedly,अशुद्धि से,नंगेपन से
ashamedly,shamelessly,अशुद्धि से,बेशर्म
ashamedly,unashamedly,अशुद्धि से,unashamedly
ask,eliminate,पूछना,हटाना
ask,obviate,पूछना,मुक्त हो जाना
ask,rid of,पूछना,से छुटकारा
asleep,awake,सो गया,जागना
asperity,bluntness,तीक्ष्णता,मंदबुद्धि
asperity,dullness,तीक्ष्णता,मंदता
assail,defend,आक्रमण करना,रक्षा करना
assemblage,disassembly,संयोजन,disassembly
assemblage,dismantlement,संयोजन,गिराना
assemblage,dismantling,संयोजन,ध्वस्त
assemble,break apart,इकट्ठा,अलग हुए
assemble,break up,इकट्ठा,टूटना
assemble,disassemble,इकट्ठा,अलग करना
assemble,dismantle,इकट्ठा,नष्ट
assemble,take apart,इकट्ठा,अलग करना
assembly,disassembly,विधानसभा,disassembly
assembly,dismantlement,विधानसभा,गिराना
assembly,dismantling,विधानसभा,ध्वस्त
assent,dissent,अनुमति,मतभेद
asserting,interrogative,जोर देकर कहा,प्रश्नवाचक
asserting,interrogatory,जोर देकर कहा,पूछताछ करनेवाला
assertive,unassertive,निश्चयात्मक,निगेटिव
assertively,unassertively,दृढंता,बेकार
asset,liability,संपत्ति,देयता
assigned,unassigned,सौंपा गया,निर्दिष्ट नहीं किए गए
assimilate,dissimilate,आत्मसात करना,विघटित करना
assisted,unassisted,असिस्टेड,बेबस
associate,decouple,संबंद्ध करना,दसगुणा
associate,dissociate,संबंद्ध करना,अलग कर देना
association,disassociation,संगठन,भिन्नता
associative,nonassociative,जोड़नेवाला,अव्यवस्थित
associatory,nonassociative,संबद्ध,अव्यवस्थित
assoil,convict,भंग करना,मिद्धदोष अपराधी
assortative mating,disassortative mating,संभोग संभोग,विच्छेदक संभोग
assure,vex,आश्वासन,तंग करना
assure,worry,आश्वासन,चिंता
astern,fore,पीछे की ओर,आगे का
astern,forward,पीछे की ओर,आगे
astigmatic,anastigmatic,विदृष्टिक,शत्रुतापूर्ण
astigmatic,stigmatic,विदृष्टिक,विर्तिका
astigmatism,stigmatism,दृष्टिवैषम्य,कलंक
astigmia,stigmatism,वंशज,कलंक
astomatous,stomatous,अचूक,कड़ा
astringent,nonastringent,स्तम्मक,अखंड
asymmetric,symmetric,असममित,सममित
asymmetric,symmetrical,असममित,सममित
asymmetrical,symmetric,विषम,सममित
asymmetrical,symmetrical,विषम,सममित
asymmetrically,symmetrically,विषम,संतुलित
asymmetry,balance,विषमता,संतुलन
asymmetry,correspondence,विषमता,पत्र-व्यवहार
asymmetry,symmetricalness,विषमता,सममितता
asymmetry,symmetry,विषमता,समरूपता
asynchronism,synchroneity,अतृणता,समकालिकता
asynchronism,synchronicity,अतृणता,समक्रमिकता
asynchronism,synchronisation,अतृणता,सिंक्रनाइज़ेशन
asynchronism,synchronism,अतृणता,एक ही समय में अनेक घटनाओं का होना
asynchronism,synchronization,अतृणता,सिंक्रनाइज़ेशन
asynchronism,synchronizing,अतृणता,सिंक्रनाइज़ करना
asynchronism,synchrony,अतृणता,synchrony
asynchronous,synchronal,अतुल्यकालिक,सिंक्रोनल
asynchronous,synchronic,अतुल्यकालिक,समकाल का
asynchronous,synchronous,अतुल्यकालिक,एक समय का
asynchronous operation,synchronous operation,अतुल्यकालिक संचालन,सिंक्रोनस ऑपरेशन
asynchrony,synchroneity,अत्याचार,समकालिकता
asynchrony,synchronicity,अत्याचार,समक्रमिकता
asynchrony,synchronisation,अत्याचार,सिंक्रनाइज़ेशन
asynchrony,synchronism,अत्याचार,एक ही समय में अनेक घटनाओं का होना
asynchrony,synchronization,अत्याचार,सिंक्रनाइज़ेशन
asynchrony,synchronizing,अत्याचार,सिंक्रनाइज़ करना
asynchrony,synchrony,अत्याचार,synchrony
asyndetic,syndetic,शुष्क,सिंडिक
at a lower place,above,एक निचले स्थान पर,ऊपर
at a lower place,higher up,एक निचले स्थान पर,ऊंचे
at a lower place,in a higher place,एक निचले स्थान पर,एक उच्च स्थान पर
at a lower place,to a higher place,एक निचले स्थान पर,एक उच्च स्थान पर
at best,at the worst,सबसे अच्छे रूप में,सबसे बुरे पर
at best,at worst,सबसे अच्छे रूप में,सबसे खराब
at least,at most,कम से कम,अधिक से अधिक
at least,at the most,कम से कम,सबसे अधिक
at most,at least,अधिक से अधिक,कम से कम
at most,at the least,अधिक से अधिक,कम से कम
at that place,here,उस स्थान पर,यहाँ
at the best,at the worst,सबसे अच्छा,सबसे बुरे पर
at the best,at worst,सबसे अच्छा,सबसे खराब
at the least,at most,कम से कम,अधिक से अधिक
at the least,at the most,कम से कम,सबसे अधिक
at the most,at least,सबसे अधिक,कम से कम
at the most,at the least,सबसे अधिक,कम से कम
at the worst,at best,सबसे बुरे पर,सबसे अच्छे रूप में
at the worst,at the best,सबसे बुरे पर,सबसे अच्छा
at worst,at best,सबसे खराब,सबसे अच्छे रूप में
at worst,at the best,सबसे खराब,सबसे अच्छा
atheism,theism,नास्तिकता,थेइज़्म
atomic,conventional,परमाणु,पारंपरिक
atomic theory,holism,आणविक सिद्धांत,साकल्यवाद
atomic theory,holistic theory,आणविक सिद्धांत,समग्र सिद्धांत
atomism,holism,परमाणु सिद्धान्त,साकल्यवाद
atomism,holistic theory,परमाणु सिद्धान्त,समग्र सिद्धांत
atomist theory,holism,परमाणुवादी सिद्धांत,साकल्यवाद
atomist theory,holistic theory,परमाणुवादी सिद्धांत,समग्र सिद्धांत
atomistic,holistic,परमाणु,संपूर्ण रूप से
atomistic theory,holism,परमाणु सिद्धांत,साकल्यवाद
atomistic theory,holistic theory,परमाणु सिद्धांत,समग्र सिद्धांत
atomistical,holistic,परमाणु -संबंधी,संपूर्ण रूप से
atonal,tonal,अटोनल,तानवाला
atonalism,key,अणुवाद,चाबी
atonalism,tonality,अणुवाद,रागिनी
atonality,key,अटोल,चाबी
atonality,tonality,अटोल,रागिनी
atonia,tone,अटोनिया,टोन
atonia,tonicity,अटोनिया,"सुर, शक्तिप्रदता"
atonia,tonus,अटोनिया,टन
atonic,accented,निर्बल,उच्चारण
atonic,tonic,निर्बल,टॉनिक
atonicity,tone,अटारसता,टोन
atonicity,tonicity,अटारसता,"सुर, शक्तिप्रदता"
atonicity,tonus,अटारसता,टन
atony,tone,टॉवर,टोन
atony,tonicity,टॉवर,"सुर, शक्तिप्रदता"
atony,tonus,टॉवर,टन
atoxic,toxic,अटॉक्सिक,विषाक्त
atrophied,enlarged,कमज़ोर हो गया,बढ़ा हुआ
atrophied,hypertrophied,कमज़ोर हो गया,अतिवृद्धि
attach,come away,संलग्न करना,चले आओ
attach,come off,संलग्न करना,चला जाना
attach,detach,संलग्न करना,विवरण
attachable,detachable,कुर्की,अलग करने योग्य
attached,detached,जुड़ा हुआ,अलग
attached,unattached,जुड़ा हुआ,स्वाधीन
attached,uncommitted,जुड़ा हुआ,अशुद्ध
attack,defend,आक्रमण करना,रक्षा करना
attaint,honor,बेइज़्ज़ती,सम्मान
attaint,honour,बेइज़्ज़ती,सम्मान
attaint,reward,बेइज़्ज़ती,इनाम
attend,missed,भाग लेना,छूट गया
attend,neglect,भाग लेना,उपेक्षा करना
attend,overlook,भाग लेना,ओवरलुक
attend,overpass,भाग लेना,ओवरपास
attend,oversee,भाग लेना,देखना
attend,overwatch,भाग लेना,ओवरवॉच
attend to,drop,में भाग लेने के,बूँद
attend to,leave out,में भाग लेने के,चोर दिया
attend to,miss,में भाग लेने के,याद
attend to,neglect,में भाग लेने के,उपेक्षा करना
attend to,omit,में भाग लेने के,छोड़ देना
attend to,overleap,में भाग लेने के,अधिक होना
attend to,overlook,में भाग लेने के,ओवरलुक
attend to,pretermit,में भाग लेने के,उपेक्षा करना
attendance,nonattendance,उपस्थिति,अवैधता
attended,unaccompanied,उपस्थित हुए,बिना साथी
attending,inattention,उपस्थित हो रहे हैं,आनाकानी
attending,nonattendance,उपस्थित हो रहे हैं,अवैधता
attention,inattention,ध्यान,आनाकानी
attentive,heedless,सचेत,असावधान
attentive,inattentive,सचेत,असंगत
attentive,unheeding,सचेत,बेपरवाह
attentiveness,heedlessness,सावधानी,अनवधानता
attentiveness,inattentiveness,सावधानी,अशिष्टता
attire,dress down,पोशाक,अनौपचारिक कपड़े पहनना
attire,underdress,पोशाक,कमज़ोर करना
attract,beat back,आकर्षित करना,फिर से धड़कन
attract,drive,आकर्षित करना,गाड़ी चलाना
attract,force back,आकर्षित करना,बल वापस लाना
attract,push back,आकर्षित करना,वापस धक्का देना
attract,repel,आकर्षित करना,पीछे हटाना
attract,repulse,आकर्षित करना,खदेड़ना
attraction,repulsion,आकर्षण,घृणा
attraction,repulsive force,आकर्षण,प्रतिकारक बल
attractive,repulsive,आकर्षक,प्रतिक्षेपक
attractive,unattractive,आकर्षक,बदसूरत
attractive force,repulsion,आकर्षक बल,घृणा
attractive force,repulsive force,आकर्षक बल,प्रतिकारक बल
attractively,unattractively,आकर्षक,अनाकर्षक रूप से
attractiveness,unattractiveness,आकर्षण,अनायास
attributable,unascribable,कारण,कुछ रिकॉर्ड
attributable,unattributable,कारण,असंबद्ध
attributive,predicative,ठहराव,विधेय
atypical,typical,अनियमित,ठेठ
atypicality,typicality,असामान्यता,विशिष्टता
atypically,typically,परिक्रमा से,आम तौर पर
audibility,inaudibility,श्रवणता,अश्राव्यता
audibility,inaudibleness,श्रवणता,अयोग्यता
audible,inaudible,सुनाई देने योग्य,अश्राव्य
audible,unhearable,सुनाई देने योग्य,अनभिज्ञ
audibleness,inaudibility,श्रवणता,अश्राव्यता
audibleness,inaudibleness,श्रवणता,अयोग्यता
audibly,inaudibly,सुनने में,अश्रव्यतापर्वक
augmentation,diminution,वृद्धि,कमी
aunt,uncle,चाची,चाचा
auntie,uncle,चाची,चाचा
aunty,uncle,चाची,चाचा
aurora,sundown,अरोड़ा,सूर्यास्त
aurora,sunset,अरोड़ा,सूर्यास्त
auspicious,inauspicious,शुभ,अशिष्ट
auspicious,unfortunate,शुभ,दुर्भाग्यपूर्ण
auspiciously,inauspiciously,स्वच्छता से,अशिष्टता से
auspiciously,unpropitiously,स्वच्छता से,असुरक्षित रूप से
auspiciousness,inauspiciousness,शुभ,अमंगल
auspiciousness,unpropitiousness,शुभ,अनियंत्रितता
authorised,unauthorised,अधिकृत,अनधिकृत
authorised,unauthorized,अधिकृत,अनधिकृत
authorized,unauthorised,अधिकृत,अनधिकृत
authorized,unauthorized,अधिकृत,अनधिकृत
autochthonous,allochthonous,मूल निवासी,अलोचथोनस
autoecious,heteroecious,स्वाभाविक,विषम
autogamic,endogamic,स्वैच्छिक,अंतःशिरा
autogamic,endogamous,स्वैच्छिक,अंतर्विवाही
autogamic,exogamic,स्वैच्छिक,भूतल
autogamic,exogamous,स्वैच्छिक,विजातीय विवाह करनेवाला
autogamous,endogamic,स्वैच्छिक,अंतःशिरा
autogamous,endogamous,स्वैच्छिक,अंतर्विवाही
autogamous,exogamic,स्वैच्छिक,भूतल
autogamous,exogamous,स्वैच्छिक,विजातीय विवाह करनेवाला
autogamy,allogamy,स्वैच्छिक,आकर्षक
autogenic,heterogeneous,शराबी,विजातीय
autogenic,heterogenous,शराबी,विषम
autogenous,heterogeneous,गैस से झाल लगाना,विजातीय
autogenous,heterogenous,गैस से झाल लगाना,विषम
autologous,heterologous,ऑटोलॉगस,heterologous
autologous,homologous,ऑटोलॉगस,मुताबिक़
automatic,manual,स्वत:,नियमावली
autophytic,heterotrophic,आठ -संबंधी,परपोषी
autotrophic,heterotrophic,स्वपोषी,परपोषी
autumnal,summery,शरत्काल का,ग्रीष्मकालिन
autumnal,vernal,शरत्काल का,वसंती
autumnal,wintery,शरत्काल का,शीत ऋतु
autumnal,wintry,शरत्काल का,सर्दी
autumnal equinox,March equinox,शरमाज,मार्च विषुव
autumnal equinox,spring equinox,शरमाज,वसंत विषुव
autumnal equinox,vernal equinox,शरमाज,उकसाया
availability,inaccessibility,उपलब्धता,अप्राप्यता
availability,unavailability,उपलब्धता,अनुपलब्धता
available,unavailable,उपलब्ध,अनुपलब्ध
availableness,inaccessibility,उपलब्धता,अप्राप्यता
availableness,unavailability,उपलब्धता,अनुपलब्धता
avascular,vascular,अविभाज्य,संवहनी
avenged,unavenged,बदला लिया,न तामसिक
avertable,inevitable,टालने योग्य,अनिवार्य
avertible,inevitable,टालने योग्य,अनिवार्य
avirulent,virulent,अविर,विषैला
avoid,confront,टालना,सामना होना
avoid,face,टालना,चेहरा
avoid,face up,टालना,सामना करना
avoid,formalise,टालना,सजाना
avoid,formalize,टालना,सजाना
avoid,validate,टालना,मान्य
avoidable,inevitable,परिहार्य,अनिवार्य
avoirdupois,leanness,मोटापन,लगन
avoirdupois,spareness,मोटापन,विरूपता
avoirdupois,thinness,मोटापन,पतलेपन
avouch,disavow,दृढ़तापूर्वक कहना,अस्वीकृत करें
avow,disavow,खुलकर कहना,अस्वीकृत करें
awake,asleep,जागना,सो गया
awake,dope off,जागना,डोप करना
awake,doze off,जागना,बारह
awake,drift off,जागना,सोना
awake,drop off,जागना,बाहर निकलना
awake,drowse off,जागना,बंद करना
awake,fall asleep,जागना,सो जाना
awake,flake out,जागना,बाहर निकलना
awake,nod off,जागना,सो जाना
awaken,cause to sleep,अवेकन,सोने का कारण
awaken,dope off,अवेकन,डोप करना
awaken,doze off,अवेकन,बारह
awaken,drift off,अवेकन,सोना
awaken,drop off,अवेकन,बाहर निकलना
awaken,drowse off,अवेकन,बंद करना
awaken,fall asleep,अवेकन,सो जाना
awaken,flake out,अवेकन,बाहर निकलना
awaken,nod off,अवेकन,सो जाना
awakened,unawakened,जागा,आपको जागृत किया जा रहा है
aware,forgetful,जागरूक,भुलक्कड़
aware,incognizant,जागरूक,भेस बदले हुए
aware,mindless,जागरूक,नासमझ
aware,unaware,जागरूक,अनजान
aware,unmindful,जागरूक,पागल
awareness,incognizance,जागरूकता,अविकसितता
away,home,दूर,घर
away game,home game,दूर खेल,घर केंद्रित कम्प्यूटर खेल
awed,unawed,जागृत,अनभिज्ञ
awestricken,unawed,भय से त्रस्त,अनभिज्ञ
awestruck,unawed,अवाक् हो उठे,अनभिज्ञ
awful,nice,भयंकर,अच्छा
awkward,graceful,अजीब,सुंदर
awkwardness,gracefulness,भद्दापन,गुण
awned,awnless,धरना,अचूक
awnless,awned,अचूक,धरना
awnless,awny,अचूक,धरना
awny,awnless,धरना,अचूक
azonal,zonal,अज़ोनल,जोनल
babble,keep one's mouth shut,प्रलाप,मुंह बंद रखना
babble,keep quiet,प्रलाप,चुप रहो
babble,shut one's mouth,प्रलाप,मुँह करना
babble out,keep one's mouth shut,बेदखल करना,मुंह बंद रखना
babble out,keep quiet,बेदखल करना,चुप रहो
babble out,shut one's mouth,बेदखल करना,मुँह करना
back,advance,पीछे,अग्रिम
back,ahead,पीछे,आगे
back,bring forward,पीछे,आगे बढ़ाना
back,face,पीछे,चेहरा
back,forrad,पीछे,क्रांति
back,forrard,पीछे,धरना
back,forward,पीछे,आगे
back,forwards,पीछे,आगे
back,front,पीछे,सामने
back,frontward,पीछे,सामने का
back,frontwards,पीछे,आगे की ओर
back,look,पीछे,देखना
back,veer,पीछे,वीर
back burner,front burner,ठंडे बस्ते में,फ्रंट बर्नर
back end,forepart,पीछे की ओर,शिर
back end,front,पीछे की ओर,सामने
back end,front end,पीछे की ओर,फ़्रंट एंड
back up,unclog,वापस करना,खोलना
backed,backless,अस्तरवाला,बिना पीछे की ओर
background,foreground,पृष्ठभूमि,अग्रभाग
background,highlight,पृष्ठभूमि,प्रमुखता से दिखाना
background,play up,पृष्ठभूमि,ऊपर खेलना
background,spotlight,पृष्ठभूमि,सुर्खियों
backhand,forehand,बैकहैंड,पहला भाग
backhand,forehanded,बैकहैंड,माथा
backhanded,forehand,व्यंग भरी,पहला भाग
backhanded,forehanded,व्यंग भरी,माथा
backless,backed,बिना पीछे की ओर,अस्तरवाला
backside,forepart,पीठ,शिर
backside,front,पीठ,सामने
backside,front end,पीठ,फ़्रंट एंड
backward,ahead,पिछड़ा,आगे
backward,forrad,पिछड़ा,क्रांति
backward,forrard,पिछड़ा,धरना
backward,forward,पिछड़ा,आगे
backward,forwards,पिछड़ा,आगे
backward,frontward,पिछड़ा,सामने का
backward,frontwards,पिछड़ा,आगे की ओर
backwards,forrad,पीछे की ओर,क्रांति
backwards,forrard,पीछे की ओर,धरना
backwards,forward,पीछे की ओर,आगे
backwards,forwards,पीछे की ओर,आगे
backwards,frontward,पीछे की ओर,सामने का
backwards,frontwards,पीछे की ओर,आगे की ओर
bad,good,खराब,अच्छा
bad,goodness,खराब,अच्छाई
bad,unregretful,खराब,अनियंत्रित
bad,unregretting,खराब,अचूक
bad egg,good egg,बुरे अंडा,अच्छा अंडा
bad guy,good guy,बुरा आदमी,अच्छा लड़का
bad luck,good fortune,खराब किस्मत,शुभ भविष्य
bad luck,good luck,खराब किस्मत,आपको कामयाबी मिले
bad luck,luckiness,खराब किस्मत,सौभाग्य
bad person,good person,बुरे व्यक्ति,अच्छा व्यक्ति
bad weather,good weather,खराब मौसम,अच्छा मौसम
badly,advantageously,बुरी तरह से,फ़ायदेमंद
badly,good,बुरी तरह से,अच्छा
badly,well,बुरी तरह से,कुंआ
badness,good,बुराई,अच्छा
badness,goodness,बुराई,अच्छाई
balance,asymmetry,संतुलन,विषमता
balance,dissymmetry,संतुलन,अप्रतिसाभ्यता
balance,imbalance,संतुलन,असंतुलन
balance,instability,संतुलन,अस्थिरता
balance,unbalance,संतुलन,असंतुलित होना
balanced,imbalanced,बैलेंस्ड,असंतुलित
balanced,unbalanced,बैलेंस्ड,असंतुलित
balconied,unbalconied,छज्जेवाला,असंतुलित
balefulness,beneficence,गंदेपन,उपकार
banded,unbanded,झालरवाला,अनिच्छुक
bank,distrust,किनारा,शक
bank,draw,किनारा,खींचना
bank,draw off,किनारा,अलग खींचना
bank,mistrust,किनारा,संदेह
bank,suspect,किनारा,संदिग्ध व्यक्ति
bank,take out,किनारा,साथ ले जाएं
bank,withdraw,किनारा,निकालना
baptised,unbaptised,बपतिस्मा,असंबद्ध
baptised,unbaptized,बपतिस्मा,बपतिस्मा-विहीन
baptized,unbaptised,बपतिस्मा,असंबद्ध
baptized,unbaptized,बपतिस्मा,बपतिस्मा-विहीन
bar,unbar,छड़,बरामद करना
bare,covered,नंगा,ढंकता हुआ
bare,sheathed,नंगा,लिपटा
barefacedly,ashamedly,नंगेपन से,अशुद्धि से
barf,keep down,बारफ,नीचे रखें
barreled,unbarreled,बैरल,असंतुलित
barreled,unbarrelled,बैरल,असंबद्ध
barrelled,unbarreled,बैरल,असंतुलित
barrelled,unbarrelled,बैरल,असंबद्ध
barrenness,fecundity,दरिद्रता,उपजाऊपन
barrenness,fruitfulness,दरिद्रता,परिपूर्णता
bas relief,alto relievo,आधार राहत,अल्टो रेलीवो
bas relief,alto rilievo,आधार राहत,उच्च राहत
bas relief,high relief,आधार राहत,उच्च राहत
basal,cauline,बुनियादी,तने का
baseball diamond,outfield,बेसबॉल डायमंड,दूर का क्षेत्र
basic,incident,बुनियादी,घटना
basic,incidental,बुनियादी,आकस्मिक
basify,acetify,जासूसी करना,पीड़ा देना
basify,acidify,जासूसी करना,अम्ल करना
basipetal,acropetal,basipetal,एक प्रकार का
basiscopic,acroscopic,मूल संकेंद्रण,एक प्रकार का
basso relievo,alto relievo,कम प्रासंगिकता,अल्टो रेलीवो
basso relievo,alto rilievo,कम प्रासंगिकता,उच्च राहत
basso relievo,high relief,कम प्रासंगिकता,उच्च राहत
basso rilievo,alto relievo,कम राहत,अल्टो रेलीवो
basso rilievo,alto rilievo,कम राहत,उच्च राहत
basso rilievo,high relief,कम राहत,उच्च राहत
be,differ,होना,अलग होना
be active,rest,सक्रिय होना,आराम
be born,buy the farm,पैदा हो,खेत खरीदें
be born,cash in one's chips,पैदा हो,किसी के चिप्स में कैश
be born,choke,पैदा हो,चोक
be born,conk,पैदा हो,नाक
be born,croak,पैदा हो,कर्कश
be born,decease,पैदा हो,स्वर्गवास
be born,die,पैदा हो,मरना
be born,drop dead,पैदा हो,बंद करा दो
be born,exit,पैदा हो,बाहर निकलना
be born,expire,पैदा हो,समय सीमा समाप्त
be born,give-up the ghost,पैदा हो,भूत देना
be born,go,पैदा हो,जाना
be born,kick the bucket,पैदा हो,टोकरी में लात मारो
be born,pass,पैदा हो,उत्तीर्ण
be born,pass away,पैदा हो,गुज़ारना
be born,perish,पैदा हो,एकदम भूल जाइए
be born,pop off,पैदा हो,मरना
be born,snuff it,पैदा हो,सूँघना
be full,famish,पूर्ण होना,भूखों मरना
be full,hunger,पूर्ण होना,भूख
be full,starve,पूर्ण होना,भूखा
be quiet,open up,चुप रहें,खुलना
be sick,keep down,बीमार हो,नीचे रखें
be well,hurt,ठीक रहें,आहत
be well,suffer,ठीक रहें,पीड़ित
beaked,beakless,चोंचवाला,चोंच -रहित
beakless,beaked,चोंच -रहित,चोंचवाला
bear,bull,भालू,साँड़
bear away,bring,दूर सहन,लाना
bear away,convey,दूर सहन,बताना
bear away,fetch,दूर सहन,लाना
bear away,get,दूर सहन,पाना
bear in mind,forget,ध्यान में रखो,भूल जाओ
bear off,bring,झालर लगाना,लाना
bear off,convey,झालर लगाना,बताना
bear off,fetch,झालर लगाना,लाना
bear off,get,झालर लगाना,पाना
bear on,cease,स्म्भालो,रोकना
bear on,discontinue,स्म्भालो,बंद
bear on,give up,स्म्भालो,छोड़ देना
bear on,lay off,स्म्भालो,छंटनी
bear on,quit,स्म्भालो,छोड़ना
bear on,stop,स्म्भालो,रुकना
bearing,nonbearing,सहन करना,अखरोट
beat back,attract,फिर से धड़कन,आकर्षित करना
beat back,draw,फिर से धड़कन,खींचना
beat back,draw in,फिर से धड़कन,खिंचा गया
beat back,pull,फिर से धड़कन,खींचो
beat back,pull in,फिर से धड़कन,समीप करना
beautiful,ugly,सुंदर,कुरूप
beautifully,unattractively,खूबसूरती से,अनाकर्षक रूप से
beautify,uglify,सुंदर बनाएं,कुरूप कर देना
beauty,ugliness,सुंदरता,कुरूपता
becomingness,unbecomingness,बग़श में,अनभिज्ञता
bed,arise,बिस्तर,उठना
bed,get up,बिस्तर,उठना
bed,rise,बिस्तर,उठना
bed,turn out,बिस्तर,उपस्थित होना
bed,uprise,बिस्तर,असुरक्षित
bedamn,bless,बेदामन,आशीर्वाद
bedded,bedless,पलंगों,बेडलेस
bedded,unstratified,पलंगों,अनियंत्रित
bedless,bedded,बेडलेस,पलंगों
beef up,weaken,मज़बूत करना,कमजोर
befittingly,inappropriately,बेशुमार से,अनुपयुक्त
befittingly,unsuitably,बेशुमार से,बेईमानी से
begetter,female parent,उकसाने वाला,मादा माता -पिता
begetter,mother,उकसाने वाला,माँ
begin,cease,शुरू,रोकना
begin,end,शुरू,अंत
begin,finish,शुरू,खत्म करना
begin,stop,शुरू,रुकना
begin,terminate,शुरू,बर्खास्त
beginning,conclusion,शुरुआत,निष्कर्ष
beginning,end,शुरुआत,अंत
beginning,ending,शुरुआत,समाप्ति
beginning,finish,शुरुआत,खत्म करना
beginning,finishing,शुरुआत,परिष्करण
beginning,middle,शुरुआत,मध्य
begrime,clean,प्रांगण,साफ
begrime,make clean,प्रांगण,साफ करना
begrudge,wish,डाह खाना,इच्छा
begrudge,wish well,डाह खाना,अच्छी तरह से कामना करना
behave,misbehave,व्यवहार,दुर्व्यवहार
behave,misconduct,व्यवहार,दुराचार
behave,misdemean,व्यवहार,दुर्व्यवहार
being,nonbeing,प्राणी,अखरोट
being,nonentity,प्राणी,तुच्छता
being,nonexistence,प्राणी,अनअस्तित्व
beingness,nonbeing,अस्तित्व,अखरोट
beingness,nonentity,अस्तित्व,तुच्छता
beingness,nonexistence,अस्तित्व,अनअस्तित्व
belatedly,ahead of time,देर से ही सही,समय से पहले
belatedly,early,देर से ही सही,जल्दी
belatedly,too soon,देर से ही सही,बहुत जल्द
belief,disbelief,आस्था,नास्तिकता
belief,unbelief,आस्था,नास्तिकता
believability,incredibility,विश्वसनीयता,अविश्वसनीयता
believability,incredibleness,विश्वसनीयता,अविश्वसनीयता
believable,incredible,मुमकिन,अविश्वसनीय
believable,unbelievable,मुमकिन,अविश्वसनीय
believably,implausibly,विश्वासपूर्वक,संदिग्ध रूप से
believably,improbably,विश्वासपूर्वक,असंभवत
believably,incredibly,विश्वासपूर्वक,अविश्वसनीय रूप से
believably,unbelievably,विश्वासपूर्वक,अविश्वसनीय
believe,disbelieve,विश्वास,नास्तिकता
believe,discredit,विश्वास,बदनाम
believingly,disbelievingly,विश्वासपूर्वक,अविश्वास से
believingly,incredulously,विश्वासपूर्वक,अविश्वसनीय रूप से
believingly,unbelievingly,विश्वासपूर्वक,अविश्वास से
belittle,blandish,कम हो जाना,नरम करना
belittle,flatter,कम हो जाना,चापलूसी
bellied,bellyless,पेट वाले,बेतरतीब
bellied,flat-bellied,पेट वाले,चपटा
bellyless,bellied,बेतरतीब,पेट वाले
below,above,नीचे,ऊपर
below,higher up,नीचे,ऊंचे
below,in a higher place,नीचे,एक उच्च स्थान पर
below,on a higher floor,नीचे,एक ऊंची मंजिल पर
below,supra,नीचे,ऊपर अर्थ का उपसर्ग
below,to a higher place,नीचे,एक उच्च स्थान पर
below,up the stairs,नीचे,सीढ़ियों से
below,upstairs,नीचे,ऊपर
below the belt,clean,बेल्ट के नीचे,साफ
below the belt,fair,बेल्ट के नीचे,गोरा
below the belt,fairly,बेल्ट के नीचे,अच्छी तरह से
belt,unbelt,बेल्ट,खुल जाना
belt along,dawdle,बेल्ट के साथ,डर्मल
belt along,linger,बेल्ट के साथ,झपकी लेना
belt up,open up,बेल्ट करना,खुलना
belted,beltless,पेटीवाला,बेल्टीन
belted,unbelted,पेटीवाला,अछूता
beltless,belted,बेल्टीन,पेटीवाला
bemire,clean,बेकार कर देना,साफ
bemire,make clean,बेकार कर देना,साफ करना
bend,straighten,झुकना,सीधा
bend,unbend,झुकना,असंतुलित
beneath,above,नीचे,ऊपर
beneath,higher up,नीचे,ऊंचे
beneath,in a higher place,नीचे,एक उच्च स्थान पर
beneath,to a higher place,नीचे,एक उच्च स्थान पर
beneficed,unbeneficed,लाभान्वित,अनभिज्ञ
beneficence,balefulness,उपकार,गंदेपन
beneficence,maleficence,उपकार,हानिकरता
beneficence,mischief,उपकार,शरारत
beneficent,maleficent,उपकारवाला,नुक़सानदेह
benevolence,malevolence,भलाई,द्वेष
benevolence,malignity,भलाई,द्रोह
benevolently,malevolently,कृपापूर्वक,दुर्बलता से
benign,malign,सौम्य,दुष्ट
benign,malignant,सौम्य,घातक
benignancy,malignance,सौम्यता,घातक
benignancy,malignancy,सौम्यता,द्रोह
benignancy,malignity,सौम्यता,द्रोह
benignant,malign,महरबान,दुष्ट
benignity,malignance,अच्छेपन,घातक
benignity,malignancy,अच्छेपन,द्रोह
benignity,malignity,अच्छेपन,द्रोह
bequeath,disinherit,वसीयत,disinherit
bequeath,disown,वसीयत,अस्वीकार
beseeching,imperative,बिनती करनेवाला,अनिवार्य
beshrew,bless,बेश्रू,आशीर्वाद
best,worst,श्रेष्ठ,बहुत बुरा
bestride,get off,प्रतियोगिता,उतर जाओ
bestride,hop out,प्रतियोगिता,रोकना
betray,undeceive,धोखा देना,अव्यवस्थित करना
better,aggravate,बेहतर,छेड़ना
better,decline,बेहतर,गिरावट
better,exacerbate,बेहतर,ख़राब करना
better,exasperate,बेहतर,चिढ़ाना
better,worse,बेहतर,ज़्यादा बुरा
better,worsen,बेहतर,खराब
better,worsened,बेहतर,खराब हो गई
bettering,worsening,बेहतर,बिगड़ती
beyond control,in hand,परे नियंत्रण,हाथ में
biaural,monaural,द्विअर्थी,मोनोअल
bibbed,bibless,बिब्ड,द्विध्रुवीय
bibless,bibbed,द्विध्रुवीय,बिब्ड
bicameral,unicameral,दो खाने का,एक सदनीय
bidirectional,unidirectional,द्विदिश,दिशाहीन
biennial,annual,द्विवाषिक,वार्षिक
biennial,one-year,द्विवाषिक,एक वर्ष
biennial,perennial,द्विवाषिक,चिरस्थायी
big,little,बड़ा,थोड़ा
big,small,बड़ा,छोटा
bigness,littleness,बड़ापन,अल्पता
bigness,smallness,बड़ापन,छोटापन
bilaterally symmetrical,actinomorphic,द्विपक्षीय रूप से सममितीय,एक्टिनोमोर्फिक
bilaterally symmetrical,actinomorphous,द्विपक्षीय रूप से सममितीय,एक्टिनोमोर्फस
bimodal,unimodal,बिमोडल,अनिमॉडल
binaural,monaural,बाइनॉरल,मोनोअल
binaurally,in one ear,द्विध्रुवीय रूप से,एक कान में
binaurally,monaurally,द्विध्रुवीय रूप से,मोनौर की दृष्टि से
binaurally,to one ear,द्विध्रुवीय रूप से,एक कान तक
bind,unbind,बाँध,अनबाइंड
bind,unbrace,बाँध,उछालना
bind,unlace,बाँध,बंद खोलना
bind,untie,बाँध,खोल
binuclear,mononuclear,बिन्यूक्लियर,mononuclear
binuclear,mononucleate,बिन्यूक्लियर,मोनोन्यूक्लेट
binuclear,trinuclear,बिन्यूक्लियर,त्रिन्यूक्लियर
binuclear,trinucleate,बिन्यूक्लियर,त्रिन्यूक्लेट
binuclear,trinucleated,बिन्यूक्लियर,त्रिनुचुलाया हुआ
binucleate,mononuclear,बिन्यूक्लेट,mononuclear
binucleate,mononucleate,बिन्यूक्लेट,मोनोन्यूक्लेट
binucleate,trinuclear,बिन्यूक्लेट,त्रिन्यूक्लियर
binucleate,trinucleate,बिन्यूक्लेट,त्रिन्यूक्लेट
binucleate,trinucleated,बिन्यूक्लेट,त्रिनुचुलाया हुआ
binucleated,mononuclear,बिन्यूक्लेटेड,mononuclear
binucleated,mononucleate,बिन्यूक्लेटेड,मोनोन्यूक्लेट
binucleated,trinuclear,बिन्यूक्लेटेड,त्रिन्यूक्लियर
binucleated,trinucleate,बिन्यूक्लेटेड,त्रिन्यूक्लेट
binucleated,trinucleated,बिन्यूक्लेटेड,त्रिनुचुलाया हुआ
biodegradable pollution,nonbiodegradable pollution,बायोडिग्रेडेबल प्रदूषण,अविश्वसनीय प्रदूषण
biological,adoptive,जैविक,गोद लेने योग्य
biovular,identical,द्विभाजक,समान
biovular,monovular,द्विभाजक,मोनोव्युलर
biped,four-footed,दो पैरों का,चौपाया
biped,quadruped,दो पैरों का,चौपाया
biped,quadrupedal,दो पैरों का,चौपाया
bipedal,four-footed,द्विपाद,चौपाया
bipedal,quadruped,द्विपाद,चौपाया
bipedal,quadrupedal,द्विपाद,चौपाया
bipolar,unipolar,द्विध्रुवी,एकध्रुवीय
birth,death,जन्म,मौत
birth,decease,जन्म,स्वर्गवास
birth,demise,जन्म,मृत्यु
birth,dying,जन्म,मरना
birth,expiry,जन्म,समाप्ति
bisexual,heterosexual,उभयलिंगी,हेटेरोसेक्सयल
bisexual,homosexual,उभयलिंगी,समलैंगिक
bivalent,multivalent,बीवालेन्त,बहुस्तरीय
bivalent,univalent,बीवालेन्त,एकतरफा
bivalve,univalve,दोपटा,एक लहर का
bivalved,univalve,द्विभाजित,एक लहर का
blab,keep one's mouth shut,गप्पी,मुंह बंद रखना
blab,keep quiet,गप्पी,चुप रहो
blab,shut one's mouth,गप्पी,मुँह करना
blab out,keep one's mouth shut,बाहर निकलना,मुंह बंद रखना
blab out,keep quiet,बाहर निकलना,चुप रहो
blab out,shut one's mouth,बाहर निकलना,मुँह करना
black,white,काला,सफेद
black,whiten,काला,निखारने में सहायक
black,whiteness,काला,सफेदी
black and white,color,काला और सफेद,रंग
black and white,colour,काला और सफेद,रंग
black-and-white,color,कड़ा,रंग
black-and-white,colour,कड़ा,रंग
blacken,white,काला,सफेद
blacken,whiten,काला,निखारने में सहायक
blackness,white,तिमिर,सफेद
blackness,whiteness,तिमिर,सफेदी
blame,absolve,दोष,दोषमुक्त करना
blame,free,दोष,मुक्त
blame,justify,दोष,औचित्य
blandish,belittle,नरम करना,कम हो जाना
blandish,disparage,नरम करना,उपेक्षा करना
blandish,pick at,नरम करना,उठाना
blank out,call back,ब्लैंक आउट,वापस बुलाओ
blank out,call up,ब्लैंक आउट,कॉल करें
blank out,recall,ब्लैंक आउट,याद करना
blank out,recollect,ब्लैंक आउट,स्मरण करना
blank out,remember,ब्लैंक आउट,याद करना
blank out,retrieve,ब्लैंक आउट,पुनः प्राप्त करना
blank out,think,ब्लैंक आउट,सोचना
blear,focalise,नासाफ,केंद्र
blear,focalize,नासाफ,फोकल करना
blear,focus,नासाफ,केंद्र
blear,sharpen,नासाफ,पैना
blemished,unblemished,कलुषित,मुकम्मल
blemished,unmarred,कलुषित,अविवाहित
blemished,unmutilated,कलुषित,अचूक
blended,unblended,मिति,अनुचित
bless,anathemise,आशीर्वाद,गरना
bless,anathemize,आशीर्वाद,गुमराह करना
bless,bedamn,आशीर्वाद,बेदामन
bless,beshrew,आशीर्वाद,बेश्रू
bless,curse,आशीर्वाद,अभिशाप
bless,damn,आशीर्वाद,लानत है
bless,deconsecrate,आशीर्वाद,विघटन करना
bless,desecrate,आशीर्वाद,अपवित्रा
bless,imprecate,आशीर्वाद,कोसना
bless,maledict,आशीर्वाद,कुशलता
bless,unhallow,आशीर्वाद,अनहोनी
blessed,cursed,सौभाग्यपूर्ण,शापित
blessed,curst,सौभाग्यपूर्ण,कर्ट
blessing,disapproval,आशीर्वाद,अस्वीकृति
blest,cursed,महाभाग,शापित
blest,curst,महाभाग,कर्ट
blind,sighted,अंधा,देखे
blithely,unhappily,सानंद,दुख
blitheness,cheerlessness,धमाकेदारता,चीयरियत
blitheness,uncheerfulness,धमाकेदारता,अनभिज्ञता
block,call back,अवरोध पैदा करना,वापस बुलाओ
block,call up,अवरोध पैदा करना,कॉल करें
block,disengage,अवरोध पैदा करना,छुड़ाना
block,free,अवरोध पैदा करना,मुक्त
block,loosen up,अवरोध पैदा करना,ढीला करो
block,recall,अवरोध पैदा करना,याद करना
block,recollect,अवरोध पैदा करना,स्मरण करना
block,release,अवरोध पैदा करना,मुक्त करना
block,remember,अवरोध पैदा करना,याद करना
block,retrieve,अवरोध पैदा करना,पुनः प्राप्त करना
block,think,अवरोध पैदा करना,सोचना
block,unblock,अवरोध पैदा करना,अनब्लॉ
block,unfreeze,अवरोध पैदा करना,अनफ़्रीज़
block,unstuff,अवरोध पैदा करना,अनभिज्ञ
blond,brunet,गोरा,श्यामला
blond,brunette,गोरा,श्यामला
blonde,brunet,गोरा,श्यामला
blonde,brunette,गोरा,श्यामला
blood brother,sis,खून का भाई,आई
blood brother,sister,खून का भाई,बहन
blood kinship,affinity,रक्त में,आत्मीयता
bloodily,bloodlessly,खून से,खून से
bloodless,bloody,रक्तहिन,खूनी
bloodlessly,bloodily,खून से,खून से
bloody,bloodless,खूनी,रक्तहिन
blow,conserve,फूँक मारना,संरक्षण
blow,economise,फूँक मारना,अर्थशास्त्र
blow,economize,फूँक मारना,बचत
blow,husband,फूँक मारना,पति
blow out,ignite,बुझाना,आग लगना
blow out,light,बुझाना,रोशनी
blow up,deflate,झटका,अपवित्र करना
blow up,reduce,झटका,कम करना
blow up,scale down,झटका,कम करना
blubber,leanness,रोना,लगन
blubber,spareness,रोना,विरूपता
blubber,thinness,रोना,पतलेपन
blue-collar,white-collar,नीला कॉलर,सफेद कॉलर
blunt,animate,कुंद,चेतन
blunt,enliven,कुंद,सजीव
blunt,invigorate,कुंद,का लाभ
blunt,liven,कुंद,अच्छा हो जाना
blunt,liven up,कुंद,तक जिंदा रहना
blunt,sharpen,कुंद,पैना
blunt file,taper file,कुंद संचिका,टेंपर फ़ाइल
bluntness,asperity,मंदबुद्धि,तीक्ष्णता
bluntness,keenness,मंदबुद्धि,इच्छा
bluntness,sharpness,मंदबुद्धि,कुशाग्रता
blur,focalise,कलंक,केंद्र
blur,focalize,कलंक,फोकल करना
blur,focus,कलंक,केंद्र
blur,sharpen,कलंक,पैना
blurriness,distinctness,धुंधलेपन,स्पष्टता
blurriness,sharpness,धुंधलेपन,कुशाग्रता
board,get off,तख़्ता,उतर जाओ
boarding,debarkation,बोर्डिंग,नाव पर से उतर
boarding,disembarkation,बोर्डिंग,अव्यवस्था
boarding,disembarkment,बोर्डिंग,फैलाया
boarding school,day school,बोर्डिंग - स्कूल,दिन
bodied,unbodied,शरीर,अनभिज्ञ
boil,freeze,उबलना,जमाना
bold,timid,बोल्ड,डरपोक
boldness,timidity,साहस,कातरता
boldness,timorousness,साहस,समय-समय पर
bolt,unbolt,पेंच,जल्दी से ले लेना
bomb,make it,बम,इसे बनाएं
bomb,pass,बम,उत्तीर्ण
boneless,boney,बोनर,बोनी
boneless,bony,बोनर,बनी
boney,boneless,बोनी,बोनर
bony,boneless,बनी,बोनर
boo,acclaim,बू,एक्लेम
boo,applaud,बू,सराहना
boo,clap,बू,ताली
boo,spat,बू,झगड़ा
bordered,unbordered,इसकी सीमाएं,अनियंत्रित
bore,interest,ऊब पैदा करना,दिलचस्पी
born,unborn,जन्म,आइंदा
borrow,lend,उधार,उधार देना
borrow,loan,उधार,ऋृण
borrower,lender,उधार लेने वाला,ऋणदाता
borrower,loaner,उधार लेने वाला,उधार लिया हुआ धन
botany,fauna,वनस्पति विज्ञान,पशुवर्ग
botany,zoology,वनस्पति विज्ञान,जूलॉजी
bottle-fed,breast-fed,बोतल खिलाया,स्तन खिलाया
bottlefeed,breastfeed,बॉटल से पिलाना,स्तनपान
bottlefeed,give suck,बॉटल से पिलाना,चूसना
bottlefeed,lactate,बॉटल से पिलाना,लैक्टेट
bottlefeed,nurse,बॉटल से पिलाना,देखभाल करना
bottlefeed,suck,बॉटल से पिलाना,चूसना
bottlefeed,suckle,बॉटल से पिलाना,दूध पिलाना
bottlefeed,wet-nurse,बॉटल से पिलाना,नर्स
bottom,side,तल,ओर
bottom,top,तल,शीर्ष
bottom,top of the inning,तल,पारी के ऊपर
bottom of the inning,top,पारी के नीचे,शीर्ष
bottom of the inning,top of the inning,पारी के नीचे,पारी के ऊपर
bottom out,peak,नीचे से बाहर,चोटी
bottom out,top out,नीचे से बाहर,ऊँचे से ऊँचा पत्थर लगाकर भवन पूरा करना
bottom-up,top-down,नीचे की ओर,उपर से नीचे
bottomed,bottomless,तली,बेबुनियाद
bottomless,bottomed,बेबुनियाद,तली
bounce,clear,उछलना,स्पष्ट
bounce back,get worse,उछलकर वापस आना,बदतर हो
bounce back,relapse,उछलकर वापस आना,पतन
bound,free,अवश्यंभावी,मुक्त
bound,unbound,अवश्यंभावी,अबाध
bounded interval,open interval,तंग अंतराल,खुले अंतराल
bounded interval,unbounded interval,तंग अंतराल,अनबंड अंतराल
boundedness,boundlessness,बधाई,अयोग्यता
boundedness,infiniteness,बधाई,अनन्तता
boundedness,infinitude,बधाई,अनंत
boundedness,limitlessness,बधाई,अमानवीयता
boundedness,unboundedness,बधाई,अनभिज्ञता
boundlessness,boundedness,अयोग्यता,बधाई
boundlessness,finiteness,अयोग्यता,नियत्ता
boundlessness,finitude,अयोग्यता,परिमितता
bowed,plucked,झुके,लूटा हुआ
box,unbox,डिब्बा,अनहोनी
boy,daughter,लड़का,बेटी
boy,female child,लड़का,मादा बालक
boy,girl,लड़का,लड़की
boy,little girl,लड़का,छोटी लड़की
boycott,buy at,बहिष्कार,खरीदना
boycott,frequent,बहिष्कार,अक्सर
boycott,patronise,बहिष्कार,संरक्षण
boycott,patronize,बहिष्कार,संरक्षण
boycott,shop,बहिष्कार,दुकान
boycott,shop at,बहिष्कार,से खरीददारी की
boycott,sponsor,बहिष्कार,प्रायोजक
brace,calm,ब्रेस,शांत
brace,de-energise,ब्रेस,डी-एनर्जी
brace,de-energize,ब्रेस,de-Energize
brace,sedate,ब्रेस,गंभीर
brace,tranquilize,ब्रेस,शांत होना
brace,tranquillise,ब्रेस,शांत करना
brace,tranquillize,ब्रेस,तसल्ली देना
brachycephalic,dolichocephalic,लघुशिरस्क,दीर्घशिरस्क
brachycephalic,dolichocranial,लघुशिरस्क,डोलिचक्रान -संबंधी
brachycephalic,dolichocranic,लघुशिरस्क,डोलिचोक्रेनिक
brachycranial,dolichocephalic,ब्रैकीक्रानियल,दीर्घशिरस्क
brachycranial,dolichocranial,ब्रैकीक्रानियल,डोलिचक्रान -संबंधी
brachycranial,dolichocranic,ब्रैकीक्रानियल,डोलिचोक्रेनिक
brachycranic,dolichocephalic,ब्रैकीक्रानिक,दीर्घशिरस्क
brachycranic,dolichocranial,ब्रैकीक्रानिक,डोलिचक्रान -संबंधी
brachycranic,dolichocranic,ब्रैकीक्रानिक,डोलिचोक्रेनिक
bracteate,ebracteate,गला घोंटना,गला घोंटना
bracted,ebracteate,कड़ा हुआ,गला घोंटना
braid,unbraid,चोटी,अनिच्छुक
brainwashed,unbrainwashed,brainwashed,अनभिज्ञ
branch out,narrow,फैलाना,सँकरा
branch out,narrow down,फैलाना,सीमित कर लेना
branch out,specialise,फैलाना,विशेषज्ञ
branch out,specialize,फैलाना,विशेषज्ञ
branchiate,abranchial,काम करना,शानदार
branchiate,abranchiate,काम करना,अखिल
branchiate,abranchious,काम करना,अयोग्य
branchiate,gill-less,काम करना,कमज़ोर
branchless,branchy,शाखा,टहनीदार
branchy,branchless,टहनीदार,शाखा
brand-name drug,generic drug,ब्रांड-नाम दवा,प्रजातिगत दवा
branded,unbranded,ब्रांडेड,बिना ब्रांड
brave,cautious,बहादुर,सावधान
brave,cowardly,बहादुर,राड़
brave,fearful,बहादुर,भयभीत
brave,timid,बहादुर,डरपोक
braveness,cowardice,बहादुरी,कायरता
braveness,cowardliness,बहादुरी,कायरता
bravery,cowardice,वीरता,कायरता
bravery,cowardliness,वीरता,कायरता
bravery,fear,वीरता,डर
bravery,fearfulness,वीरता,भयानकता
bravery,fright,वीरता,भय
breach,keep,उल्लंघन,रखना
breach,observe,उल्लंघन,निरीक्षण
break,advance,तोड़ना,अग्रिम
break,bushel,तोड़ना,बुशल
break,conform to,तोड़ना,के अनुरूप
break,doctor,तोड़ना,चिकित्सक
break,elevate,तोड़ना,ऊपर उठाना
break,fix,तोड़ना,हल करना
break,furbish up,तोड़ना,फुर्तीला करना
break,keep,तोड़ना,रखना
break,kick upstairs,तोड़ना,ऊपर उठना
break,make,तोड़ना,बनाना
break,mend,तोड़ना,रफ़ू किया हुआ छेद
break,observe,तोड़ना,निरीक्षण
break,promote,तोड़ना,पदोन्नति करना
break,raise,तोड़ना,उठाना
break,repair,तोड़ना,मरम्मत
break,restore,तोड़ना,पुनर्स्थापित करना
break,touch on,तोड़ना,स्पर्श करें
break,upgrade,तोड़ना,उन्नत करना
break apart,assemble,अलग हुए,इकट्ठा
break apart,merge,अलग हुए,मर्ज
break apart,piece,अलग हुए,टुकड़ा
break apart,put together,अलग हुए,एक साथ रखा
break apart,set up,अलग हुए,स्थापित करना
break apart,tack,अलग हुए,कील
break apart,tack together,अलग हुए,एक साथ सौदा करना
break apart,unify,अलग हुए,एकता कायम करना
break apart,unite,अलग हुए,एकजुट हो जाओ
break down,synthesise,टूट - फूट,संश्लेषण
break down,synthesize,टूट - फूट,synthesize
break even,lose,ब्रेक - ईवन,खोना
break even,profit,ब्रेक - ईवन,लाभ
break even,turn a loss,ब्रेक - ईवन,एक हानि मचाना
break even,turn a profit,ब्रेक - ईवन,मुनाफा बारी
break of day,sundown,दिन का ब्रेक,सूर्यास्त
break of day,sunset,दिन का ब्रेक,सूर्यास्त
break of the day,sundown,दिन का ब्रेक,सूर्यास्त
break of the day,sunset,दिन का ब्रेक,सूर्यास्त
break up,assemble,टूटना,इकट्ठा
break up,piece,टूटना,टुकड़ा
break up,put together,टूटना,एक साथ रखा
break up,set up,टूटना,स्थापित करना
break up,tack,टूटना,कील
break up,tack together,टूटना,एक साथ सौदा करना
breakable,unbreakable,भंगुर,अटूट
breakableness,unbreakableness,टूट -फूला,अयोग्यता
breast-fed,bottle-fed,स्तन खिलाया,बोतल खिलाया
breasted,breastless,छाती,स्तनधारी
breastfeed,bottlefeed,स्तनपान,बॉटल से पिलाना
breastless,breasted,स्तनधारी,छाती
breathe in,breathe out,में साँस,सांस लेना
breathe in,exhale,में साँस,साँस लेना
breathe in,expire,में साँस,समय सीमा समाप्त
breathe out,breathe in,सांस लेना,में साँस
breathe out,inhale,सांस लेना,साँस
breathe out,inspire,सांस लेना,प्रेरित करना
breathing,breathless,साँस लेने,बेदम
breathing,dyspneal,साँस लेने,डिस्पनील
breathing,dyspneic,साँस लेने,डिस्पनीजिक
breathing,dyspnoeal,साँस लेने,डिस्पनोइल
breathing,dyspnoeic,साँस लेने,डिस्प्नोइक
breathless,breathing,बेदम,साँस लेने
breathless,eupneic,बेदम,यूफनीज
breathless,eupnoeic,बेदम,यूपनोइक
bridgeable,unbridgeable,Bridgeable,अटूट
bridle,unbridle,उछालना,बेलगाम होना
bright,dim,चमकदार,धुंधला
bright,dimmed,चमकदार,मंद हो
bright,dull,चमकदार,उदासीन
brighten,cloud,रोशन,बादल
brighten,darken,रोशन,नल
brighten,overcast,रोशन,घटाटोप
brightness,dullness,चमक,मंदता
brine,fresh water,ब्राइन,ताजा पानी
brine,freshwater,ब्राइन,मीठे पानी
bring,bear away,लाना,दूर सहन
bring,bear off,लाना,झालर लगाना
bring,carry away,लाना,आगे ले जाएं
bring,carry off,लाना,ले जाना
bring,take away,लाना,ले लेना
bring around,anaesthetise,इधर -उधर करना,चतनाशून्य करना
bring around,anaesthetize,इधर -उधर करना,चतनाशून्य करना
bring around,anesthetise,इधर -उधर करना,चतनाशून्य करना
bring around,anesthetize,इधर -उधर करना,चतनाशून्य करना
bring around,put out,इधर -उधर करना,बाहर रखो
bring around,put under,इधर -उधर करना,कम करना
bring back,anaesthetise,वापस लाना,चतनाशून्य करना
bring back,anaesthetize,वापस लाना,चतनाशून्य करना
bring back,anesthetise,वापस लाना,चतनाशून्य करना
bring back,anesthetize,वापस लाना,चतनाशून्य करना
bring back,put out,वापस लाना,बाहर रखो
bring back,put under,वापस लाना,कम करना
bring down,bring up,उतार देना,ऊपर लाना
bring down,elevate,उतार देना,ऊपर उठाना
bring down,get up,उतार देना,उठना
bring down,lift,उतार देना,उठाना
bring down,raise,उतार देना,उठाना
bring forward,back,आगे बढ़ाना,पीछे
bring home the bacon,fail,वेतन कमाने वाला,असफल
bring home the bacon,go wrong,वेतन कमाने वाला,उल्टा जाओ
bring home the bacon,miscarry,वेतन कमाने वाला,असफल होना
bring off,fail,बंद करना,असफल
bring round,anaesthetise,मना लेना,चतनाशून्य करना
bring round,anaesthetize,मना लेना,चतनाशून्य करना
bring round,anesthetise,मना लेना,चतनाशून्य करना
bring round,anesthetize,मना लेना,चतनाशून्य करना
bring round,put out,मना लेना,बाहर रखो
bring round,put under,मना लेना,कम करना
bring to,anaesthetise,को लाना,चतनाशून्य करना
bring to,anaesthetize,को लाना,चतनाशून्य करना
bring to,anesthetise,को लाना,चतनाशून्य करना
bring to,anesthetize,को लाना,चतनाशून्य करना
bring to,put out,को लाना,बाहर रखो
bring to,put under,को लाना,कम करना
bring together,disjoin,मिलाना,जुदा करना
bring together,disjoint,मिलाना,विभिन्न करना
bring up,bring down,ऊपर लाना,उतार देना
bring up,get down,ऊपर लाना,नीचे उतरो
bring up,let down,ऊपर लाना,निराशा
bring up,lower,ऊपर लाना,निचला
bring up,take down,ऊपर लाना,नीचे करें
broad,narrow,चौड़ा,सँकरा
broad-minded,narrow,ब्रॉड दिमाग,सँकरा
broad-minded,narrow-minded,ब्रॉड दिमाग,संकीर्णता
broad-minded,shockable,ब्रॉड दिमाग,झटका देने योग्य
broad-mindedly,narrow-mindedly,व्यापक रूप से,संकीर्ण-mindedly
broad-mindedly,small-mindedly,व्यापक रूप से,छोटे से
broad-mindedness,narrow-mindedness,व्यापकता,विचारसंकीर्णता
broad-mindedness,narrowness,व्यापकता,संकीर्णता
broaden,narrow,व्यापक बनाने,सँकरा
broaden,narrow down,व्यापक बनाने,सीमित कर लेना
broaden,specialise,व्यापक बनाने,विशेषज्ञ
broaden,specialize,व्यापक बनाने,विशेषज्ञ
broadening,narrowing,विस्तार,संकुचन
broadly,narrowly,मोटे तौर पर,बाल बाल
broadly speaking,narrowly,मोटे तौर पर बोलना,बाल बाल
broadness,narrowness,चौड़ाई,संकीर्णता
broadnosed,catarrhine,उछाल दिया हुआ,चटपटा
broadnosed,catarrhinian,उछाल दिया हुआ,कैटर्रिहिनियन
broadnosed,leptorhine,उछाल दिया हुआ,लेप्टोरहाइन
broadnosed,leptorrhine,उछाल दिया हुआ,लेप्ट्रोरिनेशन
broadnosed,leptorrhinian,उछाल दिया हुआ,लेप्टोरिहिनियन
broadnosed,leptorrhinic,उछाल दिया हुआ,लेप्टोरिहानिक
broken,kept,टूटा हुआ,रखा
broken,unbroken,टूटा हुआ,अभंग
brother,sis,भाई,आई
brother,sister,भाई,बहन
brotherlike,sisterlike,भाई की तरह,बहन के समान
brotherlike,sisterly,भाई की तरह,प्रेमपूर्ण
brotherlike,sororal,भाई की तरह,एक प्रकार का
brotherly,sisterlike,भाई,बहन के समान
brotherly,sisterly,भाई,प्रेमपूर्ण
brotherly,sororal,भाई,एक प्रकार का
brunet,blond,श्यामला,गोरा
brunet,blonde,श्यामला,गोरा
brunet,light-haired,श्यामला,प्रकाश बालों वाली
brunette,blond,श्यामला,गोरा
brunette,blonde,श्यामला,गोरा
brunette,light-haired,श्यामला,प्रकाश बालों वाली
bucket along,dawdle,साथ में बाल्टी,डर्मल
bucket along,linger,साथ में बाल्टी,झपकी लेना
buckle,unbuckle,हिरन,खोलना
build up,demilitarise,बनाया,ग़ैरफ़ौजीकरण करना
build up,demilitarize,बनाया,ग़ैरफ़ौजीकरण करना
build up,disarm,बनाया,वश में कर लेना
bulging,concave,उभरा हुआ,नतोदर
bulk,minority,थोक,अल्पसंख्यक
bull,bear,साँड़,भालू
bump,advance,उभार,अग्रिम
bump,elevate,उभार,ऊपर उठाना
bump,kick upstairs,उभार,ऊपर उठना
bump,promote,उभार,पदोन्नति करना
bump,raise,उभार,उठाना
bump,upgrade,उभार,उन्नत करना
bumpy,smooth,ऊबड़,चिकना
buoy up,weigh down,उछालना,तौलना
buoy up,weigh on,उछालना,चिंता होना
burden,disburden,बोझ,हलका करना
burden,unburden,बोझ,बोझ उतारना
burdened,unburdened,बोझ,निर्भार
buried,unburied,दफ़नाया गया,असंबद्ध
burst,go off,फोड़ना,भाग जाओ
burst,implode,फोड़ना,फटना
burthen,disburden,बर्थेन,हलका करना
burthen,unburden,बर्थेन,बोझ उतारना
bury,remember,दफ़नाना,याद करना
bury,think of,दफ़नाना,के बारे में सोचें
bushel,break,बुशल,तोड़ना
bushel,bust,बुशल,छाती
bust,bushel,छाती,बुशल
bust,doctor,छाती,चिकित्सक
bust,fix,छाती,हल करना
bust,furbish up,छाती,फुर्तीला करना
bust,mend,छाती,रफ़ू किया हुआ छेद
bust,repair,छाती,मरम्मत
bust,restore,छाती,पुनर्स्थापित करना
bust,touch on,छाती,स्पर्श करें
busy,idle,व्यस्त,निठल्ला
but then,on one hand,परन्तु फिर,एक तरफ़
but then,on the one hand,परन्तु फिर,एक ओर
butterball,scrag,बटरबॉल,टुकड़ा
butterball,skin and bones,बटरबॉल,त्वचा और हड्डियां
butterball,thin person,बटरबॉल,पतला व्यक्ति
button,unbutton,बटन,खोलना
button up,open up,बटन लगाना,खुलना
buttoned,unbuttoned,बटन,खुला हुआ
buttoned,unfastened,बटन,अनपेक्षित
buy,sell,खरीदना,बेचना
buy at,boycott,खरीदना,बहिष्कार
buy the farm,be born,खेत खरीदें,पैदा हो
by all means,by no means,हर तरह से,किसी भी तरह से
by all means,not by a blame sight,हर तरह से,एक दोष दृष्टि से नहीं
by all means,not by a long sight,हर तरह से,एक लंबी दृष्टि से नहीं
by artificial means,naturally,कृत्रिम साधनों से,सहज रूप में
by chance,advisedly,संयोगवश,समझबूझकर
by chance,by choice,संयोगवश,मर्जी से
by chance,by design,संयोगवश,डिजाइन द्वारा
by chance,deliberately,संयोगवश,जान-बूझकर
by chance,designedly,संयोगवश,जान-बूझकर
by chance,intentionally,संयोगवश,जानबूझकर
by chance,on purpose,संयोगवश,जान - बूझकर
by chance,purposely,संयोगवश,जानबूझकर
by choice,accidentally,मर्जी से,अकस्मात
by choice,by chance,मर्जी से,संयोगवश
by choice,circumstantially,मर्जी से,ब्योरे से
by choice,unexpectedly,मर्जी से,अप्रत्याशित रूप से
by choice,unintentionally,मर्जी से,अनजाने
by design,accidentally,डिजाइन द्वारा,अकस्मात
by design,by chance,डिजाइन द्वारा,संयोगवश
by design,circumstantially,डिजाइन द्वारा,ब्योरे से
by design,unexpectedly,डिजाइन द्वारा,अप्रत्याशित रूप से
by design,unintentionally,डिजाइन द्वारा,अनजाने
by hand,by machine,हाथ से,मशीन द्वारा
by machine,by hand,मशीन द्वारा,हाथ से
by no means,by all means,किसी भी तरह से,हर तरह से
by trial and error,theoretically,परीक्षण और त्रुटि के द्वारा,सैद्धांतिक रूप से
cacodaemon,eudaemon,कैकोडेमन,यूडेमॉन
cacodaemon,eudemon,कैकोडेमन,यूडमोन
cacodaemon,good spirit,कैकोडेमन,अच्छी भावना
cacodemon,eudaemon,कैकोडमोन,यूडेमॉन
cacodemon,eudemon,कैकोडमोन,यूडमोन
cacodemon,good spirit,कैकोडमोन,अच्छी भावना
cacogenic,eugenic,कैकोजेनिक,युजनिक
cacogenics,eugenics,कैकोजेनिक्स,युजनिक्स
cacophonic,euphonious,कैकोफोनिक,श्रुतिमधुर
cacophonic,euphonous,कैकोफोनिक,व्यंजनापूर्ण
cacophonous,euphonious,कैकोफोनस,श्रुतिमधुर
cacophonous,euphonous,कैकोफोनस,व्यंजनापूर्ण
caducous,lasting,समय से पहले गिरा हुआ,तक चलने वाले
caducous,persistent,समय से पहले गिरा हुआ,ज़िद्दी
caenogenesis,palingenesis,कैनोजेनेसिस,धूर्तता
caenogenesis,recapitulation,कैनोजेनेसिस,संक्षिप्त
cainogenesis,palingenesis,कैनोजेनेसिस,धूर्तता
cainogenesis,recapitulation,कैनोजेनेसिस,संक्षिप्त
calced,discalceate,बगुला,विघटित करना
calced,discalced,बगुला,डिस्पल किया हुआ
calced,unshod,बगुला,बिना जूतें
calcicolous,calcifugous,कैल्सिकोलस,कैल्सिफ़्यूजस
calcifugous,calcicolous,कैल्सिफ़्यूजस,कैल्सिकोलस
calcify,decalcify,कड़ा हो जाना,अम्लो व्दारा कैल्सियम
calculable,incalculable,गणना योग्य,बेहिसाब
call,put,पुकारना,रखना
call,put option,पुकारना,पुट विकल्प
call back,blank out,वापस बुलाओ,ब्लैंक आउट
call back,block,वापस बुलाओ,अवरोध पैदा करना
call back,draw a blank,वापस बुलाओ,रिक्त स्थान
call back,forget,वापस बुलाओ,भूल जाओ
call for,eliminate,के लिए कॉल,हटाना
call for,obviate,के लिए कॉल,मुक्त हो जाना
call for,rid of,के लिए कॉल,से छुटकारा
call option,put,फोन विकल्प,रखना
call option,put option,फोन विकल्प,पुट विकल्प
call up,blank out,कॉल करें,ब्लैंक आउट
call up,block,कॉल करें,अवरोध पैदा करना
call up,demobilise,कॉल करें,सेना तोड़ देना
call up,demobilize,कॉल करें,सेना तोड़ देना
call up,draw a blank,कॉल करें,रिक्त स्थान
call up,forget,कॉल करें,भूल जाओ
call up,inactivate,कॉल करें,निष्क्रिय
calm,agitate,शांत,आंदोलन
calm,arouse,शांत,उकसाना
calm,brace,शांत,ब्रेस
calm,charge,शांत,शुल्क
calm,charge up,शांत,शुल्क लगाना
calm,commove,शांत,कदम
calm,discomposure,शांत,उद्वेग
calm,energise,शांत,Energize
calm,energize,शांत,Energize
calm,excite,शांत,उत्तेजित
calm,perk up,शांत,गर्वीला
calm,rouse,शांत,जगाना
calm,stimulate,शांत,उकसाना
calm,stormy,शांत,तूफानी
calm,turn on,शांत,चालू करो
calm down,agitate,शांत हो,आंदोलन
calm down,charge,शांत हो,शुल्क
calm down,charge up,शांत हो,शुल्क लगाना
calm down,commove,शांत हो,कदम
calm down,excite,शांत हो,उत्तेजित
calm down,rouse,शांत हो,जगाना
calm down,turn on,शांत हो,चालू करो
calmness,agitation,शांति,घबराहट
calmness,discomposure,शांति,उद्वेग
caloric,nonthermal,गरमी,अस्तित्व संबंधी
camphorated,uncamphorated,कपूर से सना हुआ,अनियंत्रित
campylotropous,orthotropous,कैम्पिलोट्रोपीस,आंतक
can,employ,कर सकना,काम
can,engage,कर सकना,काम पर लगाना
can,hire,कर सकना,किराये पर लेना
cancelled,on,रद्द,पर
candor,unfairness,स्पष्टवादिता,अनौचित्य
candour,unfairness,CANDOR,अनौचित्य
cannonball along,dawdle,तोप के साथ,डर्मल
cannonball along,linger,तोप के साथ,झपकी लेना
capability,incapability,क्षमता,असमर्थता
capability,incapableness,क्षमता,अयोग्यता
capable,incapable,काबिल,अक्षम
capableness,incapability,आयुक्तता,असमर्थता
capableness,incapableness,आयुक्तता,अयोग्यता
capably,displaying incompetence,कुशलता के साथ,अक्षमता प्रदर्शित करना
capably,incompetently,कुशलता के साथ,अयोग्यतापूर्वक
capacity,incapacity,क्षमता,अक्षमता
capital,lower-case letter,पूंजी,छोटा अक्षर
capital,lowercase,पूंजी,छोटे
capital,minuscule,पूंजी,एक प्रकार का हस्तलेख
capital,small letter,पूंजी,छोटा पत्र
capital letter,lower-case letter,पूंजी पत्र,छोटा अक्षर
capital letter,lowercase,पूंजी पत्र,छोटे
capital letter,minuscule,पूंजी पत्र,एक प्रकार का हस्तलेख
capital letter,small letter,पूंजी पत्र,छोटा पत्र
capitalism,socialism,पूंजीवाद,समाजवाद
capitalism,socialist economy,पूंजीवाद,समाजवादी अर्थव्यवस्था
capitalist,socialist,पूंजीवादी,समाजवादी
capitalist,socialistic,पूंजीवादी,समाजवादी
capitalist economy,socialism,पूंजीवादी अर्थव्यवस्था,समाजवाद
capitalist economy,socialist economy,पूंजीवादी अर्थव्यवस्था,समाजवादी अर्थव्यवस्था
capitalistic,socialist,पूंजीवादी,समाजवादी
capitalistic,socialistic,पूंजीवादी,समाजवादी
captor,liberator,क़ैदी बनानेवाला,मुक्तिदाता
capturer,liberator,कब्जा,मुक्तिदाता
cardinal,ordinal,कार्डिनल,क्रमवाचक
cared-for,uncared-for,परवाह करने के लिए,उपेक्षित
careful,careless,सावधान,लापरवाह
carefully,carelessly,सावधानी से,लापरवाही
carefully,incautiously,सावधानी से,असावधानी से
carefulness,carelessness,सतर्कता,लापरवाही
carefulness,incaution,सतर्कता,अवलोकन
carefulness,incautiousness,सतर्कता,अवसाद
carefulness,sloppiness,सतर्कता,ढीलापन
careless,careful,लापरवाह,सावधान
carelessly,carefully,लापरवाही,सावधानी से
carelessly,cautiously,लापरवाही,सतर्कता से
carelessness,carefulness,लापरवाही,सतर्कता
carinate,flightless bird,नरम करना,न उड़ सकने वाला पक्षी
carinate,ratite,नरम करना,रोटाइट
carinate,ratite bird,नरम करना,रोटाइट पक्षी
carinate bird,flightless bird,बर्ड,न उड़ सकने वाला पक्षी
carinate bird,ratite,बर्ड,रोटाइट
carinate bird,ratite bird,बर्ड,रोटाइट पक्षी
carnivorous,herbivorous,मांसभक्षी,तृणभक्षी
carnivorous,insectivorous,मांसभक्षी,कीट खानेवाला
carnivorous,omnivorous,मांसभक्षी,सर्व-भक्षक
carpellate,acarpellous,कार्पेलेट,अक्रिय
carpellate,acarpelous,कार्पेलेट,एक प्रकार का
carpeted,uncarpeted,कालीन,अचूक
carry away,bring,आगे ले जाएं,लाना
carry away,convey,आगे ले जाएं,बताना
carry away,fetch,आगे ले जाएं,लाना
carry away,get,आगे ले जाएं,पाना
carry off,bring,ले जाना,लाना
carry off,convey,ले जाना,बताना
carry off,fail,ले जाना,असफल
carry off,fetch,ले जाना,लाना
carry off,get,ले जाना,पाना
carry on,cease,जारी रखो,रोकना
carry on,discontinue,जारी रखो,बंद
carry on,give up,जारी रखो,छोड़ देना
carry on,lay off,जारी रखो,छंटनी
carry on,quit,जारी रखो,छोड़ना
carry on,stop,जारी रखो,रुकना
carry to term,miscarry,कार्यभार करना,असफल होना
carve up,unify,बांट लो,एकता कायम करना
carve up,unite,बांट लो,एकजुट हो जाओ
carved,uncarved,खुदी हुई,अचूक
carvel-built,clincher-built,कावलबिल्ट,क्लिनिक निर्मित
carvel-built,clinker-built,कावलबिल्ट,क्लिंकर निर्मित
carvel-built,lap-strake,कावलबिल्ट,गोद
carvel-built,lap-straked,कावलबिल्ट,लपेटा हुआ
carvel-built,lap-streak,कावलबिल्ट,गोद में लकीर
carvel-built,lap-streaked,कावलबिल्ट,लपेटा हुआ
carven,uncarved,कारवेन,अचूक
cash,credit,नकद,श्रेय
cash,deferred payment,नकद,आस्थगित भुगतान
cash account,margin account,रोकड़ा खाता,संचय खाता
cash basis,accrual basis,नकद आधार,प्रोद्भवन आधार
cash in one's chips,be born,किसी के चिप्स में कैश,पैदा हो
cast,keep down,ढालना,नीचे रखें
cast down,elate,गिराना,आप रहते हैं
cast down,intoxicate,गिराना,नशा
cast down,lift up,गिराना,उठाना
cast down,pick up,गिराना,उठाना
cast down,uplift,गिराना,उत्थान
cast off,cast on,डालना,सलाई में फंदे डालना
cast on,cast off,सलाई में फंदे डालना,डालना
castrated,uncastrated,बधिया,बेकार
cat,keep down,बिल्ली,नीचे रखें
catabatic,anabatic,अपचनीय,एक प्रकार का
catabolic,anabolic,अपचयी,उपचय
catabolism,anabolism,अपच,उपसर्ग
catabolism,constructive metabolism,अपच,रचनात्मक चयापचय
cataclinal,anaclinal,कैटाक्लिनल,सन्निहित
catadromous,anadromous,कैटड्रोमस,anadromous
catadromous,diadromous,कैटड्रोमस,डायरस
catalectic,acatalectic,उत्प्रेरक,एक प्रकार का
catalectic,hypercatalectic,उत्प्रेरक,अतिवृष्टि संबंधी
catalyst,anticatalyst,उत्प्रेरक,रोग -संबंधी
cataphatism,analogy,कैटफैटिज़्म,समानता
cataphatism,apophatism,कैटफैटिज़्म,चंचलता
cataphatism,doctrine of analogy,कैटफैटिज़्म,सादृश्यता का सिद्धांत
catarrhine,broadnosed,चटपटा,उछाल दिया हुआ
catarrhine,leptorhine,चटपटा,लेप्टोरहाइन
catarrhine,leptorrhine,चटपटा,लेप्ट्रोरिनेशन
catarrhine,leptorrhinian,चटपटा,लेप्टोरिहिनियन
catarrhine,leptorrhinic,चटपटा,लेप्टोरिहानिक
catarrhine,platyrhine,चटपटा,पठारहिन
catarrhine,platyrhinian,चटपटा,प्लाटिरहिनियन
catarrhine,platyrrhine,चटपटा,पठार
catarrhine,platyrrhinian,चटपटा,प्लाटिर्रहिनियन
catarrhine,platyrrhinic,चटपटा,पठार -संबंधी
catarrhinian,broadnosed,कैटर्रिहिनियन,उछाल दिया हुआ
catarrhinian,leptorhine,कैटर्रिहिनियन,लेप्टोरहाइन
catarrhinian,leptorrhine,कैटर्रिहिनियन,लेप्ट्रोरिनेशन
catarrhinian,leptorrhinian,कैटर्रिहिनियन,लेप्टोरिहिनियन
catarrhinian,leptorrhinic,कैटर्रिहिनियन,लेप्टोरिहानिक
catarrhinian,platyrhine,कैटर्रिहिनियन,पठारहिन
catarrhinian,platyrhinian,कैटर्रिहिनियन,प्लाटिरहिनियन
catarrhinian,platyrrhine,कैटर्रिहिनियन,पठार
catarrhinian,platyrrhinian,कैटर्रिहिनियन,प्लाटिर्रहिनियन
catarrhinian,platyrrhinic,कैटर्रिहिनियन,पठार -संबंधी
catch,unhitch,पकड़ना,अनहोनी
catch some Z's,wake,कुछ z पकड़ो,जागो
categorem,syncategorem,वर्गीय,समन्वय
categorem,syncategoreme,वर्गीय,समन्वित
categorematic,syncategorematic,श्रेणीबद्ध,समन्वय संबंधी
categoreme,syncategorem,श्रेणीबद्ध,समन्वय
categoreme,syncategoreme,श्रेणीबद्ध,समन्वित
cathode,anode,कैथोड,एनोड
cathodic,anodal,कैथोडिक,anodal
cathodic,anodic,कैथोडिक,एनोडिक
cationic,anionic,धनायनित,ऋणात्मक
caudal,cephalic,पूंछ का,मस्तक का
caudate,acaudal,पूंछवाला,अकाउडल
caudate,acaudate,पूंछवाला,पैकेट
caudated,acaudal,पुष्पित,अकाउडल
caudated,acaudate,पुष्पित,पैकेट
caulescent,acaulescent,डंडीवाला,एक प्रकार का
caulescent,stemless,डंडीवाला,बिना स्टेम का
cauline,acaulescent,तने का,एक प्रकार का
cauline,basal,तने का,बुनियादी
cauline,radical,तने का,मौलिक
cauline,stemless,तने का,बिना स्टेम का
caulked,uncaulked,चालाक,अनियंत्रित
causative,noncausal,प्रेरणा,नॉनकौज़ल
causative,noncausative,प्रेरणा,अविभाज्य
cause to sleep,arouse,सोने का कारण,उकसाना
cause to sleep,awaken,सोने का कारण,अवेकन
cause to sleep,rouse,सोने का कारण,जगाना
cause to sleep,wake,सोने का कारण,जागो
cause to sleep,wake up,सोने का कारण,जागो
cause to sleep,waken,सोने का कारण,जागना
caution,incaution,सावधानी,अवलोकन
caution,incautiousness,सावधानी,अवसाद
cautious,brave,सावधान,बहादुर
cautious,incautious,सावधान,असावधान
cautiously,carelessly,सतर्कता से,लापरवाही
cautiously,incautiously,सतर्कता से,असावधानी से
cautiousness,incaution,सतर्क,अवलोकन
cautiousness,incautiousness,सतर्क,अवसाद
cease,bear on,रोकना,स्म्भालो
cease,begin,रोकना,शुरू
cease,carry on,रोकना,जारी रखो
cease,continue,रोकना,जारी रखना
cease,preserve,रोकना,संरक्षित करना
cease,start,रोकना,शुरू
cease,uphold,रोकना,कायम रखना
ceilinged,floored,छत,फर्श
celebrity,infamy,प्रसिद्ध व्यक्ति,कुख्यात
celebrity,opprobrium,प्रसिद्ध व्यक्ति,अपमान
cellular,acellular,सेलुलर,अकोशिकीय
cellular,noncellular,सेलुलर,असंबद्ध
cenobite,eremite,Cenobite,संन्यासी
cenobitic,eremitic,कोफुसी,एक प्रकार का
cenobitic,eremitical,कोफुसी,एक प्रकार का
cenobitical,eremitic,सेनोबिटिकल,एक प्रकार का
cenobitical,eremitical,सेनोबिटिकल,एक प्रकार का
cenogenesis,palingenesis,सेनोजेनेसिस,धूर्तता
cenogenesis,recapitulation,सेनोजेनेसिस,संक्षिप्त
cenogenetic,palingenetic,सेनोजेनेटिक,धूर्तता संबंधी
censored,uncensored,सेंसर,बिना सेंसर
center,left,केंद्र,बाएं
center,right,केंद्र,सही
central,peripheral,केंद्रीय,परिधीय
centralisation,decentralisation,केंद्रीकरण,विकेन्द्रीकरण
centralisation,decentralization,केंद्रीकरण,विकेन्द्रीकरण
centralise,decentralise,केंद्रीकृत,de-केंद्रस्थ
centralise,decentralize,केंद्रीकृत,विकेन्द्रित करना
centralise,deconcentrate,केंद्रीकृत,विकेंद्रीकरण
centralised,decentralised,केंद्रीकृत,विकेन्द्रीकृत
centralised,decentralized,केंद्रीकृत,विकेंद्रीकरण
centralising,decentralising,केंद्रीकृत,विकेंद्रीकरण
centralising,decentralizing,केंद्रीकृत,विकेंद्रीकरण
centrality,marginality,केन्द्रीयता,सीमांतता
centralization,decentralisation,केंद्रीकरण,विकेन्द्रीकरण
centralization,decentralization,केंद्रीकरण,विकेन्द्रीकरण
centralize,decentralise,केंद्रस्थ,de-केंद्रस्थ
centralize,decentralize,केंद्रस्थ,विकेन्द्रित करना
centralize,deconcentrate,केंद्रस्थ,विकेंद्रीकरण
centralized,decentralised,केंद्रीकृत,विकेन्द्रीकृत
centralized,decentralized,केंद्रीकृत,विकेंद्रीकरण
centralizing,decentralising,केंद्रीकृत,विकेंद्रीकरण
centralizing,decentralizing,केंद्रीकृत,विकेंद्रीकरण
centrally,peripherally,केन्द्र,सतही तौर पर
centrifugal,centripetal,केंद्रत्यागी,केंद्र की ओर जानेवाला
centrifugal force,centripetal force,अपकेन्द्रीय बल,सेंट्ररपेटल फ़ोर्स
centripetal,centrifugal,केंद्र की ओर जानेवाला,केंद्रत्यागी
centripetal force,centrifugal force,सेंट्ररपेटल फ़ोर्स,अपकेन्द्रीय बल
cephalic,caudal,मस्तक का,पूंछ का
cerebral,emotional,सेरिब्रल,भावनात्मक
ceremonially,unceremoniously,समारोहपूर्वक,अचूक रूप से
ceremoniously,unceremoniously,समारोह,अचूक रूप से
ceremoniousness,unceremoniousness,समन्वय,अचूकता
certain,incertain,निश्चित,ढुलमुल
certain,uncertain,निश्चित,ढुलमुल
certain,unsealed,निश्चित,सील न की गयी
certain,unsure,निश्चित,अनिश्चित
certainty,doubt,निश्चितता,संदेह
certainty,doubtfulness,निश्चितता,संदिग्धता
certainty,dubiety,निश्चितता,संदेह की भावना
certainty,dubiousness,निश्चितता,निष्ठावानता
certainty,incertitude,निश्चितता,अनिश्चितता
certainty,precariousness,निश्चितता,पराधीनता
certainty,uncertainness,निश्चितता,अनिश्चितता
certainty,uncertainty,निश्चितता,अनिश्चितता
certification,disenfranchisement,प्रमाणीकरण,मताधिकार
certified,uncertified,प्रमाणित,अनिच्छित
certify,decertify,प्रमाणित,डिक्रिप्ट करना
certify,derecognise,प्रमाणित,मान्यता रद्द
certify,derecognize,प्रमाणित,समझाना
chain,unchain,जंजीर,मुक्त कर देना
change,remain,परिवर्तन,अवशेष
change,rest,परिवर्तन,आराम
change,stay,परिवर्तन,रहना
changeability,changelessness,चंचलता,अपरिवर्तिता
changeability,unchangeability,चंचलता,अपरिवर्तनीयता
changeability,unchangeableness,चंचलता,अपरिवर्तनीयता
changeability,unchangingness,चंचलता,अपरिवर्तनीयता
changeable,changeless,अस्थिर,निरंतर
changeable,immutable,अस्थिर,अडिग
changeable,unchangeable,अस्थिर,अपरिवर्तनीय
changeableness,changelessness,चूकना,अपरिवर्तिता
changeableness,unchangeability,चूकना,अपरिवर्तनीयता
changeableness,unchangeableness,चूकना,अपरिवर्तनीयता
changeableness,unchangingness,चूकना,अपरिवर्तनीयता
changed,unchanged,बदले हुए,अपरिवर्तित
changeful,unchangeable,परिवर्तन से भरा हुआ,अपरिवर्तनीय
changefulness,constancy,परिवर्तनशीलता,भक्ति
changefulness,stability,परिवर्तनशीलता,स्थिरता
changeless,changeable,निरंतर,अस्थिर
changeless,mutable,निरंतर,परिवर्तनशील
changelessness,changeability,अपरिवर्तिता,चंचलता
changelessness,changeableness,अपरिवर्तिता,चूकना
chapelgoer,Anglican,चैपलगोर,अंगरेज़ी
characteristic,uncharacteristic,विशेषता,अस्वाभाविक
characteristically,uncharacteristically,विशेषता से,अनियंत्रित रूप से
charge,calm,शुल्क,शांत
charge,calm down,शुल्क,शांत हो
charge,discharge,शुल्क,स्राव होना
charge,lull,शुल्क,शांति काल
charge,pay cash,शुल्क,नकद भुगतान करना
charge,quiet,शुल्क,शांत
charge,quieten,शुल्क,शांत होना
charge,still,शुल्क,फिर भी
charge,tranquilize,शुल्क,शांत होना
charge,tranquillise,शुल्क,शांत करना
charge,tranquillize,शुल्क,तसल्ली देना
charge up,calm,शुल्क लगाना,शांत
charge up,calm down,शुल्क लगाना,शांत हो
charge up,lull,शुल्क लगाना,शांति काल
charge up,quiet,शुल्क लगाना,शांत
charge up,quieten,शुल्क लगाना,शांत होना
charge up,still,शुल्क लगाना,फिर भी
charge up,tranquilize,शुल्क लगाना,शांत होना
charge up,tranquillise,शुल्क लगाना,शांत करना
charge up,tranquillize,शुल्क लगाना,तसल्ली देना
charged,uncharged,आरोप लगाया,न लगाए गए
chariness,unwariness,दूरंदेशी,अनभिज्ञता
charitable,uncharitable,दान देने की,संगदिल
chartered,unchartered,चार्टर्ड,अज्ञात
chaste,unchaste,पवित्र,मिलावटी
cheap,expensive,सस्ता,महँगा
cheaply,expensively,सस्ते में,बड़ी लागत
check,disaccord,जाँच करना,अयुक्त
check,disagree,जाँच करना,असहमत
check,discord,जाँच करना,कलह
check in,check out,चेक इन,चेक आउट
check out,check in,चेक आउट,चेक इन
check out,sign in,चेक आउट,दाखिल करना
cheer,complain,खुश करना,शिकायत करना
cheer,dishearten,खुश करना,उत्साह भंग करना
cheer,kick,खुश करना,लात मारना
cheer,kvetch,खुश करना,फूल
cheer,plain,खुश करना,मैदान
cheer,put off,खुश करना,बंद करो
cheer,quetch,खुश करना,बधाई देना
cheer,sound off,खुश करना,बकना
cheer,uncheerfulness,खुश करना,अनभिज्ञता
cheer up,complain,खुश हो जाओ,शिकायत करना
cheer up,kick,खुश हो जाओ,लात मारना
cheer up,kvetch,खुश हो जाओ,फूल
cheer up,plain,खुश हो जाओ,मैदान
cheer up,quetch,खुश हो जाओ,बधाई देना
cheer up,sound off,खुश हो जाओ,बकना
cheerful,cheerless,हंसमुख,बेदिल
cheerful,depressing,हंसमुख,दबाकर
cheerful,uncheerful,हंसमुख,अचूक
cheerfully,cheerlessly,हंसमुख,उदास भाव से
cheerfulness,cheerlessness,उत्साह,चीयरियत
cheerfulness,uncheerfulness,उत्साह,अनभिज्ञता
cheerless,cheerful,बेदिल,हंसमुख
cheerlessly,cheerfully,उदास भाव से,हंसमुख
cheerlessness,blitheness,चीयरियत,धमाकेदारता
cheerlessness,cheerfulness,चीयरियत,उत्साह
child,parent,बच्चा,माता-पिता
chill,heat,सर्द,गर्मी
chill,heat up,सर्द,गरम करना
chill,hot up,सर्द,मस्त
chirk up,complain,चहकना,शिकायत करना
chirk up,kick,चहकना,लात मारना
chirk up,kvetch,चहकना,फूल
chirk up,plain,चहकना,मैदान
chirk up,quetch,चहकना,बधाई देना
chirk up,sound off,चहकना,बकना
chivalrously,unchivalrously,शिष्टता से,अचूक रूप से
chlamydeous,achlamydeous,क्लैमाइडस,एक प्रकार का
choke,be born,चोक,पैदा हो
choke,unclog,चोक,खोलना
choke off,unclog,चोक कर देना,खोलना
choke up,loosen up,गला घोंटना,ढीला करो
choke up,unstuff,गला घोंटना,अनभिज्ञ
cholinergic,anticholinergic,कोलीनर्जिक,कोलीनधर्मरोधी
chondritic,achondritic,चोंड्रिटिक,एक प्रकार का
chop-chop,easy,चॉप-डॉग,आसान
chop-chop,slow,चॉप-डॉग,धीमा
chop-chop,slowly,चॉप-डॉग,धीरे से
chop-chop,tardily,चॉप-डॉग,यिलंबपूर्वक
christian,unchristian,ईसाई,ईसाई धर्म का नहीं
chromatic,achromatic,रंगीन,बिना रंग का
chromatic,diatonic,रंगीन,डायटोनिक
chromatic,neutral,रंगीन,तटस्थ
chromatic color,achromatic color,रंगीन रंग,आक्रोशिक रंग
chromatic color,achromatic colour,रंगीन रंग,आक्रोशिक रंग
chromatic colour,achromatic color,रंगीन रंग,आक्रोशिक रंग
chromatic colour,achromatic colour,रंगीन रंग,आक्रोशिक रंग
chromatinic,achromatinic,क्रोमेटिनिक,घनत्व संबंधी
chronic,acute,दीर्घकालिक,तीव्र
chronically,acutely,लंबे समय से,तीव्रता से
chuck,keep down,चक,नीचे रखें
chuck up the sponge,enter,चक स्पंज,प्रवेश करना
chuck up the sponge,participate,चक स्पंज,हिस्सा लेना
circular,square,परिपत्र,वर्ग
circumstantial evidence,direct evidence,परिस्थितिजन्य साक्ष्य,प्रत्यक्ष साक्ष्य
circumstantially,advisedly,ब्योरे से,समझबूझकर
circumstantially,by choice,ब्योरे से,मर्जी से
circumstantially,by design,ब्योरे से,डिजाइन द्वारा
circumstantially,deliberately,ब्योरे से,जान-बूझकर
circumstantially,designedly,ब्योरे से,जान-बूझकर
circumstantially,intentionally,ब्योरे से,जानबूझकर
circumstantially,on purpose,ब्योरे से,जान - बूझकर
circumstantially,purposely,ब्योरे से,जानबूझकर
cismontane,tramontane,सिस्मोंटान,परदेशी
cismontane,transmontane,सिस्मोंटान,प्रसारण
citizen,alien,नागरिक,विदेशी
citizen,foreigner,नागरिक,परदेशी
citizen,noncitizen,नागरिक,नॉनसिटिज़न
citizen,outlander,नागरिक,आउटलैंडर
civil,rude,नागरिक,अशिष्ट
civil,sidereal,नागरिक,तारे के समान
civil,uncivil,नागरिक,अशिष्ट
civil law,international law,सिविल कानून,अंतरराष्ट्रीय कानून
civil law,law of nations,सिविल कानून,राष्ट्रों का नियम
civilian,man,असैनिक,आदमी
civilian,military,असैनिक,सैन्य
civilian,military man,असैनिक,सैन्य व्यक्ति
civilian,military personnel,असैनिक,सैन्य कर्मचारी
civilian,serviceman,असैनिक,आर्मीवाला
civilised,noncivilised,सभ्य,अखंडित
civilised,noncivilized,सभ्य,अविभाजित
civility,incivility,शिष्टाचार,कटुता
civilized,noncivilised,सभ्य,अखंडित
civilized,noncivilized,सभ्य,अविभाजित
civilly,uncivilly,आदाब से,असभ्य
clabber,homogenise,दधि,एकत्रित करना
clabber,homogenize,दधि,एकत्रित करना
clad,unclothed,क्लैड,अनिच्छुक
claim,disclaim,दावा,छोड़ना
claim,forego,दावा,त्याघना
claim,forfeit,दावा,अर्थदंड
claim,forgo,दावा,त्यागना
claim,give up,दावा,छोड़ देना
claim,throw overboard,दावा,पनपना
claim,waive,दावा,माफ
clam up,open up,चुप हो जाना,खुलना
clap,boo,ताली,बू
clap,hiss,ताली,फुफकार
clarify,obfuscate,स्पष्ट करना,अंधेरा करना
clarity,abstruseness,स्पष्टता,बेवजह
clarity,obscureness,स्पष्टता,अश्लीलता
clarity,obscurity,स्पष्टता,अंधकार
clarity,opacity,स्पष्टता,अस्पष्टता
clarity,opaqueness,स्पष्टता,धुँधलापन
clarity,reconditeness,स्पष्टता,समरूपता
clarity,unclearness,स्पष्टता,असंबद्धता
clasp,unbuckle,अकवार,खोलना
clasp,unclasp,अकवार,मुक्त करना
classic,nonclassical,क्लासिक,अनियंत्रित
classical,nonclassical,क्लासिक,अनियंत्रित
classicalism,Romantic Movement,शास्त्रीयता,रोमांटिक आंदोलन
classicalism,Romanticism,शास्त्रीयता,प्राकृतवाद
classicism,Romantic Movement,क्लासिसिज़म,रोमांटिक आंदोलन
classicism,Romanticism,क्लासिसिज़म,प्राकृतवाद
classicist,romantic,क्लासिकिस्ट,प्रेम प्रसंगयुक्त
classicist,romanticist,क्लासिकिस्ट,विलक्षण करनेवाला
classification,declassification,वर्गीकरण,गैर-गोपनीयता
classified,unclassified,वर्गीकृत,अवर्गीकृत
classify,declassify,वर्गीकृत करना,डिस्चार्ज करना
clayey,arenaceous,मिट्टी का,बलुआ
clayey,sandlike,मिट्टी का,रेत के समान
clayey,sandy,मिट्टी का,रेतीले
clean,begrime,साफ,प्रांगण
clean,below the belt,साफ,बेल्ट के नीचे
clean,bemire,साफ,बेकार कर देना
clean,colly,साफ,कोल्ली
clean,contaminating,साफ,दूषणकारी
clean,dirty,साफ,गंदा
clean,grime,साफ,जमी हुई कीट
clean,impure,साफ,अशुद्ध
clean,soil,साफ,मिट्टी
clean,soiled,साफ,गंदे
clean,unclean,साफ,अशुद्ध
clean,unfairly,साफ,गलत तरीके से
clean-handed,guilty,स्वच्छ,अपराधी
cleanliness,uncleanliness,स्वच्छता,मालिन्य
cleanness,dirtiness,पवित्रता,कीचड़
cleanness,uncleanness,पवित्रता,अशुद्धता
clear,bounce,स्पष्ट,उछलना
clear,cloud,स्पष्ट,बादल
clear,cloudy,स्पष्ट,बादलों से घिरा
clear,clutter,स्पष्ट,अव्यवस्था
clear,clutter up,स्पष्ट,अव्यवस्था करना
clear,convict,स्पष्ट,मिद्धदोष अपराधी
clear,ill-defined,स्पष्ट,ख़राब ढंग से परिभाषित
clear,opaque,स्पष्ट,अस्पष्ट
clear,overcast,स्पष्ट,घटाटोप
clear,unclear,स्पष्ट,अस्पष्ट
clear up,cloud,साफ़ करो,बादल
clear up,obfuscate,साफ़ करो,अंधेरा करना
clear up,overcast,साफ़ करो,घटाटोप
clear-thinking,confused,स्पष्ट-विचार,अस्पष्ट
cleared,uncleared,को मंजूरी दे दी,मिलावटी
clearheaded,confused,समझदार,अस्पष्ट
clearly,unintelligibly,स्पष्ट रूप से,अनिच्छुक रूप से
clearly,ununderstandably,स्पष्ट रूप से,अनिश्चित रूप से
clearness,abstruseness,स्पष्टता,बेवजह
clearness,obscureness,स्पष्टता,अश्लीलता
clearness,obscurity,स्पष्टता,अंधकार
clearness,opacity,स्पष्टता,अस्पष्टता
clearness,opaqueness,स्पष्टता,धुँधलापन
clearness,reconditeness,स्पष्टता,समरूपता
clearness,unclearness,स्पष्टता,असंबद्धता
clement,inclement,क्लेमेंत,कठोर
clergy,laity,पादरियों,समाज
clergy,temporalty,पादरियों,अस्थायीता
clergyman,layman,पादरी,साधारण व्यक्ति
clergyman,layperson,पादरी,लेपर्सन
clergyman,secular,पादरी,धर्मनिरपेक्ष
climactic,anticlimactic,चरम,anticlimactic
climb,declension,चढ़ना,अवनति
climb,declination,चढ़ना,झुकाव
climb,decline,चढ़ना,गिरावट
climb,declivity,चढ़ना,ढार
climb,descent,चढ़ना,चढ़ाई
climb,downslope,चढ़ना,डाउडलोप
climb,fall,चढ़ना,गिरना
climb,wane,चढ़ना,पतन
climb on,get off,चढ़ना,उतर जाओ
climb on,hop out,चढ़ना,रोकना
clincher-built,carvel-built,क्लिनिक निर्मित,कावलबिल्ट
clinker-built,carvel-built,क्लिंकर निर्मित,कावलबिल्ट
clip,unclip,क्लिप,खोलना
clock in,clock off,घड़ी में,बंद घड़ी
clock in,clock out,घड़ी में,काम समाप्त करना
clock in,punch out,घड़ी में,घूंसा मार बाहर करो
clock off,clock in,बंद घड़ी,घड़ी में
clock off,clock on,बंद घड़ी,घड़ी
clock off,punch in,बंद घड़ी,में पंच करना
clock on,clock off,घड़ी,बंद घड़ी
clock on,clock out,घड़ी,काम समाप्त करना
clock on,punch out,घड़ी,घूंसा मार बाहर करो
clock out,clock in,काम समाप्त करना,घड़ी में
clock out,clock on,काम समाप्त करना,घड़ी
clock out,punch in,काम समाप्त करना,में पंच करना
clockwise,anticlockwise,दक्षिणावर्त,वामा व्रत
clockwise,contraclockwise,दक्षिणावर्त,contraclockwise
clockwise,counterclockwise,दक्षिणावर्त,वामावर्त
clockwise rotation,counterclockwise rotation,क्लॉकवाइज रोटेशन,वामावर्त रोटेशन
clockwise rotation,levorotation,क्लॉकवाइज रोटेशन,लेवोरोटेशन
clog,unclog,रोकना,खोलना
clog up,unclog,बंद हो गया,खोलना
close,distant,बंद करना,दूरस्थ
close,far,बंद करना,दूर
close,open,बंद,खुला
close,open up,बंद करना,खुलना
close,remote,बंद करना,दूर
close down,open,बंद करना,खुला
close down,open up,बंद करना,खुलना
close up,disengage,क्लोज़ अप,छुड़ाना
close up,free,क्लोज़ अप,मुक्त
close up,open,क्लोज़ अप,खुला
close up,open up,क्लोज़ अप,खुलना
closed,open,बंद किया हुआ,खुला
closed,opened,बंद किया हुआ,खोला हुआ
closed,unfastened,बंद किया हुआ,अनपेक्षित
closed chain,open chain,बंद श्रृंखला,खुली श्रृंखला
closed circuit,open circuit,बन्द परिपथ,खुला सर्किट
closed interval,open interval,बंद अंतराल,खुले अंतराल
closed interval,unbounded interval,बंद अंतराल,अनबंड अंतराल
closeness,farawayness,निकटता,दूरगामीपन
closeness,farness,निकटता,फारसनेस
closeness,nakedness,निकटता,नंगापन
closeness,openness,निकटता,खुलापन
closeness,remoteness,निकटता,पृथकता
closing,opening,समापन,उद्घाटन
clot,homogenise,थक्का,एकत्रित करना
clot,homogenize,थक्का,एकत्रित करना
clothe,discase,उढ़ाना,निंदा करना
clothe,disrobe,उढ़ाना,नंगा करना
clothe,peel,उढ़ाना,छीलना
clothe,strip,उढ़ाना,पट्टी
clothe,strip down,उढ़ाना,छीन लेना
clothe,uncase,उढ़ाना,खोल देना
clothe,unclothe,उढ़ाना,पोशाक उतार लेना
clothe,undress,उढ़ाना,घर का कपड़ा
clothed,unclothed,पहने,अनिच्छुक
cloud,brighten,बादल,रोशन
cloud,clear,बादल,स्पष्ट
cloud,clear up,बादल,साफ़ करो
cloud,light up,बादल,प्रकाशित करना
cloudy,clear,बादलों से घिरा,स्पष्ट
clumsiness,gracefulness,भद्दापन,गुण
clutter,clear,अव्यवस्था,स्पष्ट
clutter,unclutter,अव्यवस्था,को व्यवस्थित करें
clutter up,clear,अव्यवस्था करना,स्पष्ट
clutter up,unclutter,अव्यवस्था करना,को व्यवस्थित करें
coalition,nonalignment,गठबंधन,अखंड
coalition,nonalinement,गठबंधन,मठवासिनी
coarse,fine,खुरदुरा,अच्छा
coarsely,finely,दरदरा,पतले
coastal,inland,तटीय,अंतर्देशीय
coated,uncoated,लेपित,अछूता हुआ
cockcrow,sundown,तड़का,सूर्यास्त
cockcrow,sunset,तड़का,सूर्यास्त
coding DNA,intron,कोडिंग डीएनए,इंट्रॉन
coding DNA,noncoding DNA,कोडिंग डीएनए,नॉनकोडिंग डीएनए
coenobite,eremite,मठवासी,संन्यासी
coenobitic,eremitic,कोनोबिटिटिक,एक प्रकार का
coenobitic,eremitical,कोनोबिटिटिक,एक प्रकार का
coenobitical,eremitic,कोनोबिटिकल,एक प्रकार का
coenobitical,eremitical,कोनोबिटिकल,एक प्रकार का
cognation,affinity,संज्ञान,आत्मीयता
cognisable,unknowable,संज्ञेय,अज्ञात
cognisance,incognizance,संज्ञाना,अविकसितता
cognisant,incognizant,जानकार,भेस बदले हुए
cognisant,unaware,जानकार,अनजान
cognise,ignore,संज्ञाना,अनदेखा करना
cognizable,unknowable,उपलब्ध किया हुआ,अज्ञात
cognizance,incognizance,संज्ञाना,अविकसितता
cognizant,incognizant,जानकार,भेस बदले हुए
cognizant,unaware,जानकार,अनजान
cognize,ignore,जानना,अनदेखा करना
cognoscible,unknowable,उपलब्ध किया हुआ,अज्ञात
coherence,incoherence,जुटना,बेतरतीबी
coherence,incoherency,जुटना,असंबद्धता
coherency,incoherence,जुटना,बेतरतीबी
coherency,incoherency,जुटना,असंबद्धता
coherent,incoherent,सुसंगत,बेतुका
coherently,incoherently,जुड़कर,असंगति से
cohesion,incoherence,एकजुटता,बेतरतीबी
cohesion,incoherency,एकजुटता,असंबद्धता
cohesiveness,incoherence,सामंजस्य,बेतरतीबी
cohesiveness,incoherency,सामंजस्य,असंबद्धता
coil,uncoil,कुंडल,खुलना
coiled,straight,कुंडलित,सीधा
coiled,uncoiled,कुंडलित,अनियंत्रित
cold,heat,ठंड,गर्मी
cold,high temperature,ठंडा,उच्च तापमान
cold,hot,ठंडा,गर्म
cold,hotness,ठंडा,hotness
cold war,hot war,शीत -युद्ध,गर्म युद्ध
cold-blooded,warm-blooded,ठंडे खून वाले,जोशीला
coldhearted,warmhearted,नरम दिल,नेक
coldness,heat,शीतलता,गर्मी
coldness,high temperature,शीतलता,उच्च तापमान
coldness,hotness,शीतलता,hotness
collapsable,noncollapsable,खुलने और बंधनेवाला,अयोग्य
collapsable,noncollapsible,खुलने और बंधनेवाला,अकारण
collapsible,noncollapsable,खुलने और बंधनेवाला,अयोग्य
collapsible,noncollapsible,खुलने और बंधनेवाला,अकारण
collateral,direct,संपार्श्विक,प्रत्यक्ष
collateral,lineal,संपार्श्विक,नज़दीकी
collect,distribute,इकट्ठा करना,वितरित करना
collect,spread,इकट्ठा करना,फैलाना
collected,uncollected,एकत्र किया हुआ,अनियंत्रित
collected,ungathered,एकत्र किया हुआ,N'trounded करो
collective,distributive,सामूहिक,विभाजित करनेवाला
collide with,miss,के साथ टकराने,याद
colligate,decouple,खींचो,दसगुणा
colligate,dissociate,खींचो,अलग कर देना
colly,clean,कोल्ली,साफ
colly,make clean,कोल्ली,साफ करना
colonise,decolonise,उपनिवेश,डिकोलोनिस करना
colonise,decolonize,उपनिवेश,डिक्लोनिंग करना
colonize,decolonise,उपनिवेश,डिकोलोनिस करना
colonize,decolonize,उपनिवेश,डिक्लोनिंग करना
color,achromaticity,रंग,अस्तित्व
color,achromatism,रंग,वर्णशून्य
color,black and white,रंग,काला और सफेद
color,black-and-white,रंग,कड़ा
color,colorlessness,रंग,रंगीनता
color,colourlessness,रंग,रंगीनता
color,discolor,रंग,उतरना
color in,discolor,रंग में रंगना,उतरना
colored,uncolored,रंगीन,अनियंत्रित
colored,uncoloured,रंगीन,अनिच्छुक
colorful,colorless,रंगीन,रंगीन
colorful,colourless,रंगीन,रंगीन
colorful,uncolored,रंगीन,अनियंत्रित
colorful,uncoloured,रंगीन,अनिच्छुक
coloring,achromaticity,रंग,अस्तित्व
coloring,achromatism,रंग,वर्णशून्य
coloring,colorlessness,रंग,रंगीनता
coloring,colourlessness,रंग,रंगीनता
colorise,discolor,रंगीन,उतरना
colorize,discolor,रंग दें,उतरना
colorless,colorful,रंगीन,रंगीन
colorless,colourful,रंगीन,रंग बिरंगा
colorlessness,color,रंगीनता,रंग
colorlessness,coloring,रंगीनता,रंग
colorlessness,colour,रंगीनता,रंग
colorlessness,colouring,रंगीनता,करते रंग
colour,achromaticity,रंग,अस्तित्व
colour,achromatism,रंग,वर्णशून्य
colour,black and white,रंग,काला और सफेद
colour,black-and-white,रंग,कड़ा
colour,colorlessness,रंग,रंगीनता
colour,colourlessness,रंग,रंगीनता
colour,discolor,रंग,उतरना
colour in,discolor,रंगना,उतरना
coloured,uncolored,रंगीन,अनियंत्रित
coloured,uncoloured,रंगीन,अनिच्छुक
colourful,colorless,रंग बिरंगा,रंगीन
colourful,colourless,रंग बिरंगा,रंगीन
colouring,achromaticity,करते रंग,अस्तित्व
colouring,achromatism,करते रंग,वर्णशून्य
colouring,colorlessness,करते रंग,रंगीनता
colouring,colourlessness,करते रंग,रंगीनता
colourise,discolor,रंगीन करना,उतरना
colourize,discolor,रंग बनाना,उतरना
colourless,colorful,रंगीन,रंगीन
colourless,colourful,रंगीन,रंग बिरंगा
colourlessness,color,रंगीनता,रंग
colourlessness,coloring,रंगीनता,रंग
colourlessness,colour,रंगीनता,रंग
colourlessness,colouring,रंगीनता,करते रंग
columned,noncolumned,स्तंभ का सा,अखंड
columned,uncolumned,स्तंभ का सा,अनियंत्रित
combed,uncombed,कंघी,अचूक
combinative,noncombinative,मिश्रित,असंबद्ध
combinatory,noncombinative,संयोजक,असंबद्ध
combined,uncombined,संयुक्त,असंयुक्त
combustible,incombustible,दहनशील,अग्निरोधक
combustible,noncombustible,दहनशील,अयोग्य
come,depart,आना,प्रस्थान करना
come,go,आना,जाना
come,go away,आना,दूर जाओ
come,go forth,आना,आगे बढ़ो
come,leave,आना,छुट्टी
come after,come before,बाद में आना,इससे पहले आओ
come after,precede,बाद में आना,पूर्व में होना
come alive,dope off,जीवित आओ,डोप करना
come alive,doze off,जीवित आओ,बारह
come alive,drift off,जीवित आओ,सोना
come alive,drop off,जीवित आओ,बाहर निकलना
come alive,drowse off,जीवित आओ,बंद करना
come alive,fall asleep,जीवित आओ,सो जाना
come alive,flake out,जीवित आओ,बाहर निकलना
come alive,nod off,जीवित आओ,सो जाना
come along,disappear,साथ आओ,गायब
come along,regress,साथ आओ,निकासी
come along,retrograde,साथ आओ,पतित
come along,retrogress,साथ आओ,पतन में होना
come along,vanish,साथ आओ,गायब होना
come away,attach,चले आओ,संलग्न करना
come before,come after,इससे पहले आओ,बाद में आना
come before,follow,इससे पहले आओ,अनुसरण करना
come before,succeed,इससे पहले आओ,सफल होना
come down,arise,नीचे आओ,उठना
come down,ascend,नीचे आओ,Ascend
come down,come up,नीचे आओ,आएं
come down,go up,नीचे आओ,ऊपर जाना
come down,lift,नीचे आओ,उठाना
come down,move up,नीचे आओ,बढ़ाना
come down,rise,नीचे आओ,उठना
come down,uprise,नीचे आओ,असुरक्षित
come in,exit,अंदर आएं,बाहर निकलना
come in,get out,अंदर आएं,चले जाओ
come in,go out,अंदर आएं,बाहर जाना
come in,leave,अंदर आएं,छुट्टी
come off,attach,चला जाना,संलग्न करना
come on,go off,चलो भी,भाग जाओ
come on,regress,चलो भी,निकासी
come on,retrograde,चलो भी,पतित
come on,retrogress,चलो भी,पतन में होना
come through,fail,के द्वारा आएं,असफल
come through,go wrong,के द्वारा आएं,उल्टा जाओ
come through,miscarry,के द्वारा आएं,असफल होना
come through,succumb,के द्वारा आएं,मर जाना
come through,yield,के द्वारा आएं,उपज
come up,come down,आएं,नीचे आओ
come up,depart,आएं,प्रस्थान करना
come up,descend,आएं,उतरना
come up,fall,आएं,गिरना
come up,go,आएं,जाना
come up,go away,आएं,दूर जाओ
come up,go down,आएं,नीचे जाना
come up,go off,आएं,भाग जाओ
come up,go under,आएं,के नीचे जाना
come up,set,आएं,तय करना
comedy,tragedy,कॉमेडी,त्रासदी
comestible,inedible,खाद्य,अखाद्य
comestible,uneatable,खाद्य,एक
comfort,discomfort,आराम,असहजता
comfort,uncomfortableness,आराम,असहजता
comfortable,uncomfortable,आरामदायक,असुविधाजनक
comfortableness,discomfort,सुगमता,असहजता
comfortableness,uncomfortableness,सुगमता,असहजता
comfortably,uncomfortably,आराम से,असुविधाजनक
comfy,uncomfortable,आरामदायक,असुविधाजनक
commence,end,आरंभ,अंत
commence,terminate,आरंभ,बर्खास्त
commencement,end,प्रारंभ,अंत
commencement,ending,प्रारंभ,समाप्ति
commencement,finish,प्रारंभ,खत्म करना
commencement,finishing,प्रारंभ,परिष्करण
commencement,middle,प्रारंभ,मध्य
commendation,disapproval,प्रशस्ति,अस्वीकृति
commensurate,incommensurate,अनुरूप,बेडौल
commercial,noncommercial,व्यावसायिक,गैर वाणिज्यिक
commissioned,noncommissioned,कमीशन,अनियंत्रित
commit,disinvest,प्रतिबद्ध,विनिवेश
commit,divest,प्रतिबद्ध,ले लेना
committed,unattached,प्रतिबद्ध,स्वाधीन
committed,uncommitted,प्रतिबद्ध,अशुद्ध
commodious,incommodious,विशाल,असुविधाजनक
common,individual,सामान्य,व्यक्ति
common,single,सामान्य,अकेला
common,uncommon,सामान्य,असामान्य
common noun,proper name,जातिवाचक संज्ञा,उचित नाम
common noun,proper noun,जातिवाचक संज्ञा,व्यक्तिवाचक संज्ञा
commonality,individualism,समानता,व्यक्तिवाद
commonality,individuality,समानता,व्यक्तित्व
commonality,individuation,समानता,एक प्रकार का होना
commonly,outstandingly,आमतौर,शानदार
commonly,remarkably,आमतौर,ध्यान से देखने से
commonly,unco,आमतौर,असमान होना
commonly,unusually,आमतौर,असामान्य रूप से
commonness,individualism,मामूल,व्यक्तिवाद
commonness,individuality,मामूल,व्यक्तित्व
commonness,individuation,मामूल,एक प्रकार का होना
commonness,uncommonness,मामूल,असामान्यता
commonplaceness,uncommonness,सामान्यता,असामान्यता
commove,calm,कदम,शांत
commove,calm down,कदम,शांत हो
commove,lull,कदम,शांति काल
commove,quiet,कदम,शांत
commove,quieten,कदम,शांत होना
commove,still,कदम,फिर भी
commove,tranquilize,कदम,शांत होना
commove,tranquillise,कदम,शांत करना
commove,tranquillize,कदम,तसल्ली देना
communicate,curse,बातचीत करना,अभिशाप
communicate,excommunicate,बातचीत करना,समाज से बहिष्कृत करना
communicate,unchurch,बातचीत करना,कोसना
communicative,incommunicative,मिलनसार,एकांतप्रिय
communicative,uncommunicative,मिलनसार,एकांतप्रिय
communicativeness,uncommunicativeness,बातूनीपनता,अव्यवस्थितता
communicatory,incommunicative,परिचयात्मक,एकांतप्रिय
communicatory,uncommunicative,परिचयात्मक,एकांतप्रिय
communisation,denationalisation,सांप्रदायिकता,विराष्ट्रीयकरण
communisation,denationalization,सांप्रदायिकता,निंदा करना
communisation,privatisation,सांप्रदायिकता,निजीकरण
communisation,privatization,सांप्रदायिकता,निजीकरण
communization,denationalisation,सांप्रदायिकता,विराष्ट्रीयकरण
communization,denationalization,सांप्रदायिकता,निंदा करना
communization,privatisation,सांप्रदायिकता,निजीकरण
communization,privatization,सांप्रदायिकता,निजीकरण
commutable,incommutable,विनिमेय,अयोग्य
compact,decompress,कॉम्पैक्ट,दबाव हटाना
compact,loose,कॉम्पैक्ट,ढीला
compact,uncompress,कॉम्पैक्ट,uncompress
compactness,dispersion,सघनता,फैलाव
compactness,distribution,सघनता,वितरण
comparable,incomparable,तुलनीय,बेमिसाल
comparable,uncomparable,तुलनीय,असंबद्ध
comparably,incomparably,तुलनात्मक रूप से,अतुलनीय
comparably,uncomparably,तुलनात्मक रूप से,असंबद्ध रूप से
comparative,absolute,तुलनात्मक,निरपेक्ष
compartmented,uncompartmented,डिब्बे का,असंबद्ध
compassionate,uncompassionate,करुणामय,अस्वीकृति
compatibility,incompatibility,अनुकूलता,असंगति
compatible,incompatible,अनुकूल,असंगत
compatibly,incompatibly,अनुरूपता से,असंगत रूप से
compensate,wrong,मुआवजा,गलत
competence,incompetence,क्षमता,अक्षमता
competence,incompetency,क्षमता,अक्षमता
competency,incompetence,क्षमता,अक्षमता
competency,incompetency,क्षमता,अक्षमता
competent,incompetent,सक्षम,अक्षम
competent,unqualified,सक्षम,अयोग्य
competently,displaying incompetence,सुयोग्य,अक्षमता प्रदर्शित करना
competently,incompetently,सुयोग्य,अयोग्यतापूर्वक
competition,cooperation,प्रतियोगिता,सहयोग
competitive,noncompetitive,प्रतिस्पर्धी,गैर - प्रतिस्पर्धी
competitively,noncompetitively,प्रतिस्पर्धात्मक,अस्वस्थता से
competitory,noncompetitive,प्रतिद्वंद्वी,गैर - प्रतिस्पर्धी
complain,cheer,शिकायत करना,खुश करना
complain,cheer up,शिकायत करना,खुश हो जाओ
complain,chirk up,शिकायत करना,चहकना
complainant,defendant,शिकायत करने वाला,प्रतिवादी
complainant,suspect,शिकायत करने वाला,संदिग्ध व्यक्ति
complaining,uncomplaining,उपालंभ देना,अडिग
complainingly,uncomplainingly,शिकायत करते हुए,अचूक रूप से
complaintive,uncomplaining,शिकायत करने वाला,अडिग
complete,incomplete,पूरा,अधूरा
complete,uncomplete,पूरा,अपूर्ण
completely,part,पूरी तरह,भाग
completely,partially,पूरी तरह,आंशिक रूप से
completely,partly,पूरी तरह,आंशिक रूप में
completeness,incompleteness,पूर्णता,अपूर्णता
completeness,rawness,पूर्णता,नमी
complex,simple,जटिल,सरल
complex instruction set computer,RISC,जटिल अनुदेश सेट कंप्यूटर,RISC
complex instruction set computer,reduced instruction set computer,जटिल अनुदेश सेट कंप्यूटर,कम निर्देश सेट कंप्यूटर
complex instruction set computer,reduced instruction set computing,जटिल अनुदेश सेट कंप्यूटर,कम अनुदेश सेट कम्प्यूटिंग
complex instruction set computing,RISC,जटिल अनुदेश सेट कम्प्यूटिंग,RISC
complex instruction set computing,reduced instruction set computer,जटिल अनुदेश सेट कम्प्यूटिंग,कम निर्देश सेट कंप्यूटर
complex instruction set computing,reduced instruction set computing,जटिल अनुदेश सेट कम्प्यूटिंग,कम अनुदेश सेट कम्प्यूटिंग
complexity,simpleness,जटिलता,सादगी
complexity,simplicity,जटिलता,सादगी
complexness,simpleness,जटिलता,सादगी
complexness,simplicity,जटिलता,सादगी
compliance,disobedience,अनुपालन,आज्ञा का उल्लंघन
compliance,noncompliance,अनुपालन,गैर अनुपालन
compliance,nonconformance,अनुपालन,असंबद्धता
compliance,nonconformity,अनुपालन,अवज्ञा
compliant,defiant,अनुपालन,उपेक्षापूर्ण
compliant,noncompliant,अनुपालन,अनुपालन न करने
complicate,simplify,जटिल,आसान बनाने में
complimentary,uncomplimentary,मानार्थ,अपूर्ण
comport,misbehave,समान होना,दुर्व्यवहार
comport,misconduct,समान होना,दुराचार
comport,misdemean,समान होना,दुर्व्यवहार
composed,discomposed,शांत,विस्थापित
composure,discomposure,मानसिक संतुलन,उद्वेग
compound,simple,मिश्रण,सरल
compound,unsubdivided,मिश्रण,असंबद्ध
comprehendible,incomprehensible,समझदार,समझ से बाहर
comprehendible,uncomprehensible,समझदार,असंबद्ध
comprehensibility,incomprehensibility,समझदारी,अचिंतनीयता
comprehensible,incomprehensible,सुबोध,समझ से बाहर
comprehensible,uncomprehensible,सुबोध,असंबद्ध
comprehension,incomprehension,समझ,अज्ञेयत्व
comprehensive,incomprehensive,विस्तृत,असभ्य
comprehensive,noncomprehensive,विस्तृत,अखंड
comprehensively,noncomprehensively,व्यापक,अनमोल रूप से
compress,decompress,संकुचित करें,दबाव हटाना
compress,uncompress,संकुचित करें,uncompress
compressibility,incompressibility,दबाव,असंपीड्यता
compressible,incompressible,सिकुड़ाया हुआ,अपरिमेय
compressing,decompressing,को संपीड़ित,decompressing
compressing,decompression,को संपीड़ित,विसंपीड़न
compression,decompressing,COMPRESSION,decompressing
compression,decompression,COMPRESSION,विसंपीड़न
compromising,inflexible,समझौता,अनम्य
compromising,sturdy,समझौता,तगड़ा
compromising,uncompromising,समझौता,सीधा
computer hardware,computer software,कंप्यूटर हार्डवेयर,कंप्यूटर सॉफ्टवेयर
computer hardware,package,कंप्यूटर हार्डवेयर,पैकेट
computer hardware,software,कंप्यूटर हार्डवेयर,सॉफ़्टवेयर
computer hardware,software package,कंप्यूटर हार्डवेयर,सॉफ़्टवेयर पैकेज
computer hardware,software program,कंप्यूटर हार्डवेयर,सॉफ़्टवेयर प्रोग्राम
computer hardware,software system,कंप्यूटर हार्डवेयर,सॉफ़्टवेयर तंत्र
computer software,computer hardware,कंप्यूटर सॉफ्टवेयर,कंप्यूटर हार्डवेयर
computer software,hardware,कंप्यूटर सॉफ्टवेयर,हार्डवेयर
con,pro,चोर,मुरझाना
concave,bulging,नतोदर,उभरा हुआ
concave,convex,नतोदर,उत्तल
concave polygon,convex polygon,अवतल बहुभुज,उत्तल बहुभुज
concavely,convexly,सदाबहार रूप से,उत्तल
conceal,show,छिपाना,दिखाओ
concealed,unconcealed,छुपा हुआ,साफ़
concealing,revealing,छुपा,खुलासा
conceit,humbleness,दंभ,शील
conceit,humility,दंभ,विनम्रता
conceitedness,humbleness,अवलोकन,शील
conceitedness,humility,अवलोकन,विनम्रता
concentrate,decentralise,ध्यान केंद्रित करना,de-केंद्रस्थ
concentrate,decentralize,ध्यान केंद्रित करना,विकेन्द्रित करना
concentrate,deconcentrate,ध्यान केंद्रित करना,विकेंद्रीकरण
concentrated,diffuse,केंद्रित,बिखरा हुआ
concentrated,diffused,केंद्रित,दूर तक फैला हुआ
concentrated,distributed,केंद्रित,वितरित
concentrated,soft,केंद्रित,कोमल
concentrated,unsaturated,केंद्रित,असंतृप्त
concentration,dilution,एकाग्रता,पतला करने की क्रिया
concentration,dispersion,एकाग्रता,फैलाव
concentration,distribution,एकाग्रता,वितरण
concentric,eccentric,गाढ़ा,विलक्षण व्यक्ति
concentric,nonconcentric,गाढ़ा,अकारण
concentrical,eccentric,सांद्रता का,विलक्षण व्यक्ति
concentrical,nonconcentric,सांद्रता का,अकारण
concentricity,eccentricity,एकत्रीकरण,सनक
concept,misconception,अवधारणा,ग़लतफ़हमी
conception,misconception,धारणा,ग़लतफ़हमी
concern,unconcern,चिंता,उदासीनता
concerned,unconcerned,संबंधित,उदासीन
concerted music,monody,संगीत -संगीत,एकरूपता
concerted music,monophonic music,संगीत -संगीत,मोनोफोनिक संगीत
concerted music,monophony,संगीत -संगीत,मोनोफनी
conciliative,antagonistic,सम्‍मिलित,विरोधी
conciliatory,antagonistic,मिलाप करनेवाला,विरोधी
conciliatory,inflexible,मिलाप करनेवाला,अनम्य
conciliatory,sturdy,मिलाप करनेवाला,तगड़ा
conciliatory,uncompromising,मिलाप करनेवाला,सीधा
concise,prolix,संक्षिप्त,प्रपंची
conclusion,beginning,निष्कर्ष,शुरुआत
conclusive,inconclusive,निर्णयात्मक,दुविधा में पड़ा हुआ
conclusively,inconclusively,अंतिम तौर से,अनिर्णीत रूप से
conclusiveness,inconclusiveness,निष्कर्ष,अनिर्णीतता
concord,differ,CONCORD,अलग होना
concord,disagree,CONCORD,असहमत
concord,dissent,CONCORD,मतभेद
concord,take issue,CONCORD,तर्क करना
concrete,abstract,ठोस,अमूर्त
concretely,abstractly,वस्तुतः,संक्षेप में
concreteness,abstractness,स्थूलता,अमूर्तता
concur,differ,सहमत होना,अलग होना
concur,disagree,सहमत होना,असहमत
concur,dissent,सहमत होना,मतभेद
concur,take issue,सहमत होना,तर्क करना
condemnation,acquittal,निंदा,दोषमुक्ति
condemnation,approbation,निंदा,प्रशंसा
conditional,unconditional,सशर्त,बिना शर्त
conditional,unconditioned,सशर्त,असुविधाजनक
conditionally,unconditionally,सशर्त,बिना शर्त
conditioned,innate,वातानुकूलित,जन्मजात
conditioned,unconditioned,वातानुकूलित,असुविधाजनक
conditioned,unlearned,वातानुकूलित,अशिक्षित
conductive,non-conducting,प्रवाहकीय,गैर का आयोजन
conductive,nonconducting,प्रवाहकीय,नॉनकंडक्टिंग
conductive,nonconductive,प्रवाहकीय,अखंड
conductor,dielectric,कंडक्टर,ढांकता हुआ
conductor,insulator,कंडक्टर,इन्सुलेटर
conductor,nonconductor,कंडक्टर,नॉनकंडक्टर
confidence,diffidence,आत्मविश्वास,संशय
confidence,self-distrust,आत्मविश्वास,आत्मनिर्णय
confidence,self-doubt,आत्मविश्वास,आत्म संदेह
confident,diffident,आत्मविश्वासी,संकोची
confident,shy,आत्मविश्वासी,शर्मीला
confident,timid,आत्मविश्वासी,डरपोक
confident,unsure,आत्मविश्वासी,अनिश्चित
confidingly,distrustfully,विश्वासपूर्वक,बेईमानी से
confidingly,mistrustfully,विश्वासपूर्वक,अविश्वास से
confine,free,सीमित,मुक्त
confine,liberate,सीमित,आजाद
confine,loose,सीमित,ढीला
confine,release,सीमित,मुक्त करना
confine,unloose,सीमित,अनहोनी करना
confine,unloosen,सीमित,अनहोनी करना
confined,invasive,सीमाबद्ध,इनवेसिव
confined,unconfined,सीमाबद्ध,असीमित
confirm,contradict,पुष्टि करना,खंडन
confirm,negate,पुष्टि करना,निगेट
confirmed,unconfirmed,की पुष्टि,अपुष्ट
confirming,disconfirming,इस बात की पुष्टि,विघटित करना
confirming,negative,इस बात की पुष्टि,नकारात्मक
confluent,distributary,मिला हुआ,शाखा
conform,depart,अनुरूप होना,प्रस्थान करना
conform,deviate,अनुरूप होना,विचलित
conform,diverge,अनुरूप होना,हट जाना
conform,vary,अनुरूप होना,अलग होना
conform to,break,के अनुरूप,तोड़ना
conform to,go against,के अनुरूप,खिलाफ जाना
conform to,violate,के अनुरूप,का उल्लंघन
conformation,disobedience,रचना,आज्ञा का उल्लंघन
conformation,noncompliance,रचना,गैर अनुपालन
conformation,nonconformance,रचना,असंबद्धता
conformation,nonconformity,रचना,अवज्ञा
conformism,nonconformance,अनुपालन,असंबद्धता
conformism,nonconformism,अनुपालन,अनियंत्रितता
conformism,nonconformity,अनुपालन,अवज्ञा
conformist,nonconformist,कंफ़मिस्ट,संप्रदायवादी
conformist,recusant,कंफ़मिस्ट,पीछे हटना
conformist,unconformist,कंफ़मिस्ट,अनियंत्रित
conformity,disobedience,अनु,आज्ञा का उल्लंघन
conformity,noncompliance,अनु,गैर अनुपालन
conformity,nonconformance,अनु,असंबद्धता
conformity,nonconformism,अनु,अनियंत्रितता
conformity,nonconformity,अनु,अवज्ञा
confront,avoid,सामना होना,टालना
confused,clear-thinking,अस्पष्ट,स्पष्ट-विचार
confused,clearheaded,अस्पष्ट,समझदार
confute,demonstrate,कन्फ्यूट,दिखाना
confute,establish,कन्फ्यूट,स्थापित करना
confute,prove,कन्फ्यूट,सिद्ध करना
confute,shew,कन्फ्यूट,तड़क-भड़क
confute,show,कन्फ्यूट,दिखाओ
congenial,incompatible,अनुकूल,असंगत
congenial,uncongenial,अनुकूल,जन्मजात नहीं
congeniality,uncongeniality,आत्मीयता,अनभिज्ञता
congest,unclog,अत्यधिक काम देना,खोलना
congruence,incongruity,अनुरूपता,अयोग्यता
congruence,incongruousness,अनुरूपता,असंगति
congruent,incongruent,अनुकूल,असंगत
congruent,incongruous,अनुकूल,बेमेल
congruity,incongruity,सभा,अयोग्यता
congruity,incongruousness,सभा,असंगति
congruous,incongruous,मुताबिक़,बेमेल
congruousness,incongruity,बधाई,अयोग्यता
congruousness,incongruousness,बधाई,असंगति
conjoin,disjoin,एकत्रित होना,जुदा करना
conjoin,disjoint,एकत्रित होना,विभिन्न करना
conjugation,disunion,विकार,एकता का अभाव
conjunct,disjunct,इकट्ठा,असंबद्ध
conjunctive,disjunctive,मेल करनेवाला,संधि तोड़नेवाला
conk,be born,नाक,पैदा हो
connate,adnate,जन्मज,adnate
connect,decouple,जोड़ना,दसगुणा
connect,disconnect,जोड़ना,डिस्कनेक्ट
connect,dissociate,जोड़ना,अलग कर देना
connect,unplug,जोड़ना,अनप्लग
connected,unconnected,जुड़े हुए,असंबद्ध
connectedness,disconnectedness,संयुक्तता,असंतुष्टता
connectedness,disconnection,संयुक्तता,वियोग
connectedness,disjunction,संयुक्तता,अलगाव
connectedness,disjuncture,संयुक्तता,अव्यवस्था
connectedness,unconnectedness,संयुक्तता,असंबद्धता
connection,disconnectedness,कनेक्शन,असंतुष्टता
connection,disconnection,कनेक्शन,वियोग
connection,disjunction,कनेक्शन,अलगाव
connection,disjuncture,कनेक्शन,अव्यवस्था
connection,unconnectedness,कनेक्शन,असंबद्धता
connexion,unconnectedness,संबंध,असंबद्धता
connotative,denotative,स्वच्छ,वाधक
connotative,denotive,स्वच्छ,संकोची
conquerable,unconquerable,जेय,अजेय
consanguinity,affinity,रक्तसंबंध,आत्मीयता
conscientious,unconscientious,कर्तव्यनिष्ठ,अचूक
conscientiousness,unconscientiousness,कर्त्तव्य निष्ठां,अचूक
conscious,unconscious,सचेत,अचेत
consciously,unconsciously,जान-बूझकर,अनजाने में
consciousness,incognizance,चेतना,अविकसितता
consciousness,unconsciousness,चेतना,बेहोशी
conscript,military volunteer,भरती होनेवाला,सैनिक स्वयंसेवक
conscript,voluntary,भरती होनेवाला,स्वैच्छिक
conscript,volunteer,भरती होनेवाला,स्वयंसेवक
consecrate,deconsecrate,ज्ञान देना,विघटन करना
consecrate,desecrate,ज्ञान देना,अपवित्रा
consecrate,desecrated,ज्ञान देना,अपवित्र
consecrate,unhallow,ज्ञान देना,अनहोनी
consecrated,desecrated,पवित्रा,अपवित्र
consecutive operation,parallel operation,लगातार प्रचालन,समानांतर प्रचालन
consecutive operation,simultaneous operation,लगातार प्रचालन,एक साथ प्रचालन
consent,decline,सहमति,गिरावट
consent,refuse,सहमति,अस्वीकार करना
consequence,inconsequence,परिणाम,परिणामस्वरूप
consequentially,inconsequentially,तदनुसार,असंगत रूप से
consequentially,inconsequently,तदनुसार,अप्रासंगिक रूप से
conservative,liberal,रूढ़िवादी,उदार
conservative,liberalist,रूढ़िवादी,उदार
conservative,progressive,रूढ़िवादी,प्रगतिशील
conservativist,liberal,रूढ़िवादी,उदार
conservativist,liberalist,रूढ़िवादी,उदार
conservativist,progressive,रूढ़िवादी,प्रगतिशील
conserve,blow,संरक्षण,फूँक मारना
conserve,squander,संरक्षण,गंवाना
conserve,waste,संरक्षण,बरबाद करना
considerable,inconsiderable,विचारणीय,विचारशून्य
considerate,inconsiderate,विचारशील,अविवेकी
considerately,inconsiderately,दूसरों के लिहाज से,असंगत रूप से
considerateness,inconsiderateness,विचार -विमर्श,असंगतता
considerateness,inconsideration,विचार -विमर्श,असंगति
considerateness,thoughtlessness,विचार -विमर्श,अल्हड़ी
consideration,inconsiderateness,सोच-विचार,असंगतता
consideration,inconsideration,सोच-विचार,असंगति
consideration,thoughtlessness,सोच-विचार,अल्हड़ी
consistence,inconsistency,सामंजस्य,बेजोड़ता
consistency,inconsistency,स्थिरता,बेजोड़ता
consistent,incoherent,सुसंगत,बेतुका
consistent,inconsistent,सुसंगत,असंगत
consistent,irreproducible,सुसंगत,अविभाज्य
consistent,unreproducible,सुसंगत,अप्राप्य
consistently,inconsistently,लगातार,असंगत
consistently,unsystematically,लगातार,असंबद्ध रूप से
consolable,disconsolate,कंसोल करने योग्य,निराश
consolable,inconsolable,कंसोल करने योग्य,गमगीन
consolable,unconsolable,कंसोल करने योग्य,अनियंत्रित
consonant,vowel,कसौटी,स्वर
consonant,vowel sound,कसौटी,स्वर
consonantal,vocalic,व्यंजन का,स्वर
conspicuous,inconspicuous,विशिष्ट,अगोचर
conspicuous,invisible,विशिष्ट,अदृश्य
conspicuously,inconspicuously,सुस्पष्ट,inconspicuously
conspicuousness,inconspicuousness,स्पष्टता,असंगतता
constancy,changefulness,भक्ति,परिवर्तनशीलता
constancy,inconstancy,भक्ति,चंचलता
constant,inconstant,स्थिर,अस्थिर
constant-width font,proportional font,निरंतर चौड़ाई वाला फ़ॉन्ट,आनुपातिक फ़ॉन्ट
constipated,regular,कब्ज़,नियमित
constipated,unconstipated,कब्ज़,अनियंत्रित
constituted,unestablished,गठित,अनभिज्ञ
constitutional,unconstitutional,संवैधानिक,असंवैधानिक
constitutionally,unconstitutionally,संवैधानिक रूप से,असंवैधानिक
constricted,unconstricted,constricted,असंबद्ध
construct,misconception,CONSTRUCT,ग़लतफ़हमी
construction,misconstruction,निर्माण,अवसाद
constructive,destructive,रचनात्मक,विनाशकारी
constructive metabolism,catabolism,रचनात्मक चयापचय,अपच
constructive metabolism,destructive metabolism,रचनात्मक चयापचय,विनाशकारी चयापचय
constructive metabolism,dissimilation,रचनात्मक चयापचय,भेद
constructive metabolism,katabolism,रचनात्मक चयापचय,अपच
constructiveness,destructiveness,रचनाशीलता,घातकता
consume,abstain,उपभोग करना,बचना
consume,desist,उपभोग करना,रोकना
consume,refrain,उपभोग करना,रोकना
consummated,unconsummated,भंग करना,अनियंत्रित
consumptive,generative,तपेदिक़-संबंधी,उत्पादक
consumptive,productive,तपेदिक़-संबंधी,उत्पादक
contaminate,decontaminate,दूषित,शुद्ध करना
contaminated,uncontaminated,दूषित,पवित्र
contaminating,clean,दूषणकारी,साफ
contaminating,uncontaminating,दूषणकारी,अनियंत्रित करना
contamination,decontamination,दूषण,शुद्धीकरण
contemptible,estimable,घिनौना,आदर लायक़
content,discontent,सामग्री,असंतोष
content,discontented,सामग्री,असंतुष्ट
contented,discontent,संतुष्ट,असंतोष
contented,discontented,संतुष्ट,असंतुष्ट
contention,cooperation,विवाद,सहयोग
contentment,discontent,संतोष,असंतोष
contentment,discontentedness,संतोष,असंतोष
contentment,discontentment,संतोष,असंतोष
contestable,incontestable,कड़ा,निर्विवाद
contestable,incontestible,कड़ा,अव्यवस्थित
contested,uncontested,लड़ा हुआ,निर्विरोध
continent,incontinent,महाद्वीप,असंयमी
continental,intercontinental,CONTINENTAL,इंटरकांटिनेंटल
continual,sporadic,नित्य,छिटपुट
continuance,discontinuance,रहना,विरति
continuance,discontinuation,रहना,विरति
continuant,occlusive,CONTINUING,पूर्णावरोधक
continuant,plosive,CONTINUING,स्पर्श
continuant,plosive consonant,CONTINUING,संकटी
continuant,plosive speech sound,CONTINUING,प्लोसिव स्पीच साउंड
continuant,stop,CONTINUING,रुकना
continuant,stop consonant,CONTINUING,कदों को रोकना
continuant consonant,occlusive,सतत व्यंजन,पूर्णावरोधक
continuant consonant,plosive,सतत व्यंजन,स्पर्श
continuant consonant,plosive consonant,सतत व्यंजन,संकटी
continuant consonant,plosive speech sound,सतत व्यंजन,प्लोसिव स्पीच साउंड
continuant consonant,stop,सतत व्यंजन,रुकना
continuant consonant,stop consonant,सतत व्यंजन,कदों को रोकना
continuation,discontinuance,विस्तार,विरति
continuation,discontinuation,विस्तार,विरति
continue,cease,जारी रखना,रोकना
continue,discontinue,जारी रखना,बंद
continue,give up,जारी रखना,छोड़ देना
continue,lay off,जारी रखना,छंटनी
continue,quit,जारी रखना,छोड़ना
continue,stop,जारी रखना,रुकना
continued,discontinued,जारी,बंद
continuity,discontinuity,निरंतरता,अलगाव
continuous,discontinuous,निरंतर,टूटनेवाला
continuous,noncontinuous,निरंतर,अखंड
contraclockwise,clockwise,contraclockwise,दक्षिणावर्त
contract,dilate,अनुबंध,चौड़ा करना
contract,elaborate,अनुबंध,विस्तार में बताना
contract,enlarge,अनुबंध,बड़े आकार में
contract,expand,अनुबंध,बढ़ाना
contract,expatiate,अनुबंध,लंबी-चौड़ी बातें बढ़ाना
contract,exposit,अनुबंध,अनावृत
contract,expound,अनुबंध,व्याख्या करना
contract,flesh out,अनुबंध,मांस बाहर
contract,lucubrate,अनुबंध,बीतना
contract,spread out,अनुबंध,छितराया हुआ
contract,stretch,अनुबंध,खींचना
contract,widen,अनुबंध,चौड़ा
contract in,contract out,संकोच करना,ठेका सौंपना
contract out,contract in,ठेका सौंपना,संकोच करना
contracted,expanded,संकुचित,विस्तार
contraction,enlargement,सिकुड़न,इज़ाफ़ा
contraction,expansion,सिकुड़न,विस्तार
contradict,affirm,खंडन,वाणी
contradict,confirm,खंडन,पुष्टि करना
contradict,corroborate,खंडन,मंडित कतना
contradict,substantiate,खंडन,सिद्ध करना
contradict,support,खंडन,सहायता
contradict,sustain,खंडन,बनाए रखना
contraindicate,indicate,ख़िलाफ़,संकेत देना
contraindicate,suggest,ख़िलाफ़,सुझाव देना
contraindication,indication,विपरीत संकेत,संकेत
contralateral,ipsilateral,प्रतिपक्षी,इप्सिलैटरल
contrapuntal,monophonic,कॉन्ट्रापुंटल,मोनोफोनिक
contrasty,flat,विरोधाभास,समतल
control,unrestraint,नियंत्रण,बेसब्री
controlled,uncontrolled,नियंत्रित,अनियंत्रित
controversial,noncontroversial,विवादित,अव्यवस्थित
controversial,uncontroversial,विवादित,अविवादास्पद
controversially,uncontroversially,विवादास्पद ढंग से,बिना विवाद
convalesce,degenerate,अच्छा हो जाना,पतित
convalesce,deteriorate,अच्छा हो जाना,बिगड़ना
convalesce,devolve,अच्छा हो जाना,उतरना
convalesce,drop,अच्छा हो जाना,बूँद
convenience,inconvenience,सुविधा,असुविधा
convenient,incommodious,सुविधाजनक,असुविधाजनक
convenient,inconvenient,सुविधाजनक,असुविधाजनक
conveniently,inconveniently,आसानी से,बेढंगेपन
convention,unconventionality,सम्मेलन,असंबद्धता
conventional,atomic,पारंपरिक,परमाणु
conventional,nuclear,पारंपरिक,नाभिकीय
conventional,unconventional,पारंपरिक,अपरंपरागत
conventionalism,unconventionality,अभिसमय,असंबद्धता
conventionality,unconventionality,अभिसमय,असंबद्धता
conventionally,unconventionally,पारंपरिक,अपरंपरागत
converge,diverge,एकाग्र,हट जाना
convergence,divergence,अभिसरण,विचलन
convergence,divergency,अभिसरण,झुकना
convergency,divergence,अभिसरण,विचलन
convergency,divergency,अभिसरण,झुकना
convergent,divergent,संमिलित,विभिन्न
convergent,diverging,संमिलित,अपसारी
convergent thinking,divergent thinking,अभिसारी सोच,विचलन सोच
convergent thinking,out-of-the-box thinking,अभिसारी सोच,आउट-ऑफ-द-बॉक्स सोच
convertibility,inconvertibility,बदल सकना,अनपेक्षितता
convertible,inconvertible,परिवर्तनीय,बेबदल
convertible,unconvertible,परिवर्तनीय,असंबद्ध
convertible,unexchangeable,परिवर्तनीय,बेवजह
convex,concave,उत्तल,नतोदर
convex polygon,concave polygon,उत्तल बहुभुज,अवतल बहुभुज
convexly,concavely,उत्तल,सदाबहार रूप से
convey,bear away,बताना,दूर सहन
convey,bear off,बताना,झालर लगाना
convey,carry away,बताना,आगे ले जाएं
convey,carry off,बताना,ले जाना
convey,take away,बताना,ले लेना
convict,acquit,मिद्धदोष अपराधी,बरी करना
convict,assoil,मिद्धदोष अपराधी,भंग करना
convict,clear,मिद्धदोष अपराधी,स्पष्ट
convict,discharge,मिद्धदोष अपराधी,स्राव होना
convict,exculpate,मिद्धदोष अपराधी,सफ़ाई देना
convict,exonerate,मिद्धदोष अपराधी,हक़ बहाल करना
conviction,acquittal,दृढ़ विश्वास,दोषमुक्ति
convinced,unconvinced,कायल,असहमत
convincing,flimsy,ठोस,तार
convincing,unconvincing,ठोस,दुविधा में पड़ा हुआ
convincingly,unconvincingly,आसानी से,असंबद्धता से
cooked,raw,पकाया हुआ,कच्चा
cooking apple,dessert apple,खाना पकाने से सेब,मिठाई सेब
cooking apple,eating apple,खाना पकाने से सेब,खाने सेब
cool,heat,ठंडा,गर्मी
cool,heat up,ठंडा,गरम करना
cool,hot up,ठंडा,मस्त
cool,warm,ठंडा,गरम
cool down,heat,शांत हो जाओ,गर्मी
cool down,heat up,शांत हो जाओ,गरम करना
cool down,hot up,शांत हो जाओ,मस्त
cooperation,competition,सहयोग,प्रतियोगिता
cooperation,contention,सहयोग,विवाद
cooperation,rivalry,सहयोग,विरोध
cooperative,uncooperative,को-ऑपरेटिव,असहयोगी
coordinating,subordinating,समन्वय,अधीनस्थ
coordinating,subordinative,समन्वय,अधीनस्थ
coordination,incoordination,समन्वय,असमन्वय
coordinative,subordinating,समन्वय,अधीनस्थ
coordinative,subordinative,समन्वय,अधीनस्थ
copiousness,scarceness,सादगी,विरलता
copiousness,scarcity,सादगी,कमी
cordial reception,inhospitality,सौहार्दपूर्ण स्वागत,असंबद्धता
cork,uncork,कॉर्क,खोल देना
cork up,uncork,एक प्रकार का होना,खोल देना
corporality,immateriality,कॉरपोरेलिटी,अपरिपक्वता
corporality,incorporeality,कॉरपोरेलिटी,समापन
corporeal,immaterial,मूर्त,अमूर्त
corporeal,incorporeal,मूर्त,निराकार
corporeality,immateriality,भौतिकता,अपरिपक्वता
corporeality,incorporeality,भौतिकता,समापन
corpuscular theory,undulatory theory,शव -सिद्धांत,अविभाज्य सिद्धांत
corpuscular theory,wave theory,शव -सिद्धांत,तरंग सिद्धांत
corpuscular theory,wave theory of light,शव -सिद्धांत,प्रकाश का तरंग सिद्धांत
corpuscular theory of light,undulatory theory,प्रकाश का सिद्धांत,अविभाज्य सिद्धांत
corpuscular theory of light,wave theory,प्रकाश का सिद्धांत,तरंग सिद्धांत
corpuscular theory of light,wave theory of light,प्रकाश का सिद्धांत,प्रकाश का तरंग सिद्धांत
correct,falsify,सही,कपट करना
correct,incorrect,सही,गलत
correct,wrong,सही,गलत
corrected,uncorrected,संशोधित,बेकार
correctitude,improperness,अभियोग,अनुचितता
correctitude,impropriety,अभियोग,अनौचित्य
correctly,incorrectly,सही ढंग से,गलत तरीके से
correctly,wrong,सही ढंग से,गलत
correctly,wrongly,सही ढंग से,गलत तरीके से
correctness,incorrectness,यथार्थता,अशुद्धता
correctness,wrongness,यथार्थता,गलतफहमी
correspond,disaccord,अनुरूप,अयुक्त
correspond,disagree,अनुरूप,असहमत
correspond,discord,अनुरूप,कलह
correspondence,asymmetry,पत्र-व्यवहार,विषमता
correspondence,dissymmetry,पत्र-व्यवहार,अप्रतिसाभ्यता
correspondence,imbalance,पत्र-व्यवहार,असंतुलन
corrigible,incorrigible,संकोच्य,असंशोधनीय
corroborate,contradict,मंडित कतना,खंडन
corroborate,negate,मंडित कतना,निगेट
corrupt,incorrupt,भ्रष्ट,ईमानदार
corrupt,square,भ्रष्ट,वर्ग
corrupt,straight,भ्रष्ट,सीधा
corruptibility,incorruptibility,भ्रष्टता,अदूषणीयता
corruption,incorruption,भ्रष्टाचार,अमरता
corruption,incorruptness,भ्रष्टाचार,अयोग्यता
corruptness,incorruption,भ्रष्टता,अमरता
corruptness,incorruptness,भ्रष्टता,अयोग्यता
cortex,medulla,कॉर्टेक्स,मज्जा
cosmopolitan,endemic,विश्वव्यापी,स्थानिक
cosmopolitan,provincial,विश्वव्यापी,प्रांतीय
costive,laxative,महत्त्वपूर्ण,रेचक
countenance,disallow,मुखाकृति,अनुमति न दें
countenance,forbid,मुखाकृति,ना करे
countenance,interdict,मुखाकृति,पाबंदी
countenance,nix,मुखाकृति,सिफ़र
countenance,prohibit,मुखाकृति,निषेध
countenance,proscribe,मुखाकृति,देश से निकालना
countenance,veto,मुखाकृति,वीटो
counterclockwise,clockwise,वामावर्त,दक्षिणावर्त
counterclockwise rotation,clockwise rotation,वामावर्त रोटेशन,क्लॉकवाइज रोटेशन
counterclockwise rotation,dextrorotation,वामावर्त रोटेशन,घनत्व
counterfactuality,factuality,प्रतिवाद,तथ्यात्मकता
counterfactuality,factualness,प्रतिवाद,तथ्यात्मकता
counterfeit,echt,नकली,असली
counterfeit,genuine,नकली,असली
counterrevolutionary,revolutionary,प्रतिवाद संबंधी,क्रांतिकारी
country,populated area,देश,पॉपुलेटेड क्षेत्र
country,urban area,देश,शहरी इलाका
couple,decouple,युगल,दसगुणा
couple,uncouple,युगल,जुदा करना
couple on,decouple,जोड़ा,दसगुणा
couple on,uncouple,जोड़ा,जुदा करना
couple up,decouple,जोड़ा,दसगुणा
couple up,uncouple,जोड़ा,जुदा करना
courage,cowardice,साहस,कायरता
courage,cowardliness,साहस,कायरता
courageous,cowardly,साहसी,राड़
courageous,fearful,साहसी,भयभीत
courageousness,cowardice,साहस,कायरता
courageousness,cowardliness,साहस,कायरता
course,unnaturally,अवधि,अप्राकृतिक रूप
courteous,discourteous,विनम्र,अभद्र
courteously,discourteously,शिष्टता से,उसे असभ्यता
courteously,impolitely,शिष्टता से,अशिष्टता
courteously,rudely,शिष्टता से,बेरूखी से
courtesy,discourtesy,शिष्टाचार,असभ्यता
courtesy,rudeness,शिष्टाचार,अशिष्टता
cousinly,uncousinly,बिरादरी का,अनिच्छुक रूप से
cover,expose,ढकना,अनावृत करना
cover,uncover,ढकना,उजागर
covered,bare,ढंकता हुआ,नंगा
covert,open,प्रच्छन्न,खुला
covert,overt,प्रच्छन्न,अपरोक्ष
covertly,overtly,छिपकर,खुलकर
coward,brave,कायर,बहादुर
cowardice,braveness,कायरता,बहादुरी
cowardice,bravery,कायरता,वीरता
cowardice,courage,कायरता,साहस
cowardice,courageousness,कायरता,साहस
cowardliness,braveness,कायरता,बहादुरी
cowardliness,bravery,कायरता,वीरता
cowardliness,courage,कायरता,साहस
cowardliness,courageousness,कायरता,साहस
cowardly,brave,राड़,बहादुर
cowardly,courageous,राड़,साहसी
crannied,uncrannied,क्रेन्ड,अनियंत्रित
crate,uncrate,टोकरा,अनिच्छुक होना
crawl in,arise,रेंगना,उठना
crawl in,get up,रेंगना,उठना
crawl in,rise,रेंगना,उठना
crawl in,turn out,रेंगना,उपस्थित होना
crawl in,uprise,रेंगना,असुरक्षित
crazily,sanely,क्षीणतापूर्वक,सनसनी से
creative,uncreative,रचनात्मक,अचूक
creative thinking,uncreativeness,रचनात्मक सोच,अचूकता
creativeness,uncreativeness,रचनात्मकता,अचूकता
creativity,uncreativeness,रचनात्मकता,अचूकता
credibility,incredibility,साख,अविश्वसनीयता
credibility,incredibleness,साख,अविश्वसनीयता
credible,incredible,विश्वसनीय,अविश्वसनीय
credible,unbelievable,विश्वसनीय,अविश्वसनीय
credibleness,incredibility,विश्वसनीयता,अविश्वसनीयता
credibleness,incredibleness,विश्वसनीयता,अविश्वसनीयता
credibly,implausibly,विश्वसनीयता की दृष्टि,संदिग्ध रूप से
credibly,improbably,विश्वसनीयता की दृष्टि,असंभवत
credibly,incredibly,विश्वसनीयता की दृष्टि,अविश्वसनीय रूप से
credibly,unbelievably,विश्वसनीयता की दृष्टि,अविश्वसनीय
credit,cash,श्रेय,नकद
credit,debit,श्रेय,खर्चे में लिखना
credit,debit entry,श्रेय,डेबिट प्रविष्टि
credit,immediate payment,श्रेय,तत्काल भुगतान
credit entry,debit,ऋण प्रविष्टि,खर्चे में लिखना
credit entry,debit entry,ऋण प्रविष्टि,डेबिट प्रविष्टि
creditor,debitor,ऋणदाता,ऋणी
creditor,debtor,ऋणदाता,ऋणी
credulous,incredulous,विश्रंभी,अविश्वसनीय
credulously,disbelievingly,विश्वसनीयता से,अविश्वास से
credulously,incredulously,विश्वसनीयता से,अविश्वसनीय रूप से
credulously,unbelievingly,विश्वसनीयता से,अविश्वास से
crescendo,decrescendo,क्रेसेंडो,घटते
criminal prosecution,defence,आपराधिक अभियोजन,रक्षा
criminal prosecution,defense,आपराधिक अभियोजन,रक्षा
criminal prosecution,demurrer,आपराधिक अभियोजन,आपत्ति
criminal prosecution,denial,आपराधिक अभियोजन,इनकार
criminalisation,decriminalisation,अपराधीकरण,वैधीकरण
criminalisation,decriminalization,अपराधीकरण,वैधीकरण
criminalise,decriminalise,अपराध,de-अपराध
criminalise,decriminalize,अपराध,decriminalize
criminalise,legalise,अपराध,वैध बनाना
criminalise,legalize,अपराध,वैध बनाना
criminalise,legitimate,अपराध,वैध
criminalise,legitimatise,अपराध,वैध करना
criminalise,legitimatize,अपराध,वैध बनाना
criminalise,legitimise,अपराध,वैधता
criminalise,legitimize,अपराध,वैधता
criminalization,decriminalisation,अपराधीकरण,वैधीकरण
criminalization,decriminalization,अपराधीकरण,वैधीकरण
criminalize,decriminalise,अपराध,de-अपराध
criminalize,decriminalize,अपराध,decriminalize
criminalize,legalise,अपराध,वैध बनाना
criminalize,legalize,अपराध,वैध बनाना
criminalize,legitimate,अपराध,वैध
criminalize,legitimatise,अपराध,वैध करना
criminalize,legitimatize,अपराध,वैध बनाना
criminalize,legitimise,अपराध,वैधता
criminalize,legitimize,अपराध,वैधता
critical,noncritical,गंभीर,निरर्थक
critical,noncrucial,गंभीर,असंबद्ध
critical,uncritical,गंभीर,हितैषी
critically,uncritically,गंभीर,गैर-आलोचनात्मक
criticise,praise,आलोचना करना,प्रशंसा
criticize,praise,आलोचना करना,प्रशंसा
croak,be born,कर्कश,पैदा हो
crooked,square,कुटिल,वर्ग
crooked,straight,कुटिल,सीधा
crookedness,straightness,कुटिलता,सीधा
cross,uncross,पार करना,अनिच्छुक करना
cross-eyed,walleyed,भेंगा,वासना
cross-fertilisation,self-fertilisation,पार निषेचन,स्वनिषेचन
cross-fertilisation,self-fertilization,पार निषेचन,स्वनिषेचन
cross-fertilization,self-fertilisation,पार निषेचन,स्वनिषेचन
cross-fertilization,self-fertilization,पार निषेचन,स्वनिषेचन
cross-pollination,self-pollination,परोपकारिता,ख़ुद-पीलीनेशन
crossbred,purebred,संकर,ख़ालिस
crossed,uncrossed,पार,अनिच्छुक
crosswise,lengthways,आड़े,Genglloways
crosswise,lengthwise,आड़े,लंबा
crowded,uncrowded,भीड़-भाड़ वाला,अनियंत्रित
crowned,crownless,ताज पहनाया,ताज का
crowned,uncrowned,ताज पहनाया,राज्य-पद से हटाया हुआ
crowned,unlaureled,ताज पहनाया,अव्यवस्थित
crowned,unlaurelled,ताज पहनाया,अव्यवस्थित
crownless,crowned,ताज का,ताज पहनाया
crucial,noncrucial,महत्वपूर्ण,असंबद्ध
crude,processed,अपरिष्कृत,प्रसंस्कृत
crude,refined,अपरिष्कृत,परिशोधित
cry,express joy,चिल्लाना,व्यक्त आनंद
cry,express mirth,चिल्लाना,एक्सप्रेस मिर्थ
cry,laugh,चिल्लाना,हँसना
crystalline,noncrystalline,क्रिस्टलीय,नॉन -क्रिस्टलीय
crystallised,uncrystallised,क्रिस्टल-lized,अछूता हुआ
crystallised,uncrystallized,क्रिस्टल-lized,अछूता हुआ
crystallized,uncrystallised,सघन,अछूता हुआ
crystallized,uncrystallized,सघन,अछूता हुआ
cubic,linear,घन,रेखीय
cubic,one-dimensional,घन,एक आयामी
cubic,planar,घन,प्लानर
cubic,two-dimensional,घन,दो आयामी
cultivated,uncultivated,खेती,बीहड़
cultivated plant,weed,खेती का पौधा,खर-पतवार
curability,incurability,सुगंधे की योग्यता,लाइलाजता
curability,incurableness,सुगंधे की योग्यता,अयोग्यता
curable,incurable,इलाज संभव,असमान
curableness,incurability,घमंड,लाइलाजता
curableness,incurableness,घमंड,अयोग्यता
curdle,homogenise,जमाना,एकत्रित करना
curdle,homogenize,जमाना,एकत्रित करना
curious,incurious,जिज्ञासु,विचारशून्य
curiousness,nativeness,आक्रामकता,नटखट
curl,uncoil,कर्ल,खुलना
curliness,straightness,घुँघरालापन,सीधा
curly,straight,घुँघराले,सीधा
current,noncurrent,मौजूदा,अयोग्य
curse,bless,अभिशाप,आशीर्वाद
curse,communicate,अभिशाप,बातचीत करना
cursed,blessed,शापित,सौभाग्यपूर्ण
cursed,blest,शापित,महाभाग
cursorial,fossorial,धावी,जीवाणु
curst,blessed,कर्ट,सौभाग्यपूर्ण
curst,blest,कर्ट,महाभाग
curtained,curtainless,पर्दे,बिना पर्दे के
curtained,uncurtained,पर्दे,अपंग
curtainless,curtained,बिना पर्दे के,पर्दे
curve,straight line,वक्र,सरल रेखा
curved,straight,घुमावदार,सीधा
curved shape,straight line,घुमावदार आकार,सरल रेखा
curving,straight,घुमावदार,सीधा
custom,ready-made,रिवाज़,तैयार किया हुआ
custom-built,ready-made,कस्टम बिल्ट,तैयार किया हुआ
custom-made,ready-made,पसंद के अनुसार निर्मित,तैयार किया हुआ
cut,dilate,काटना,चौड़ा करना
cut,elaborate,काटना,विस्तार में बताना
cut,enlarge,काटना,बड़े आकार में
cut,expand,काटना,बढ़ाना
cut,expatiate,काटना,लंबी-चौड़ी बातें बढ़ाना
cut,exposit,काटना,अनावृत
cut,expound,काटना,व्याख्या करना
cut,flesh out,काटना,मांस बाहर
cut,lucubrate,काटना,बीतना
cut,rough,काटना,किसी न किसी
cut,switch on,काटना,चालू करना
cut,turn on,काटना,चालू करो
cut,uncut,काटना,काटा हुआ नहीं
cut,unmown,काटना,एकजुट हो जाओ
cut,untrimmed,काटना,अप्रत्याशित
cyclic,acyclic,चक्रीय,अचक्रीय
cyclic,noncyclic,चक्रीय,अखंड
cyclic,noncyclical,चक्रीय,अखंड
cyclic,open-chain,चक्रीय,खुली हुई चेन
cyclical,noncyclic,चक्रीय,अखंड
cyclical,noncyclical,चक्रीय,अखंड
cyclone,anticyclone,चक्रवात,प्रतिचक्रवात
dabbler,diving duck,शौक़ीन,डाइविंग डक
dabbling duck,diving duck,डबिंग डक,डाइविंग डक
damaged,undamaged,क्षतिग्रस्त,अविभाजित
damn,bless,लानत है,आशीर्वाद
dampen,excite,गीला हो जाना,उत्तेजित
dampen,stimulate,गीला हो जाना,उकसाना
danger,safety,खतरा,सुरक्षा
dangerous,safe,खतरनाक,सुरक्षित
dangerousness,safeness,खतरनाकपन,निश्चिंतता
daring,timidity,साहसी,कातरता
dark,day,अँधेरा,दिन
dark,daylight,अँधेरा,दिन का प्रकाश
dark,daytime,अँधेरा,दिन
dark,light,अँधेरा,उजाला
dark,light-colored,अँधेरा,हल्के रंग का
dark,lighting,अँधेरा,प्रकाश
darken,brighten,नल,रोशन
darken,lighten,नल,हल्का
darken,lighten up,नल,हल्का होना
darkness,light,अंधेरा,उजाला
darkness,lighting,अंधेरा,प्रकाश
darkness,lightness,अंधेरा,लपट
datable,undatable,तारीख,undateable
dateable,undatable,अयोग्य,undateable
daughter,boy,बेटी,लड़का
daughter,son,बेटी,पुत्र
dauntlessly,fearfully,बेधड़क,भय सहित
dawdle,belt along,डर्मल,बेल्ट के साथ
dawdle,bucket along,डर्मल,साथ में बाल्टी
dawdle,cannonball along,डर्मल,तोप के साथ
dawdle,hasten,डर्मल,जल्दी करना
dawdle,hie,डर्मल,जल्दी करना
dawdle,hotfoot,डर्मल,जल्दबाज़ी से
dawdle,pelt along,डर्मल,साथ देना
dawdle,race,डर्मल,दौड़
dawdle,rush,डर्मल,जल्दबाज़ी करना
dawdle,rush along,डर्मल,साथ जाना
dawdle,speed,डर्मल,रफ़्तार
dawdle,step on it,डर्मल,जल्दी करना
dawn,sundown,भोर,सूर्यास्त
dawn,sunset,भोर,सूर्यास्त
dawning,sundown,डवेनिंग,सूर्यास्त
dawning,sunset,डवेनिंग,सूर्यास्त
day,dark,दिन,अँधेरा
day,night,दिन,रात
day,nighttime,दिन,रात का समय
day game,night game,दिन का खेल,रात का खेल
day of rest,work day,आराम का दिन,कार्य दिवस
day of rest,workday,आराम का दिन,कार्यदिवस
day of rest,working day,आराम का दिन,कार्य दिवस
day school,boarding school,दिन,बोर्डिंग - स्कूल
day school,night school,दिन,रात का स्कूल
daybreak,sundown,भोर,सूर्यास्त
daybreak,sunset,भोर,सूर्यास्त
daylight,dark,दिन का प्रकाश,अँधेरा
daylight,night,दिन का प्रकाश,रात
daylight,nighttime,दिन का प्रकाश,रात का समय
dayspring,sundown,तड़का,सूर्यास्त
dayspring,sunset,तड़का,सूर्यास्त
daytime,dark,दिन,अँधेरा
daytime,night,दिन,रात
daytime,nighttime,दिन,रात का समय
de facto,de jure,वास्तव में,क़ानूनन
de jure,de facto,क़ानूनन,वास्तव में
de jure,unlawfully,क़ानूनन,अवैध
de-energise,arouse,डी-एनर्जी,उकसाना
de-energise,brace,डी-एनर्जी,ब्रेस
de-energise,energise,डी-एनर्जी,Energize
de-energise,energize,डी-एनर्जी,Energize
de-energise,perk up,डी-एनर्जी,गर्वीला
de-energise,stimulate,डी-एनर्जी,उकसाना
de-energize,arouse,de-Energize,उकसाना
de-energize,brace,de-Energize,ब्रेस
de-energize,energise,de-Energize,Energize
de-energize,energize,de-Energize,Energize
de-energize,perk up,de-Energize,गर्वीला
de-energize,stimulate,de-Energize,उकसाना
de-escalate,escalate,पैमाना,आगे बढ़ाएं
de-escalate,intensify,पैमाना,तेज
de-escalate,step up,पैमाना,आगे आना
de-iodinate,iodinate,डी-इडिनेट,आयोडीन
de-iodinating,iodinating,डी-आइडिनेटिंग,आयोडिनेटिंग
de-ionate,ionate,डी-आयनित,उल्लिखित
deactivate,activate,निष्क्रिय करें,सक्रिय करना
deactivation,activation,क्रियाशीलता छोड़ना,सक्रियण
dead,alive,मृत,जीवित
dead,live,मृत,रहना
dead,living,मृत,जीविका
deaden,animate,मृत,चेतन
deaden,enliven,मृत,सजीव
deaden,invigorate,मृत,का लाभ
deaden,liven,मृत,अच्छा हो जाना
deaden,liven up,मृत,तक जिंदा रहना
deadly sin,venial sin,घातक पाप,के बिना शून्य
deadness,responsiveness,बेकारी,जवाबदेही
deaf,hearing,बहरा,सुनवाई
death,birth,मौत,जन्म
death,nascence,मौत,कुशलता
death,nascency,मौत,उठान
death,nativity,मौत,क्रिसमस
debark,embark,असमतल,प्रारंभ
debark,ship,असमतल,जहाज
debarkation,boarding,नाव पर से उतर,बोर्डिंग
debarkation,embarkation,नाव पर से उतर,आरोहण
debarkation,embarkment,नाव पर से उतर,रगड़ना
debenture,secured bond,ऋणपत्र,सुरक्षित बांड
debenture bond,secured bond,डिबेंचर बांड,सुरक्षित बांड
debilitating,invigorating,दुर्बल,स्फूर्तिदायक
debit,credit,खर्चे में लिखना,श्रेय
debit,credit entry,खर्चे में लिखना,ऋण प्रविष्टि
debit entry,credit,डेबिट प्रविष्टि,श्रेय
debit entry,credit entry,डेबिट प्रविष्टि,ऋण प्रविष्टि
debitor,creditor,ऋणी,ऋणदाता
debtor,creditor,ऋणी,ऋणदाता
decalcify,calcify,अम्लो व्दारा कैल्सियम,कड़ा हो जाना
decease,be born,स्वर्गवास,पैदा हो
decease,birth,स्वर्गवास,जन्म
decease,nascence,स्वर्गवास,कुशलता
decease,nascency,स्वर्गवास,उठान
decease,nativity,स्वर्गवास,क्रिसमस
deceitfully,aboveboard,छल से,उपरोक्त
deceitfully,honestly,छल से,ईमानदारी से
deceive,undeceive,धोखा देना,अव्यवस्थित करना
decelerate,accelerate,धीमा,तेजी लाने
decelerate,quicken,धीमा,Quicken
decelerate,speed,धीमा,रफ़्तार
decelerate,speed up,धीमा,गति बढ़ाना
deceleration,acceleration,मंदी,त्वरण
deceleration,quickening,मंदी,स्पन्दन
deceleration,speedup,मंदी,गति बढ़ाना
decency,indecency,शिष्टता,अशिष्टता
decent,improperly,शालीन,अनुचित
decent,indecent,शालीन,अभद्र
decently,improperly,सभ्यता से,अनुचित
decently,indecently,सभ्यता से,अशिष्टता से
decentralisation,centralisation,विकेन्द्रीकरण,केंद्रीकरण
decentralisation,centralization,विकेन्द्रीकरण,केंद्रीकरण
decentralise,centralise,de-केंद्रस्थ,केंद्रीकृत
decentralise,centralize,de-केंद्रस्थ,केंद्रस्थ
decentralise,concentrate,de-केंद्रस्थ,ध्यान केंद्रित करना
decentralised,centralised,विकेन्द्रीकृत,केंद्रीकृत
decentralised,centralized,विकेन्द्रीकृत,केंद्रीकृत
decentralising,centralising,विकेंद्रीकरण,केंद्रीकृत
decentralising,centralizing,विकेंद्रीकरण,केंद्रीकृत
decentralization,centralisation,विकेन्द्रीकरण,केंद्रीकरण
decentralization,centralization,विकेन्द्रीकरण,केंद्रीकरण
decentralize,centralise,विकेन्द्रित करना,केंद्रीकृत
decentralize,centralize,विकेन्द्रित करना,केंद्रस्थ
decentralize,concentrate,विकेन्द्रित करना,ध्यान केंद्रित करना
decentralized,centralised,विकेंद्रीकरण,केंद्रीकृत
decentralized,centralized,विकेंद्रीकरण,केंद्रीकृत
decentralizing,centralising,विकेंद्रीकरण,केंद्रीकृत
decentralizing,centralizing,विकेंद्रीकरण,केंद्रीकृत
decertify,certify,डिक्रिप्ट करना,प्रमाणित
decertify,licence,डिक्रिप्ट करना,लाइसेंस
decertify,license,डिक्रिप्ट करना,लाइसेंस
deciduous,evergreen,झड़नेवाला,सदाबहार
deciduous plant,evergreen,पर्णपाती संयंत्र,सदाबहार
deciduous plant,evergreen plant,पर्णपाती संयंत्र,सदाबहार संयंत्र
decipher,encode,पढ़ना,एन्कोड
decipherably,illegibly,स्पष्ट रूप से,घसीट
decipherably,undecipherably,स्पष्ट रूप से,अविभाज्य रूप से
decipherably,unreadably,स्पष्ट रूप से,अपठित रूप से
deciphered,undeciphered,मतलब निकाला,अविभाजित
decision,indecision,फ़ैसला,अनिर्णय
decision,indecisiveness,फ़ैसला,अनिश्चितता
decisive,indecisive,निर्णयक,दुविधा में पड़ा हुआ
decisively,indecisively,दृढ़ता से,अनिश्चय से
decisiveness,inconclusiveness,निश्चितता,अनिर्णीतता
decisiveness,indecision,निश्चितता,अनिर्णय
decisiveness,indecisiveness,निश्चितता,अनिश्चितता
deck out,dress down,बाहर निकलना,अनौपचारिक कपड़े पहनना
deck out,underdress,बाहर निकलना,कमज़ोर करना
deck up,dress down,डेक अप करना,अनौपचारिक कपड़े पहनना
deck up,underdress,डेक अप करना,कमज़ोर करना
declarative,interrogative,कथात्मक,प्रश्नवाचक
declarative,interrogatory,कथात्मक,पूछताछ करनेवाला
declaratory,interrogative,निवेदक,प्रश्नवाचक
declaratory,interrogatory,निवेदक,पूछताछ करनेवाला
declared,undeclared,घोषित,पहले से न सोचा
declassification,classification,गैर-गोपनीयता,वर्गीकरण
declassify,classify,डिस्चार्ज करना,वर्गीकृत करना
declension,acclivity,अवनति,चढ़ाना
declension,ascent,अवनति,आरोहण
declension,climb,अवनति,चढ़ना
declension,raise,अवनति,उठाना
declension,rise,अवनति,उठना
declension,upgrade,अवनति,उन्नत करना
declination,acclivity,झुकाव,चढ़ाना
declination,ascent,झुकाव,आरोहण
declination,climb,झुकाव,चढ़ना
declination,improvement,झुकाव,सुधार
declination,melioration,झुकाव,भूमि-सुधार
declination,raise,झुकाव,उठाना
declination,rise,झुकाव,उठना
declination,upgrade,झुकाव,उन्नत करना
decline,accept,गिरावट,स्वीकार करना
decline,acclivity,गिरावट,चढ़ाना
decline,ameliorate,गिरावट,उन्नति
decline,ascent,गिरावट,आरोहण
decline,better,गिरावट,बेहतर
decline,climb,गिरावट,चढ़ना
decline,consent,गिरावट,सहमति
decline,go for,गिरावट,के लिए जाओ
decline,have,गिरावट,पास होना
decline,improve,गिरावट,सुधार
decline,improvement,गिरावट,सुधार
decline,meliorate,गिरावट,कृषि योग्य बनाना
decline,melioration,गिरावट,भूमि-सुधार
decline,raise,गिरावट,उठाना
decline,rise,गिरावट,उठना
decline,take,गिरावट,लेना
decline,upgrade,गिरावट,उन्नत करना
declivity,acclivity,ढार,चढ़ाना
declivity,ascent,ढार,आरोहण
declivity,climb,ढार,चढ़ना
declivity,raise,ढार,उठाना
declivity,rise,ढार,उठना
declivity,upgrade,ढार,उन्नत करना
decode,encode,गूढ़वाचन करना,एन्कोड
decolonise,colonise,डिकोलोनिस करना,उपनिवेश
decolonise,colonize,डिकोलोनिस करना,उपनिवेश
decolonize,colonise,डिक्लोनिंग करना,उपनिवेश
decolonize,colonize,डिक्लोनिंग करना,उपनिवेश
decompress,compact,दबाव हटाना,कॉम्पैक्ट
decompress,compress,दबाव हटाना,संकुचित करें
decompress,pack together,दबाव हटाना,एक साथ पैक करना
decompress,pressurise,दबाव हटाना,दबाव बनाना
decompress,pressurize,दबाव हटाना,दबाव बनाना
decompress,tense,दबाव हटाना,तनावग्रस्त
decompress,tense up,दबाव हटाना,तनाव में आ जाना
decompressing,compressing,decompressing,को संपीड़ित
decompressing,compression,decompressing,COMPRESSION
decompression,compressing,विसंपीड़न,को संपीड़ित
decompression,compression,विसंपीड़न,COMPRESSION
deconcentrate,centralise,विकेंद्रीकरण,केंद्रीकृत
deconcentrate,centralize,विकेंद्रीकरण,केंद्रस्थ
deconcentrate,concentrate,विकेंद्रीकरण,ध्यान केंद्रित करना
deconsecrate,bless,विघटन करना,आशीर्वाद
deconsecrate,consecrate,विघटन करना,ज्ञान देना
deconsecrate,hallow,विघटन करना,पवित्र
deconsecrate,sanctify,विघटन करना,पवित्र
decontaminate,contaminate,शुद्ध करना,दूषित
decontamination,contamination,शुद्धीकरण,दूषण
decontamination,pollution,शुद्धीकरण,प्रदूषण
decorated,unadorned,सजाया हुआ,अनलंकृत
decorated,undecorated,सजाया हुआ,असज्जित
decorous,indecorous,शिष्ट,गंदा
decorous,indelicate,शिष्ट,असभ्य
decorously,indecorously,सजावट के साथ,अशिष्टता से
decorously,unbecomingly,सजावट के साथ,अनभिज्ञता से
decorousness,indecorousness,सजावट,अशिष्टता
decorousness,indecorum,सजावट,बेजा
decorum,indecorousness,शिष्टाचार,अशिष्टता
decorum,indecorum,शिष्टाचार,बेजा
decouple,associate,दसगुणा,संबंद्ध करना
decouple,colligate,दसगुणा,खींचो
decouple,connect,दसगुणा,जोड़ना
decouple,couple,दसगुणा,युगल
decouple,couple on,दसगुणा,जोड़ा
decouple,couple up,दसगुणा,जोड़ा
decouple,link,दसगुणा,जोड़ना
decouple,link up,दसगुणा,लिंक करें
decouple,relate,दसगुणा,संबंधित
decouple,tie in,दसगुणा,में बाँधो
decrease,growth,घटाना,विकास
decrease,increase,घटाना,बढ़ोतरी
decrease,increment,घटाना,वेतन वृद्धि
decrease,step-up,घटाना,आगे आना
decreased,increased,की कमी हुई,बढ़ा हुआ
decreasing,increasing,घटते,की बढ़ती
decrement,growth,घटती,विकास
decrement,increase,घटती,बढ़ोतरी
decrement,increment,घटती,वेतन वृद्धि
decrescendo,crescendo,घटते,क्रेसेंडो
decriminalisation,criminalisation,वैधीकरण,अपराधीकरण
decriminalisation,criminalization,वैधीकरण,अपराधीकरण
decriminalise,criminalise,de-अपराध,अपराध
decriminalise,criminalize,de-अपराध,अपराध
decriminalise,illegalise,de-अपराध,अवैध रूप से
decriminalise,illegalize,de-अपराध,अवैध घोषित
decriminalise,outlaw,de-अपराध,डाकू
decriminalization,criminalisation,वैधीकरण,अपराधीकरण
decriminalization,criminalization,वैधीकरण,अपराधीकरण
decriminalize,criminalise,decriminalize,अपराध
decriminalize,criminalize,decriminalize,अपराध
decriminalize,illegalise,decriminalize,अवैध रूप से
decriminalize,illegalize,decriminalize,अवैध घोषित
decriminalize,outlaw,decriminalize,डाकू
decrypt,encode,डिक्रिप्ट,एन्कोड
dedicated,desecrated,समर्पित,अपवित्र
dedicated,undedicated,समर्पित,अविभाजित
dedicated file server,non-dedicated file server,समर्पित फ़ाइल सर्वर,गैर-समर्पित फ़ाइल सर्वर
dedifferentiate,differentiate,डेडिफ़रेंटिएट,अंतर
deduct,add,काटना,जोड़ना
deduct,add together,काटना,एक साथ जोड़ें
deductible,nondeductible,घटाया,नोंगदार
deduction,addition,कटौती,जोड़ना
deductive,inductive,वियोजक,अधिष्ठापन का
deep,shallow,गहरा,उथला
deepness,shallowness,गहराई,क्षुद्रता
default,ante up,गलती करना,अपहरण करना
default,pay,गलती करना,वेतन
default,pay up,गलती करना,भुगतान करें
default,payment,गलती करना,भुगतान
default on,ante up,पर डिफ़ॉल्ट करें,अपहरण करना
default on,pay,पर डिफ़ॉल्ट करें,वेतन
default on,pay up,पर डिफ़ॉल्ट करें,भुगतान करें
defeasible,indefeasible,ग्रहण करने योग्य,मदद करने योग्य
defeat,triumph,हराना,विजयोल्लास
defeat,victory,हराना,विजय
defeated,undefeated,हारा हुआ,अपराजित
defence,criminal prosecution,रक्षा,आपराधिक अभियोजन
defence,offence,रक्षा,अपराध
defence,offense,रक्षा,अपराध
defence,prosecution,रक्षा,अभियोग पक्ष
defend,assail,रक्षा करना,आक्रमण करना
defend,attack,रक्षा करना,आक्रमण करना
defend,prosecute,रक्षा करना,पर मुकदमा चलाने
defendant,complainant,प्रतिवादी,शिकायत करने वाला
defendant,plaintiff,प्रतिवादी,वादी
defending team,offence,बचाव दल,अपराध
defending team,offense,बचाव दल,अपराध
defense,criminal prosecution,रक्षा,आपराधिक अभियोजन
defense,offence,रक्षा,अपराध
defense,offense,रक्षा,अपराध
defense,prosecution,रक्षा,अभियोग पक्ष
defense lawyers,prosecution,रक्षा वकील,अभियोग पक्ष
defense team,prosecution,रक्षा दल,अभियोग पक्ष
defensive,offensive,बचाव,अप्रिय
defensively,offensively,बचाव,आपत्तिजनक रूप
deferred payment,cash,आस्थगित भुगतान,नकद
deferred payment,immediate payment,आस्थगित भुगतान,तत्काल भुगतान
defiant,compliant,उपेक्षापूर्ण,अनुपालन
deficiency,adequacy,कमी,पर्याप्तता
deficiency,sufficiency,कमी,प्रचुरता
deficient,sufficient,न्यून,पर्याप्त
deficit,lead,घाटा,नेतृत्व करना
defined,undefined,परिभाषित,अपरिभाषित
defined,vague,परिभाषित,अस्पष्ट
definite,indefinite,निश्चित,अनिश्चितकालीन
deflate,blow up,अपवित्र करना,झटका
deflate,inflate,अपवित्र करना,फुलाना
deflation,disinflation,अपस्फीति,विस्फीति
deflation,inflation,अपस्फीति,मुद्रा स्फ़ीति
deflation,rising prices,अपस्फीति,बढ़ती कीमतें
deflationary,inflationary,अपस्फीतिकर,मुद्रास्फीति
deflationary spiral,inflationary spiral,अपक्षय सर्पिल,मुद्रास्फीति सर्पिल
deform,unbend,ख़राब,असंतुलित
defrayal,evasion,अदायगी,आज्ञा
defrayal,nonpayment,अदायगी,भुगतान न
defrayment,evasion,अदायगी,आज्ञा
defrayment,nonpayment,अदायगी,भुगतान न
defuse,fuse,को शांत,फ्यूज
defusing,activation,को कम करने,सक्रियण
defy,apply,अवहेलना,आवेदन करना
defy,lend oneself,अवहेलना,लाना
degauss,magnetise,डराज़,चुंबक
degauss,magnetize,डराज़,मंगनी
degenerate,convalesce,पतित,अच्छा हो जाना
degenerate,recover,पतित,वापस पाना
degenerate,recuperate,पतित,स्वस्थ हो जाना
degeneration,development,अध: पतन,विकास
degeneration,evolution,अध: पतन,विकास
deglycerolise,glycerolise,विक्रेता,ग्लिसरोलिस
deglycerolise,glycerolize,विक्रेता,ग्लिसरोलिस करना
deglycerolize,glycerolise,विक्रेता,ग्लिसरोलिस
deglycerolize,glycerolize,विक्रेता,ग्लिसरोलिस करना
degrade,aggrade,नीचा,उत्तेजना
dehiscent,indehiscent,खुल जानेवाला,अस्फोटी
dehumanise,humanise,अमानवीयता,मानवीकरण
dehumanise,humanize,अमानवीयता,मानवीय बनाना
dehumanize,humanise,वहशी बनाना,मानवीकरण
dehumanize,humanize,वहशी बनाना,मानवीय बनाना
dehumidify,humidify,अस्त -व्यस्त करना,भिगोना
dehumidify,moisturise,अस्त -व्यस्त करना,नम करना
dehumidify,moisturize,अस्त -व्यस्त करना,Moisturize
dehydrate,hydrate,निर्जलीकरण,हाइड्रेट
dehydrogenate,hydrogenate,निर्जलीकरण,हाइड्रोजनीट करना
deject,elate,दिल तोड़ना,आप रहते हैं
deject,intoxicate,दिल तोड़ना,नशा
deject,lift up,दिल तोड़ना,उठाना
deject,pick up,दिल तोड़ना,उठाना
deject,uplift,दिल तोड़ना,उत्थान
dejected,elated,उदास,उत्तेजित
delay,hurry,देरी,जल्दी
delay,rush,देरी,जल्दबाज़ी करना
delete,record,मिटाना,अभिलेख
delete,tape,मिटाना,फीता
deliberately,accidentally,जान-बूझकर,अकस्मात
deliberately,by chance,जान-बूझकर,संयोगवश
deliberately,circumstantially,जान-बूझकर,ब्योरे से
deliberately,unexpectedly,जान-बूझकर,अप्रत्याशित रूप से
deliberately,unintentionally,जान-बूझकर,अनजाने
delicate,rugged,नाज़ुक,बीहड़
delight,disenchant,आनंद,जादू टोने के प्रभाव से छुड़ाना
delight,disillusion,आनंद,मायूसी
delight,displease,आनंद,नाराज़ करना
delineate,undelineated,चित्रित करना,अविभाजित
delineated,undelineated,चित्रित,अविभाजित
deliver the goods,fail,माल वितरित करना,असफल
deliver the goods,go wrong,माल वितरित करना,उल्टा जाओ
deliver the goods,miscarry,माल वितरित करना,असफल होना
demagnetise,magnetise,डेमैग्नेटिस,चुंबक
demagnetise,magnetize,डेमैग्नेटिस,मंगनी
demagnetize,magnetise,चुंबक की शक्ति को हटाना,चुंबक
demagnetize,magnetize,चुंबक की शक्ति को हटाना,मंगनी
demand,eliminate,माँग,हटाना
demand,obviate,माँग,मुक्त हो जाना
demand,rid of,माँग,से छुटकारा
demand,supply,माँग,आपूर्ति
demanding,undemanding,बहुत अपेक्षाएँ रखने वाला,उदार
dematerialise,happen,डिमैटरलिस करना,होना
dematerialise,materialise,डिमैटरलिस करना,अमल में लाना
dematerialise,materialize,डिमैटरलिस करना,अमल में लाना
dematerialize,happen,अवमूल्य करना,होना
dematerialize,materialise,अवमूल्य करना,अमल में लाना
dematerialize,materialize,अवमूल्य करना,अमल में लाना
dementedly,sanely,मनमोहक रूप से,सनसनी से
demerit,merit,अवगुण,योग्यता
demerit,virtue,अवगुण,गुण
demilitarise,arm,ग़ैरफ़ौजीकरण करना,हाथ
demilitarise,build up,ग़ैरफ़ौजीकरण करना,बनाया
demilitarise,fortify,ग़ैरफ़ौजीकरण करना,मज़बूत
demilitarise,gird,ग़ैरफ़ौजीकरण करना,बांधना
demilitarise,militarise,ग़ैरफ़ौजीकरण करना,सैन्य -संबंधी
demilitarise,militarize,ग़ैरफ़ौजीकरण करना,सैन्यकरण करना
demilitarize,arm,ग़ैरफ़ौजीकरण करना,हाथ
demilitarize,build up,ग़ैरफ़ौजीकरण करना,बनाया
demilitarize,fortify,ग़ैरफ़ौजीकरण करना,मज़बूत
demilitarize,gird,ग़ैरफ़ौजीकरण करना,बांधना
demilitarize,militarise,ग़ैरफ़ौजीकरण करना,सैन्य -संबंधी
demilitarize,militarize,ग़ैरफ़ौजीकरण करना,सैन्यकरण करना
demise,birth,मृत्यु,जन्म
demob,mobilise,डिमोब,को जुटाने
demob,mobilize,डिमोब,को जुटाने
demobilisation,militarisation,वियोजन,सैन्यकरण
demobilisation,militarization,वियोजन,सैन्यकरण
demobilisation,mobilisation,वियोजन,लामबंदी
demobilisation,mobilization,वियोजन,लामबंदी
demobilise,call up,सेना तोड़ देना,कॉल करें
demobilise,mobilise,सेना तोड़ देना,को जुटाने
demobilise,mobilize,सेना तोड़ देना,को जुटाने
demobilise,rally,सेना तोड़ देना,रैली
demobilization,militarisation,वियोजन,सैन्यकरण
demobilization,militarization,वियोजन,सैन्यकरण
demobilization,mobilisation,वियोजन,लामबंदी
demobilization,mobilization,वियोजन,लामबंदी
demobilize,call up,सेना तोड़ देना,कॉल करें
demobilize,mobilise,सेना तोड़ देना,को जुटाने
demobilize,mobilize,सेना तोड़ देना,को जुटाने
demobilize,rally,सेना तोड़ देना,रैली
democratic,undemocratic,लोकतांत्रिक,अजनतंत्रवादी
democratically,undemocratically,लोकतांत्रिक ढंग से,अवमूल्य रूप से
demonetisation,monetisation,demonetisation,मुद्रीकरण
demonetisation,monetization,demonetisation,मुद्रीकरण
demonetization,monetisation,DEMONETIZATION,मुद्रीकरण
demonetization,monetization,DEMONETIZATION,मुद्रीकरण
demonstrate,confute,दिखाना,कन्फ्यूट
demonstrate,disprove,दिखाना,असत्य सिद्ध करना
demonstrative,undemonstrative,ठोस,नमूने का नहीं
demoralise,elate,नैतिक करना,आप रहते हैं
demoralise,intoxicate,नैतिक करना,नशा
demoralise,lift up,नैतिक करना,उठाना
demoralise,pick up,नैतिक करना,उठाना
demoralise,uplift,नैतिक करना,उत्थान
demoralize,elate,नैतिक करना,आप रहते हैं
demoralize,intoxicate,नैतिक करना,नशा
demoralize,lift up,नैतिक करना,उठाना
demoralize,pick up,नैतिक करना,उठाना
demoralize,uplift,नैतिक करना,उत्थान
demote,advance,अवनत,अग्रिम
demote,elevate,अवनत,ऊपर उठाना
demote,kick upstairs,अवनत,ऊपर उठना
demote,promote,अवनत,पदोन्नति करना
demote,raise,अवनत,उठाना
demote,upgrade,अवनत,उन्नत करना
demotion,promotion,पदावनति,पदोन्नति
demulsify,emulsify,डिमोल्ड करना,रासायनिक पायसी करना
demurrer,criminal prosecution,आपत्ति,आपराधिक अभियोजन
demurrer,prosecution,आपत्ति,अभियोग पक्ष
demystify,mystify,नहीं रखना,रहस्यमय
demythologise,mythicise,डिमैथोलॉजी करना,मिथक
demythologise,mythicize,डिमैथोलॉजी करना,मिथक करना
demythologise,mythologise,डिमैथोलॉजी करना,मिथक
demythologise,mythologize,डिमैथोलॉजी करना,मिथक करना
demythologize,mythicise,डिमैथोलॉजी करना,मिथक
demythologize,mythicize,डिमैथोलॉजी करना,मिथक करना
demythologize,mythologise,डिमैथोलॉजी करना,मिथक
demythologize,mythologize,डिमैथोलॉजी करना,मिथक करना
denationalisation,communisation,विराष्ट्रीयकरण,सांप्रदायिकता
denationalisation,communization,विराष्ट्रीयकरण,सांप्रदायिकता
denationalisation,nationalisation,विराष्ट्रीयकरण,शुद्धिकरण
denationalisation,nationalization,विराष्ट्रीयकरण,शुद्धिकरण
denationalise,nationalise,निंदा करना,राष्ट्रीय बनाना
denationalise,nationalize,निंदा करना,राष्ट्रीय बनाना
denationalization,communisation,निंदा करना,सांप्रदायिकता
denationalization,communization,निंदा करना,सांप्रदायिकता
denationalization,nationalisation,निंदा करना,शुद्धिकरण
denationalization,nationalization,निंदा करना,शुद्धिकरण
denationalize,nationalise,निंदा करना,राष्ट्रीय बनाना
denationalize,nationalize,निंदा करना,राष्ट्रीय बनाना
denaturalise,naturalise,भंग करना,स्वाभाविक रूप से
denaturalise,naturalize,भंग करना,घुला-मिला लेना
denaturalize,naturalise,अप्राकृतिक करना,स्वाभाविक रूप से
denaturalize,naturalize,अप्राकृतिक करना,घुला-मिला लेना
denazify,nazify,डेनजाइज़ करना,नाजिस करना
deniable,undeniable,अस्वीकार्य,निर्विवाद
denial,criminal prosecution,इनकार,आपराधिक अभियोजन
denial,prosecution,इनकार,अभियोग पक्ष
denitrify,nitrify,निंदा करना,नाइट्रिज करना
denotative,connotative,वाधक,स्वच्छ
denotive,connotative,संकोची,स्वच्छ
densely,thinly,घनी,पतले
denseness,dispersion,घनत्व,फैलाव
denseness,distribution,घनत्व,वितरण
density,dispersion,घनत्व,फैलाव
density,distribution,घनत्व,वितरण
deny,acknowledge,अस्वीकार करना,स्वीकार करना
deny,admit,अस्वीकार करना,स्वीकार करते हैं
deny,allow,अस्वीकार करना,अनुमति दें
deny,grant,अस्वीकार करना,अनुदान
deodorise,odorize,दुर्गन्ध करना,दुर्गंध करना
deodorise,odourise,दुर्गन्ध करना,उथल -पुथल करना
deodorise,scent,दुर्गन्ध करना,महक
deodorize,odorize,दुर्गन्ध दूर करना,दुर्गंध करना
deodorize,odourise,दुर्गन्ध दूर करना,उथल -पुथल करना
deodorize,scent,दुर्गन्ध दूर करना,महक
deodourise,odorize,दुर्गंध,दुर्गंध करना
deodourise,odourise,दुर्गंध,उथल -पुथल करना
deodourise,scent,दुर्गंध,महक
deoxidise,oxidate,डोक्सिडाइज़,ऑक्साइड
deoxidise,oxidise,डोक्सिडाइज़,ऑक्सिडाइज़ करना
deoxidise,oxidize,डोक्सिडाइज़,ऑक्सीकरण
deoxidize,oxidate,डोक्सिडाइज़ करना,ऑक्साइड
deoxidize,oxidise,डोक्सिडाइज़ करना,ऑक्सिडाइज़ करना
deoxidize,oxidize,डोक्सिडाइज़ करना,ऑक्सीकरण
depart,come,प्रस्थान करना,आना
depart,come up,प्रस्थान करना,आएं
depart,conform,प्रस्थान करना,अनुरूप होना
depart,stay,प्रस्थान करना,रहना
dependability,undependability,निर्भरता,परोपकारिता
dependability,undependableness,निर्भरता,परोपकारिता
dependability,unreliability,निर्भरता,अविश्वसनीयता
dependability,unreliableness,निर्भरता,अविश्वसनीयता
dependable,undependable,भरोसे का,अयोग्य
dependable,unreliable,भरोसे का,अविश्वसनीय
dependableness,undependability,निर्भरता,परोपकारिता
dependableness,undependableness,निर्भरता,परोपकारिता
dependableness,unreliability,निर्भरता,अविश्वसनीयता
dependableness,unreliableness,निर्भरता,अविश्वसनीयता
dependably,undependably,भरोसे के साथ,परोपकारिता से
dependably,unfaithfully,भरोसे के साथ,विश्वासघात
dependably,unreliably,भरोसे के साथ,अविश्वसनीय रूप से
dependent,independent,आश्रित,स्वतंत्र
dependent,main,आश्रित,मुख्य
depersonalise,individualise,प्रतिद्वंद्वी,अकेला होना
depersonalise,individualize,प्रतिद्वंद्वी,अकेला होना
depersonalise,personalise,प्रतिद्वंद्वी,वैयक्तिकृत करें
depersonalise,personalize,प्रतिद्वंद्वी,वैयक्तिकृत करें
depersonalize,individualise,प्रतिध्वनित करना,अकेला होना
depersonalize,individualize,प्रतिध्वनित करना,अकेला होना
depersonalize,personalise,प्रतिध्वनित करना,वैयक्तिकृत करें
depersonalize,personalize,प्रतिध्वनित करना,वैयक्तिकृत करें
depigmentation,pigmentation,संक्षेपण,रंजकता
deport,repatriate,पेश आना,स्वदेश लौटूँ
deposit,dislodge,जमा,जगह देना
deposit,draw,जमा,खींचना
deposit,draw off,जमा,अलग खींचना
deposit,free,जमा,मुक्त
deposit,take out,जमा,साथ ले जाएं
deposit,withdraw,जमा,निकालना
depreciate,appreciate,मूल्य कम करना,प्रशंसा करना
depreciate,apprise,मूल्य कम करना,सूचना देना
depreciate,apprize,मूल्य कम करना,बतलाना
depreciate,revalue,मूल्य कम करना,पुनर्मूल्यांकन
depreciation,appreciation,मूल्यह्रास,प्रशंसा
depress,elate,दबाना,आप रहते हैं
depress,intoxicate,दबाना,नशा
depress,lift up,दबाना,उठाना
depress,pick up,दबाना,उठाना
depress,uplift,दबाना,उत्थान
depressant,stimulative,अवसाद,प्रोत्साहन
depressing,cheerful,दबाकर,हंसमुख
depression,elation,अवसाद,उत्साह
depression,elevation,अवसाद,ऊंचाई
depression,natural elevation,अवसाद,प्राकृतिक उन्नयन
depressurise,pressurise,अवसाद,दबाव बनाना
depressurise,pressurize,अवसाद,दबाव बनाना
depressurize,pressurise,अवसादित करना,दबाव बनाना
depressurize,pressurize,अवसादित करना,दबाव बनाना
deprive,enrich,वंचित,समृद्ध करना
derecognise,certify,मान्यता रद्द,प्रमाणित
derecognise,licence,मान्यता रद्द,लाइसेंस
derecognise,license,मान्यता रद्द,लाइसेंस
derecognize,certify,समझाना,प्रमाणित
derecognize,licence,समझाना,लाइसेंस
derecognize,license,समझाना,लाइसेंस
deregulate,govern,नियंत्रण मुक्त,को नियंत्रित करने वाले
deregulate,order,नियंत्रण मुक्त,आदेश
deregulate,regularise,नियंत्रण मुक्त,नियमित करना
deregulate,regularize,नियंत्रण मुक्त,विनियमित
deregulate,regulate,नियंत्रण मुक्त,विनियमित
derequisition,requisition,अव्यवस्था,मांग
derestrict,restrict,ड्रेस्टिंग,प्रतिबंध लगाना
derivational,inflectional,धातुज,लचकदार
derived,underived,व्युत्पन्न,कम
desalinate,salinate,भंग करना,गला घोंटना
desalinise,salinate,डिसालिनस करना,गला घोंटना
desalinize,salinate,भंग करना,गला घोंटना
desalt,salinate,फीका बनाना,गला घोंटना
descend,arise,उतरना,उठना
descend,ascend,उतरना,Ascend
descend,come up,उतरना,आएं
descend,go up,उतरना,ऊपर जाना
descend,lift,उतरना,उठाना
descend,move up,उतरना,बढ़ाना
descend,rise,उतरना,उठना
descend,uprise,उतरना,असुरक्षित
descendant,ancestor,वंशज,पूर्वज
descendant,antecedent,वंशज,पूर्वपद
descendant,ascendant,वंशज,प्रबल
descendant,ascendent,वंशज,आरोही
descendant,root,वंशज,जड़
descendent,ancestor,वंशज,पूर्वज
descendent,antecedent,वंशज,पूर्वपद
descendent,ascendant,वंशज,प्रबल
descendent,ascendent,वंशज,आरोही
descendent,root,वंशज,जड़
descending,ascending,अवरोही,आरोही
descending node,ascending node,अवरोही नोड,आरोही नोड
descent,acclivity,चढ़ाई,चढ़ाना
descent,ascent,चढ़ाई,आरोहण
descent,climb,चढ़ाई,चढ़ना
descent,raise,चढ़ाई,उठाना
descent,rise,चढ़ाई,उठना
descent,upgrade,चढ़ाई,उन्नत करना
descriptive,normative,वर्णनात्मक,मानक का
descriptive,prescriptive,वर्णनात्मक,नियम के अनुसार
descriptive,undescriptive,वर्णनात्मक,अविभाज्य
descriptive linguistics,prescriptive linguistics,वर्णनात्मक भाषाविज्ञान,प्रिस्क्रिप्टिव भाषाविज्ञान
desecrate,bless,अपवित्रा,आशीर्वाद
desecrate,consecrate,अपवित्रा,ज्ञान देना
desecrate,hallow,अपवित्रा,पवित्र
desecrate,sanctify,अपवित्रा,पवित्र
desecrated,consecrate,अपवित्र,ज्ञान देना
desecrated,consecrated,अपवित्र,पवित्रा
desecrated,dedicated,अपवित्र,समर्पित
desegregate,segregate,अलग करना,अलग
desegregation,segregation,डिसेग्रेगेशन,पृथक्करण
desegregation,sequestration,डिसेग्रेगेशन,ज़ब्ती
desensitise,sensibilise,अपहरण करना,जागरूकता
desensitise,sensibilize,अपहरण करना,संवेदीकरण करना
desensitise,sensify,अपहरण करना,संवेदना करना
desensitise,sensitise,अपहरण करना,संवेदनशील बनाना
desensitise,sensitize,अपहरण करना,संवेदनशील बनाना
desensitising,sensitising,डिसेन्सिटिसिस,संवेदनशील
desensitising,sensitizing,डिसेन्सिटिसिस,संवेदनशील
desensitize,sensibilise,असंवेदनशील बनाना,जागरूकता
desensitize,sensibilize,असंवेदनशील बनाना,संवेदीकरण करना
desensitize,sensify,असंवेदनशील बनाना,संवेदना करना
desensitize,sensitise,असंवेदनशील बनाना,संवेदनशील बनाना
desensitize,sensitize,असंवेदनशील बनाना,संवेदनशील बनाना
desensitizing,sensitising,वंशावली,संवेदनशील
desensitizing,sensitizing,वंशावली,संवेदनशील
deserved,unmerited,उचित,नाहक
deservedly,undeservedly,यथायोग्य,अयोग्य ढंग से
desiccate,hydrate,सूखना,हाइड्रेट
designed,undesigned,डिजाइन,नाहक
designedly,accidentally,जान-बूझकर,अकस्मात
designedly,by chance,जान-बूझकर,संयोगवश
designedly,circumstantially,जान-बूझकर,ब्योरे से
designedly,unexpectedly,जान-बूझकर,अप्रत्याशित रूप से
designedly,unintentionally,जान-बूझकर,अनजाने
desirability,undesirability,इच्छा,अवांछनीयता
desirable,undesirable,वांछित,अवांछनीय
desirable,unwanted,वांछित,अवांछित
desirableness,undesirability,वांछनीयता,अवांछनीयता
desirous,undesiring,इच्छुक,अनिर्णीत
desirous,undesirous,इच्छुक,अवांछित
desist,consume,रोकना,उपभोग करना
desist,have,रोकना,पास होना
desist,ingest,रोकना,निगलना
desist,take,रोकना,लेना
desist,take in,रोकना,ले लेना
despair,hope,निराशा,आशा
dessert apple,cooking apple,मिठाई सेब,खाना पकाने से सेब
destabilisation,stabilisation,अस्थिरता,स्थिरीकरण
destabilisation,stabilization,अस्थिरता,स्थिरीकरण
destabilise,stabilise,de-स्थिर,स्थिर
destabilise,stabilize,de-स्थिर,स्थिर
destabilization,stabilisation,अस्थिरता,स्थिरीकरण
destabilization,stabilization,अस्थिरता,स्थिरीकरण
destabilize,stabilise,अस्थिर,स्थिर
destabilize,stabilize,अस्थिर,स्थिर
destalinise,stalinise,विच्छेद करना,मंचन
destalinise,stalinize,विच्छेद करना,मंचन करना
destalinize,stalinise,अपने भाग्य के लिए।,मंचन
destalinize,stalinize,अपने भाग्य के लिए।,मंचन करना
destroyed,preserved,नष्ट किया हुआ,संरक्षित
destructibility,indestructibility,विनाश्यता,अक्षयता
destructible,indestructible,destructible,अक्षय
destructive,constructive,विनाशकारी,रचनात्मक
destructive metabolism,anabolism,विनाशकारी चयापचय,उपसर्ग
destructive metabolism,constructive metabolism,विनाशकारी चयापचय,रचनात्मक चयापचय
destructiveness,constructiveness,घातकता,रचनाशीलता
desynchronisation,synchroneity,डिसिंक्रोनिज़ेशन,समकालिकता
desynchronisation,synchronicity,डिसिंक्रोनिज़ेशन,समक्रमिकता
desynchronisation,synchronisation,डिसिंक्रोनिज़ेशन,सिंक्रनाइज़ेशन
desynchronisation,synchronism,डिसिंक्रोनिज़ेशन,एक ही समय में अनेक घटनाओं का होना
desynchronisation,synchronization,डिसिंक्रोनिज़ेशन,सिंक्रनाइज़ेशन
desynchronisation,synchronizing,डिसिंक्रोनिज़ेशन,सिंक्रनाइज़ करना
desynchronisation,synchrony,डिसिंक्रोनिज़ेशन,synchrony
desynchronise,sync,विनाश करना,साथ-साथ करना
desynchronise,synchronise,विनाश करना,सिंक्रनाइज़
desynchronise,synchronize,विनाश करना,सिंक्रनाइज़
desynchronization,synchroneity,DESYNCHRONIZATION,समकालिकता
desynchronization,synchronicity,DESYNCHRONIZATION,समक्रमिकता
desynchronization,synchronisation,DESYNCHRONIZATION,सिंक्रनाइज़ेशन
desynchronization,synchronism,DESYNCHRONIZATION,एक ही समय में अनेक घटनाओं का होना
desynchronization,synchronization,DESYNCHRONIZATION,सिंक्रनाइज़ेशन
desynchronization,synchronizing,DESYNCHRONIZATION,सिंक्रनाइज़ करना
desynchronization,synchrony,DESYNCHRONIZATION,synchrony
desynchronize,sync,डिसिंक्रोनाइज़ करना,साथ-साथ करना
desynchronize,synchronise,डिसिंक्रोनाइज़ करना,सिंक्रनाइज़
desynchronize,synchronize,डिसिंक्रोनाइज़ करना,सिंक्रनाइज़
desynchronizing,synchroneity,डिसिंक्रोनाइज़िंग,समकालिकता
desynchronizing,synchronicity,डिसिंक्रोनाइज़िंग,समक्रमिकता
desynchronizing,synchronisation,डिसिंक्रोनाइज़िंग,सिंक्रनाइज़ेशन
desynchronizing,synchronism,डिसिंक्रोनाइज़िंग,एक ही समय में अनेक घटनाओं का होना
desynchronizing,synchronization,डिसिंक्रोनाइज़िंग,सिंक्रनाइज़ेशन
desynchronizing,synchronizing,डिसिंक्रोनाइज़िंग,सिंक्रनाइज़ करना
desynchronizing,synchrony,डिसिंक्रोनाइज़िंग,synchrony
detach,attach,विवरण,संलग्न करना
detachable,attachable,अलग करने योग्य,कुर्की
detached,attached,अलग,जुड़ा हुआ
detain,free,गिरफ्तारी,मुक्त
detain,hurry,गिरफ्तारी,जल्दी
detain,liberate,गिरफ्तारी,आजाद
detain,loose,गिरफ्तारी,ढीला
detain,release,गिरफ्तारी,मुक्त करना
detain,rush,गिरफ्तारी,जल्दबाज़ी करना
detain,unloose,गिरफ्तारी,अनहोनी करना
detain,unloosen,गिरफ्तारी,अनहोनी करना
detected,undetected,का पता चला,चल पाता
deter,persuade,रोकना,राज़ी करना
deteriorate,convalesce,बिगड़ना,अच्छा हो जाना
deteriorate,recover,बिगड़ना,वापस पाना
deteriorate,recuperate,बिगड़ना,स्वस्थ हो जाना
determinable,indeterminable,निर्धार्य,दुविधा में पड़ा हुआ
determinable,undeterminable,निर्धार्य,आकस्मिक
determinate,indeterminate,पक्का,दुविधा में पड़ा हुआ
determinate,undetermined,पक्का,अनपेक्षित
determined,undetermined,दृढ़ निश्चय वाला,अनपेक्षित
determinedly,unambitiously,कृतसंकल्प,असंबद्धता से
deterrence,incentive,डिटरेन्स,प्रोत्साहन
deterrence,inducement,डिटरेन्स,प्रलोभन
deterrence,motivator,डिटरेन्स,प्रेरक
detest,love,घृणा,प्यार
dethrone,enthrone,राज-गद्दी से उतारना,सिंहासनारूढ़ करना
dethrone,throne,राज-गद्दी से उतारना,सिंहासन
detransitivise,transitivise,अव्यवस्था,पारगमन
detransitivise,transitivize,अव्यवस्था,पारगमन करना
detransitivize,transitivise,अलग करना,पारगमन
detransitivize,transitivize,अलग करना,पारगमन करना
detribalisation,tribalisation,घनत्व,आदिवासीकरण
detribalisation,tribalization,घनत्व,आदिवासी
detribalization,tribalisation,घनत्व,आदिवासीकरण
detribalization,tribalization,घनत्व,आदिवासी
detrimentally,harmlessly,हानिकारकतापूर्वक,कोई हानि पहुंचाए बिना
devaluate,appreciate,अवमूल्यन करना,प्रशंसा करना
devaluate,apprise,अवमूल्यन करना,सूचना देना
devaluate,apprize,अवमूल्यन करना,बतलाना
devaluate,revalue,अवमूल्यन करना,पुनर्मूल्यांकन
devalue,appreciate,अवमूल्यन करना,प्रशंसा करना
devalue,apprise,अवमूल्यन करना,सूचना देना
devalue,apprize,अवमूल्यन करना,बतलाना
devalue,revalue,अवमूल्यन करना,पुनर्मूल्यांकन
developed,undeveloped,विकसित,अविकसित
development,degeneration,विकास,अध: पतन
development,devolution,विकास,हस्तांतरण
development,nondevelopment,विकास,अव्यवस्थित
deviate,conform,विचलित,अनुरूप होना
devitalise,vitalise,विचलित करना,ऊर्जावान करने
devitalise,vitalize,विचलित करना,जीवित
devitalize,vitalise,बेजान बनाना,ऊर्जावान करने
devitalize,vitalize,बेजान बनाना,जीवित
devoice,sound,डिस्चार्ज,आवाज़
devoice,vocalise,डिस्चार्ज,मुखर करना
devoice,vocalize,डिस्चार्ज,मुखर बनाना
devoice,voice,डिस्चार्ज,आवाज़
devolution,development,हस्तांतरण,विकास
devolution,evolution,हस्तांतरण,विकास
devolve,convalesce,उतरना,अच्छा हो जाना
devolve,recover,उतरना,वापस पाना
devolve,recuperate,उतरना,स्वस्थ हो जाना
dextral,sinistral,दक्षिणावर्त,सिनिस्ट्रल
dextrorotation,counterclockwise rotation,घनत्व,वामावर्त रोटेशन
dextrorotation,levorotation,घनत्व,लेवोरोटेशन
diabatic,adiabatic,मधुमेह का,स्थिरोष्म
diachronic,synchronic,मधुमक्खी का,समकाल का
diadromous,anadromous,डायरस,anadromous
diadromous,catadromous,डायरस,कैटड्रोमस
diamond,outfield,डायमंड,दूर का क्षेत्र
diapsid,anapsid,डापस,एक झपकी
diapsid,anapsid reptile,डापस,सरीसृप के लिए apaps
diapsid reptile,anapsid,सरीसृप के लिए डाइप्स,एक झपकी
diapsid reptile,anapsid reptile,सरीसृप के लिए डाइप्स,सरीसृप के लिए apaps
diatonic,chromatic,डायटोनिक,रंगीन
diclinous,monoclinous,डाइक्लिनस,मोनोक्लिनस
dicotyledonous,monocotyledonous,द्विबीजपत्री,मोनोकोटिडोनस
die,be born,मरना,पैदा हो
dielectric,conductor,ढांकता हुआ,कंडक्टर
differ,agree,अलग होना,सहमत
differ,be,अलग होना,होना
differ,concord,अलग होना,CONCORD
differ,concur,अलग होना,सहमत होना
differ,equal,अलग होना,बराबर
differ,hold,अलग होना,पकड़ना
difference,sameness,अंतर,समानता
different,like,अलग,पसंद
different,same,अलग,वही
different,similar,अलग,समान
differentiate,dedifferentiate,अंतर,डेडिफ़रेंटिएट
differentiate,integrate,अंतर,एकीकृत करना
differentiated,undifferentiated,विभेदित,अविभाज्य
differentiated,uniform,विभेदित,वर्दी
difficult,easy,कठिन,आसान
difficult,manageable,कठिन,प्रबंधनीय
difficultness,ease,कठिनाई,आसानी
difficultness,easiness,कठिनाई,सुगमता
difficultness,simpleness,कठिनाई,सादगी
difficultness,simplicity,कठिनाई,सादगी
difficulty,ease,कठिनाई,आसानी
difficulty,easiness,कठिनाई,सुगमता
difficulty,simpleness,कठिनाई,सादगी
difficulty,simplicity,कठिनाई,सादगी
diffidence,confidence,संशय,आत्मविश्वास
diffident,confident,संकोची,आत्मविश्वासी
diffuse,concentrated,बिखरा हुआ,केंद्रित
diffuse,hard,बिखरा हुआ,मुश्किल
diffused,concentrated,दूर तक फैला हुआ,केंद्रित
diffused,hard,दूर तक फैला हुआ,मुश्किल
digestibility,indigestibility,पाचन क्षमता,अपच
digestibility,indigestibleness,पाचन क्षमता,अपचनीयता
digestible,indigestible,सुपाच्य,अपचनीय
digestibleness,indigestibility,पाचनशीलता,अपच
digestibleness,indigestibleness,पाचनशीलता,अपचनीयता
digital,analog,डिजिटल,अनुरूप
digital,analogue,डिजिटल,अनुरूप
digital,linear,डिजिटल,रेखीय
digitigrade,plantigrade,पादाग्रचारी,पंजे के बल चलनेवाले प्राणी का
digitigrade,plantigrade mammal,पादाग्रचारी,एक प्रकार का
digitigrade mammal,plantigrade,डिजिटिग्रेड स्तनपायी,पंजे के बल चलनेवाले प्राणी का
digitigrade mammal,plantigrade mammal,डिजिटिग्रेड स्तनपायी,एक प्रकार का
dignified,undignified,अभिमानी,नालायक
dilate,abbreviate,चौड़ा करना,संक्षिप्त
dilate,abridge,चौड़ा करना,संक्षेप करना
dilate,contract,चौड़ा करना,अनुबंध
dilate,cut,चौड़ा करना,काटना
dilate,foreshorten,चौड़ा करना,पूर्वाभास
dilate,reduce,चौड़ा करना,कम करना
dilate,shorten,चौड़ा करना,इस प्रकार छोटा
diligent,negligent,परिश्रमी,लापरवाह
dilute,undiluted,पतला,अनिर्दिष्ट
diluted,undiluted,पतला,अनिर्दिष्ट
dilution,concentration,पतला करने की क्रिया,एकाग्रता
dim,bright,धुंधला,चमकदार
dim,focalise,धुंधला,केंद्र
dim,focalize,धुंधला,फोकल करना
dim,focus,धुंधला,केंद्र
dim,undimmed,धुंधला,अविभाजित
diminish,increase,घटाना,बढ़ोतरी
diminished,enlarged,कम,बढ़ा हुआ
diminished,hypertrophied,कम,अतिवृद्धि
diminution,augmentation,कमी,वृद्धि
diminution,increase,कमी,बढ़ोतरी
diminution,step-up,कमी,आगे आना
dimmed,bright,मंद हो,चमकदार
dimmed,undimmed,मंद हो,अविभाजित
dine in,dine out,में भोजन,बाहर खाएं
dine in,eat out,में भोजन,बाहर खा जाना
dine out,dine in,बाहर खाएं,में भोजन
dine out,eat in,बाहर खाएं,खा जाना
dioecian,monecious,डियोसियन,एक प्रकार का
dioecian,monoecious,डियोसियन,द्विलिंगी
dioecian,monoicous,डियोसियन,मोनोइजिक
dioecious,monecious,dioecious,एक प्रकार का
dioecious,monoecious,dioecious,द्विलिंगी
dioecious,monoicous,dioecious,मोनोइजिक
diploid,haploid,द्विगुणित,अगुणित
diploid,haploidic,द्विगुणित,हपचेरिक
diploid,monoploid,द्विगुणित,मोनोप्लॉइड
diploid,polyploid,द्विगुणित,बहुपक्षीय
diplomatic,undiplomatic,कूटनीतिक,अकूटनैतिक
diplomatical,undiplomatic,राजनयिक,अकूटनैतिक
diplomatically,undiplomatically,कूटनीतिक,अनिच्छुक रूप से
direct,alternating,प्रत्यक्ष,अदल-बदल कर
direct,collateral,प्रत्यक्ष,संपार्श्विक
direct,indirect,प्रत्यक्ष,अप्रत्यक्ष
direct,inverse,प्रत्यक्ष,श्लोक में
direct,retrograde,प्रत्यक्ष,पतित
direct current,AC,एकदिश धारा,एसी
direct current,alternating current,एकदिश धारा,प्रत्यावर्ती धारा
direct current,alternating electric current,एकदिश धारा,वैकल्पिक विद्युत प्रवाह
direct discourse,indirect discourse,प्रत्यक्ष प्रवचन,अप्रत्यक्ष प्रवचन
direct electric current,AC,प्रत्यक्ष विद्युत धारा,एसी
direct electric current,alternating current,प्रत्यक्ष विद्युत धारा,प्रत्यावर्ती धारा
direct electric current,alternating electric current,प्रत्यक्ष विद्युत धारा,वैकल्पिक विद्युत प्रवाह
direct evidence,circumstantial evidence,प्रत्यक्ष साक्ष्य,परिस्थितिजन्य साक्ष्य
direct evidence,indirect evidence,प्रत्यक्ष साक्ष्य,अप्रत्यक्ष साक्ष्य
direct quotation,indirect discourse,प्रत्यक्ष उद्धरण,अप्रत्यक्ष प्रवचन
directional,omnidirectional,निर्देशित,सर्वदिशात्मक
directly,indirectly,सीधे,परोक्ष रूप से
directness,indirectness,सादगी,परोक्षता
dirtiness,cleanness,कीचड़,पवित्रता
dirty,clean,गंदा,साफ
dirty,make clean,गंदा,साफ करना
dirty,uncontaminating,गंदा,अनियंत्रित करना
dirty,unobjectionable,गंदा,निर्विवाद
disable,enable,अक्षम करना,सक्षम
disabling,enabling,अक्षम करने,सक्रिय करने के
disaccord,agree,अयुक्त,सहमत
disaccord,check,अयुक्त,जाँच करना
disaccord,correspond,अयुक्त,अनुरूप
disaccord,fit,अयुक्त,उपयुक्त
disaccord,gibe,अयुक्त,आंदोलनों
disaccord,jibe,अयुक्त,हंसी
disaccord,match,अयुक्त,मिलान
disaccord,tally,अयुक्त,गणना
disadvantage,advantage,नुकसान,फ़ायदा
disadvantage,vantage,नुकसान,सहूलियत
disadvantageous,advantageous,हानिकर,लाभदायक
disadvantageously,advantageously,असुविधापूर्वक,फ़ायदेमंद
disadvantageously,well,असुविधापूर्वक,कुंआ
disagree,agree,असहमत,सहमत
disagree,check,असहमत,जाँच करना
disagree,concord,असहमत,CONCORD
disagree,concur,असहमत,सहमत होना
disagree,correspond,असहमत,अनुरूप
disagree,fit,असहमत,उपयुक्त
disagree,gibe,असहमत,आंदोलनों
disagree,hold,असहमत,पकड़ना
disagree,jibe,असहमत,हंसी
disagree,match,असहमत,मिलान
disagree,tally,असहमत,गणना
disagreeable,agreeable,अप्रिय,सहमत
disagreeableness,agreeability,असहमति,सहमति
disagreeableness,agreeableness,असहमति,सहमतता
disagreeableness,amenity,असहमति,सुख-सुविधा
disagreeably,agreeably,असहमति से,चाव से
disagreeably,enjoyably,असहमति से,आनंददायक
disagreeably,pleasantly,असहमति से,सुख से
disagreement,accord,बहस,एकॉर्ड
disagreement,agreement,बहस,समझौता
disallow,allow,अनुमति न दें,अनुमति दें
disallow,countenance,अनुमति न दें,मुखाकृति
disallow,let,अनुमति न दें,होने देना
disallow,permit,अनुमति न दें,आज्ञा देना
disappear,appear,गायब,के जैसा लगना
disappear,come along,गायब,साथ आओ
disappearance,appearance,लापता होने के,उपस्थिति
disappearing,appearance,गायब होना,उपस्थिति
disapprobation,approbation,नापसंदगी,प्रशंसा
disapproval,approval,अस्वीकृति,अनुमोदन
disapproval,approving,अस्वीकृति,का अनुमोदन
disapproval,blessing,अस्वीकृति,आशीर्वाद
disapproval,commendation,अस्वीकृति,प्रशस्ति
disapprove,O.K.,अस्वीकार कर देना,ठीक है।
disapprove,approve,अस्वीकार कर देना,मंज़ूरी देना
disapprove,okay,अस्वीकार कर देना,ठीक है
disapprove,sanction,अस्वीकार कर देना,प्रतिबंध
disapprovingly,approvingly,निंदासूचक रूप से,अनुमोदन से
disarm,arm,वश में कर लेना,हाथ
disarm,build up,वश में कर लेना,बनाया
disarm,fortify,वश में कर लेना,मज़बूत
disarm,gird,वश में कर लेना,बांधना
disarmament,armament,निरस्त्रीकरण,शरारत
disarmament,arming,निरस्त्रीकरण,असलह
disarmament,equipping,निरस्त्रीकरण,लैस
disarming,armament,निरस्त्रीकरण,शरारत
disarming,arming,निरस्त्रीकरण,असलह
disarming,equipping,निरस्त्रीकरण,लैस
disarrange,arrange,हंगामा करना,व्यवस्थित करना
disarrange,set up,हंगामा करना,स्थापित करना
disarranged,arranged,अव्यवस्थित,व्यवस्था की
disarranged,ordered,अव्यवस्थित,आदेश दिया
disarray,order,उधेड़-बुन,आदेश
disassemble,assemble,अलग करना,इकट्ठा
disassemble,piece,अलग करना,टुकड़ा
disassemble,put together,अलग करना,एक साथ रखा
disassemble,set up,अलग करना,स्थापित करना
disassemble,tack,अलग करना,कील
disassemble,tack together,अलग करना,एक साथ सौदा करना
disassembly,assemblage,disassembly,संयोजन
disassembly,assembly,disassembly,विधानसभा
disassembly,fabrication,disassembly,छलरचना
disassembly,gathering,disassembly,सभा
disassociation,association,भिन्नता,संगठन
disassortative mating,assortative mating,विच्छेदक संभोग,संभोग संभोग
disavow,avouch,अस्वीकृत करें,दृढ़तापूर्वक कहना
disavow,avow,अस्वीकृत करें,खुलकर कहना
disbelief,belief,नास्तिकता,आस्था
disbelieve,believe,नास्तिकता,विश्वास
disbelievingly,believingly,अविश्वास से,विश्वासपूर्वक
disbelievingly,credulously,अविश्वास से,विश्वसनीयता से
disburden,burden,हलका करना,बोझ
disburden,burthen,हलका करना,बर्थेन
disburden,weight,हलका करना,वज़न
disburden,weight down,हलका करना,वजन घटना
discalceate,calced,विघटित करना,बगुला
discalceate,shod,विघटित करना,धीमे दौड़ो
discalced,calced,डिस्पल किया हुआ,बगुला
discalced,shod,डिस्पल किया हुआ,धीमे दौड़ो
discase,apparel,निंदा करना,परिधान
discase,clothe,निंदा करना,उढ़ाना
discase,dress,निंदा करना,पोशाक
discase,enclothe,निंदा करना,घेरना
discase,fit out,निंदा करना,योजना करना
discase,garb,निंदा करना,परिधान
discase,garment,निंदा करना,गारमेंट
discase,get dressed,निंदा करना,कपड़े पहनो
discase,habilitate,निंदा करना,हबील
discase,raiment,निंदा करना,दुर्लभ
discase,tog,निंदा करना,लिया
discernable,indiscernible,विवेकाधीन,अप्रत्यक्ष
discernible,indiscernible,नमूदार,अप्रत्यक्ष
discerning,undiscerning,विवेकी,अविभाज्य
discharge,charge,स्राव होना,शुल्क
discharge,convict,स्राव होना,मिद्धदोष अपराधी
discharge,draft,स्राव होना,मसौदा
discharge,enlist,स्राव होना,प्राप्त करना
discharge,fill,स्राव होना,भरना
discharge,fill up,स्राव होना,भर ले
discharge,muster in,स्राव होना,जुटाना
discipline,indiscipline,अनुशासन,अनुशासनहीन
discipline,undiscipline,अनुशासन,अनुशासनहीन
disclaim,claim,छोड़ना,दावा
disclaim,take,छोड़ना,लेना
discolor,color,उतरना,रंग
discolor,color in,उतरना,रंग में रंगना
discolor,colorise,उतरना,रंगीन
discolor,colorize,उतरना,रंग दें
discolor,colour,उतरना,रंग
discolor,colour in,उतरना,रंगना
discolor,colourise,उतरना,रंगीन करना
discolor,colourize,उतरना,रंग बनाना
discomfort,comfort,असहजता,आराम
discomfort,comfortableness,असहजता,सुगमता
discomposed,composed,विस्थापित,शांत
discomposure,calm,उद्वेग,शांत
discomposure,calmness,उद्वेग,शांति
discomposure,composure,उद्वेग,मानसिक संतुलन
discomposure,equanimity,उद्वेग,समानता
disconfirming,confirming,विघटित करना,इस बात की पुष्टि
disconfirming,positive,विघटित करना,सकारात्मक
disconnect,connect,डिस्कनेक्ट,जोड़ना
disconnect,link,डिस्कनेक्ट,जोड़ना
disconnect,link up,डिस्कनेक्ट,लिंक करें
disconnect,plug in,डिस्कनेक्ट,लगाना
disconnect,plug into,डिस्कनेक्ट,में जोड़ो
disconnect,tie,डिस्कनेक्ट,बाँधना
disconnected,legato,डिस्कनेक्ट किया गया,लोगाटो
disconnected,smooth,डिस्कनेक्ट किया गया,चिकना
disconnectedness,connectedness,असंतुष्टता,संयुक्तता
disconnectedness,connection,असंतुष्टता,कनेक्शन
disconnectedness,link,असंतुष्टता,जोड़ना
disconnection,connectedness,वियोग,संयुक्तता
disconnection,connection,वियोग,कनेक्शन
disconnection,link,वियोग,जोड़ना
disconsolate,consolable,निराश,कंसोल करने योग्य
discontent,content,असंतोष,सामग्री
discontent,contented,असंतोष,संतुष्ट
discontent,contentment,असंतोष,संतोष
discontented,content,असंतुष्ट,सामग्री
discontented,contented,असंतुष्ट,संतुष्ट
discontentedness,contentment,असंतोष,संतोष
discontentment,contentment,असंतोष,संतोष
discontinuance,continuance,विरति,रहना
discontinuance,continuation,विरति,विस्तार
discontinuation,continuance,विरति,रहना
discontinuation,continuation,विरति,विस्तार
discontinue,bear on,बंद,स्म्भालो
discontinue,carry on,बंद,जारी रखो
discontinue,continue,बंद,जारी रखना
discontinue,go along,बंद,साथ जाना
discontinue,go on,बंद,जारी रखें
discontinue,keep,बंद,रखना
discontinue,preserve,बंद,संरक्षित करना
discontinue,proceed,बंद,आगे बढ़ना
discontinue,uphold,बंद,कायम रखना
discontinued,continued,बंद,जारी
discontinuity,continuity,अलगाव,निरंतरता
discontinuous,continuous,टूटनेवाला,निरंतर
discontinuous,uninterrupted,टूटनेवाला,निरंतर
discord,agree,कलह,सहमत
discord,check,कलह,जाँच करना
discord,correspond,कलह,अनुरूप
discord,fit,कलह,उपयुक्त
discord,gibe,कलह,आंदोलनों
discord,jibe,कलह,हंसी
discord,match,कलह,मिलान
discord,tally,कलह,गणना
discordant,accordant,बेताल,देने
discourage,encourage,हतोत्साहित करना,प्रोत्साहित करना
discouragement,encouragement,निराशा,प्रोत्साहन
discouraging,encouraging,हतोत्साहित,प्रोत्साहित करना
discouragingly,encouragingly,हतोत्साहित करते हुए,प्रोत्साहन
discourteous,courteous,अभद्र,विनम्र
discourteously,courteously,उसे असभ्यता,शिष्टता से
discourteously,politely,उसे असभ्यता,शिष्टतापूर्वक
discourtesy,courtesy,असभ्यता,शिष्टाचार
discourtesy,good manners,असभ्यता,शिष्टाचार
discredit,believe,बदनाम,विश्वास
discredit,reputation,बदनाम,प्रतिष्ठा
discredit,repute,बदनाम,ख्याति
discreet,indiscreet,विचार करना,असावधानीपूर्ण
discreetly,indiscreetly,सावधानी से,बेतहाशा
discriminate,indiscriminate,भेदभाव करना,अविवेकी
discriminating,indiscriminating,भेदभाव,अंधाधुंध
discriminating,undiscriminating,भेदभाव,अविभाज्य
discriminatory,impartial,भेदभावपूर्ण,निष्पक्ष
discriminatory,unprejudiced,भेदभावपूर्ण,पहले ही से नहीं मन में स्थिर कर लिया हुआ
disembark,embark,खिसकना,प्रारंभ
disembark,ship,खिसकना,जहाज
disembarkation,boarding,अव्यवस्था,बोर्डिंग
disembarkation,embarkation,अव्यवस्था,आरोहण
disembarkation,embarkment,अव्यवस्था,रगड़ना
disembarkment,boarding,फैलाया,बोर्डिंग
disembarkment,embarkation,फैलाया,आरोहण
disembarkment,embarkment,फैलाया,रगड़ना
disembarrassment,embarrassment,अव्यवस्था,शर्मिंदगी
disenable,enable,अक्षम बनाना,सक्षम
disenchant,delight,जादू टोने के प्रभाव से छुड़ाना,आनंद
disenchant,enchant,जादू टोने के प्रभाव से छुड़ाना,एंचेंट
disenchant,enrapture,जादू टोने के प्रभाव से छुड़ाना,उग आया
disenchant,enthral,जादू टोने के प्रभाव से छुड़ाना,ग़ुलाम बनाना
disenchant,enthrall,जादू टोने के प्रभाव से छुड़ाना,ग़ुलाम बनाना
disenchant,ravish,जादू टोने के प्रभाव से छुड़ाना,अति उत्साहित करना
disenchant,transport,जादू टोने के प्रभाव से छुड़ाना,परिवहन
disenchanted,enchanted,मोहभंग,जादू
disenfranchise,enfranchise,नागरिकता से वंचित करना,मताधिकार देना
disenfranchised,enfranchised,बेदखल,मताधिकार
disenfranchisement,certification,मताधिकार,प्रमाणीकरण
disenfranchisement,enfranchisement,मताधिकार,मुक्ति
disengage,block,छुड़ाना,अवरोध पैदा करना
disengage,close up,छुड़ाना,क्लोज़ अप
disengage,engage,छुड़ाना,काम पर लगाना
disengage,impede,छुड़ाना,बाधा
disengage,jam,छुड़ाना,जाम
disengage,lock,छुड़ाना,ताला
disengage,mesh,छुड़ाना,जाल
disengage,obstruct,छुड़ाना,बाधा डालती
disengage,obturate,छुड़ाना,डाटना
disengage,occlude,छुड़ाना,रोक देना
disengage,operate,छुड़ाना,प्रचालन
disentangle,entangle,सुलझाना,उलझाना
disentangle,mat,सुलझाना,चटाई
disentangle,snarl,सुलझाना,गिरह
disentangle,tangle,सुलझाना,उलझन
disequilibrium,equilibrium,असंतुलन,संतुलन
disesteem,esteem,औषधि,आदर
disesteem,prise,औषधि,पुरस्कार
disesteem,prize,औषधि,पुरस्कार
disesteem,regard,औषधि,संबद्ध
disesteem,respect,औषधि,आदर
disesteem,value,औषधि,कीमत
disfavor,advantage,विराग,फ़ायदा
disfavour,advantage,अनादर,फ़ायदा
disfluency,fluency,असंगति,प्रवाह
disfranchise,enfranchise,पोशाक,मताधिकार देना
disfranchised,enfranchised,भेस,मताधिकार
disgorge,keep down,उगलना,नीचे रखें
disgrace,honor,अपमान,सम्मान
disgrace,honour,अपमान,सम्मान
disgrace,reward,अपमान,इनाम
dishearten,cheer,उत्साह भंग करना,खुश करना
dishearten,embolden,उत्साह भंग करना,प्रोत्साहित करना
dishearten,hearten,उत्साह भंग करना,प्रशंसा करना
dishearten,recreate,उत्साह भंग करना,बहलाना
dishonest,honest,बेईमान,ईमानदार
dishonest,honorable,बेईमान,माननीय
dishonestly,aboveboard,बेईमानी से,उपरोक्त
dishonestly,honestly,बेईमानी से,ईमानदारी से
dishonesty,honestness,बेईमानी,ईमानदारी
dishonesty,honesty,बेईमानी,ईमानदारी
dishonor,honor,बेईमानी करना,सम्मान
dishonor,honour,बेईमानी करना,सम्मान
dishonor,laurels,बेईमानी करना,ख्याति
dishonor,reward,बेईमानी करना,इनाम
dishonorable,honest,नीच,ईमानदार
dishonorable,honorable,नीच,माननीय
dishonorable,honourable,नीच,माननीय
dishonorableness,honorableness,बेईमानी,मान्यता
dishonorableness,honourableness,बेईमानी,सुगंधितता
dishonorably,honorably,बेईमानी से,सम्मानपूर्वक
dishonorably,honourably,बेईमानी से,सम्मानपूर्वक
dishonorably,uprightly,बेईमानी से,सीधी चाल
dishonour,honor,बेईमानी करना,सम्मान
dishonour,honour,बेईमानी करना,सम्मान
dishonour,laurels,बेईमानी करना,ख्याति
dishonour,reward,बेईमानी करना,इनाम
dishonourable,honorable,असंतुष्ट माननीय,माननीय
dishonourable,honourable,असंतुष्ट माननीय,माननीय
dishonourableness,honorableness,बेईमानी,मान्यता
dishonourableness,honourableness,बेईमानी,सुगंधितता
disillusion,delight,मायूसी,आनंद
disillusion,enchant,मायूसी,एंचेंट
disillusion,enrapture,मायूसी,उग आया
disillusion,enthral,मायूसी,ग़ुलाम बनाना
disillusion,enthrall,मायूसी,ग़ुलाम बनाना
disillusion,ravish,मायूसी,अति उत्साहित करना
disillusion,transport,मायूसी,परिवहन
disincarnate,incarnate,विघटित करना,अवतार लेना
disincentive,incentive,निस्र्त्साहित,प्रोत्साहन
disincentive,inducement,निस्र्त्साहित,प्रलोभन
disincentive,motivator,निस्र्त्साहित,प्रेरक
disinclination,inclination,अनिच्छा,झुकाव
disincline,dispose,डिसिएंटिन,निपटान
disincline,incline,डिसिएंटिन,इच्छा
disinclined,inclined,विमुख,इच्छुक
disinfect,infect,कीटाणुरहित,संक्रमित
disinfect,taint,कीटाणुरहित,कलंक
disinflation,deflation,विस्फीति,अपस्फीति
disinflation,inflation,विस्फीति,मुद्रा स्फ़ीति
disinflation,rising prices,विस्फीति,बढ़ती कीमतें
disingenuous,artless,कपटी,अनाड़ी
disingenuous,ingenuous,कपटी,सदाबहार
disingenuousness,ingenuousness,असभ्यता,खरापन
disinherit,bequeath,disinherit,वसीयत
disinherit,leave,disinherit,छुट्टी
disinherit,will,disinherit,इच्छा
disintegrate,incorporate,टुकड़े टुकड़े करना,शामिल
disintegrate,integrate,टुकड़े टुकड़े करना,एकीकृत करना
disintegrative,integrative,विघटित,एकीकृत
disinvest,commit,विनिवेश,प्रतिबद्ध
disinvest,enthrone,विनिवेश,सिंहासनारूढ़ करना
disinvest,invest,विनिवेश,निवेश करना
disinvest,place,विनिवेश,जगह
disinvest,put,विनिवेश,रखना
disinvest,vest,विनिवेश,बनियान
disjoin,bring together,जुदा करना,मिलाना
disjoin,conjoin,जुदा करना,एकत्रित होना
disjoin,join,जुदा करना,जोड़ना
disjoint,bring together,विभिन्न करना,मिलाना
disjoint,conjoin,विभिन्न करना,एकत्रित होना
disjoint,join,विभिन्न करना,जोड़ना
disjunct,conjunct,असंबद्ध,इकट्ठा
disjunction,connectedness,अलगाव,संयुक्तता
disjunction,connection,अलगाव,कनेक्शन
disjunction,link,अलगाव,जोड़ना
disjunctive,conjunctive,संधि तोड़नेवाला,मेल करनेवाला
disjuncture,connectedness,अव्यवस्था,संयुक्तता
disjuncture,connection,अव्यवस्था,कनेक्शन
disjuncture,link,अव्यवस्था,जोड़ना
dislike,like,नापसंद करना,पसंद
dislike,liking,नापसंद करना,पसंद
disliked,liked,नापसंद,पसंद किया
dislodge,deposit,जगह देना,जमा
dislodge,lodge,जगह देना,लोड करना
dislodge,stick,जगह देना,चिपकना
dislodge,wedge,जगह देना,कील
disloyal,loyal,बेवफ़ा,वफादार
disloyal,patriotic,बेवफ़ा,देशभक्ति
disloyally,loyally,बेवफाई,वफादारी
disloyalty,loyalty,द्रोह,निष्ठा
disloyalty,trueness,द्रोह,सच्चाई
dismantle,assemble,नष्ट,इकट्ठा
dismantle,erect,नष्ट,खड़ा करना
dismantle,piece,नष्ट,टुकड़ा
dismantle,put together,नष्ट,एक साथ रखा
dismantle,put up,नष्ट,उम्मीदवार होना
dismantle,raise,नष्ट,उठाना
dismantle,rear,नष्ट,पिछला
dismantle,set up,नष्ट,स्थापित करना
dismantle,tack,नष्ट,कील
dismantle,tack together,नष्ट,एक साथ सौदा करना
dismantlement,assemblage,गिराना,संयोजन
dismantlement,assembly,गिराना,विधानसभा
dismantlement,fabrication,गिराना,छलरचना
dismantlement,gathering,गिराना,सभा
dismantling,assemblage,ध्वस्त,संयोजन
dismantling,assembly,ध्वस्त,विधानसभा
dismantling,fabrication,ध्वस्त,छलरचना
dismantling,gathering,ध्वस्त,सभा
dismay,elate,बेचैनी,आप रहते हैं
dismay,intoxicate,बेचैनी,नशा
dismay,lift up,बेचैनी,उठाना
dismay,pick up,बेचैनी,उठाना
dismay,uplift,बेचैनी,उत्थान
dismiss,employ,नकार देना,काम
dismiss,engage,नकार देना,काम पर लगाना
dismiss,hire,नकार देना,किराये पर लेना
disobedience,abidance,आज्ञा का उल्लंघन,पालन
disobedience,compliance,आज्ञा का उल्लंघन,अनुपालन
disobedience,conformation,आज्ञा का उल्लंघन,रचना
disobedience,conformity,आज्ञा का उल्लंघन,अनु
disobedience,obedience,आज्ञा का उल्लंघन,आज्ञाकारिता
disobedience,obeisance,आज्ञा का उल्लंघन,श्रद्धा
disobedient,obedient,हठी,आज्ञाकारी
disobediently,obediently,अवज्ञा से,आज्ञाकारी
disobediently,yieldingly,अवज्ञा से,उपज से
disobey,obey,अवज्ञा,आज्ञा का पालन करना
disoblige,accommodate,अक्षम,समायोजित करना
disoblige,oblige,अक्षम,उपकृत
disorder,order,विकार,आदेश
disorder,orderliness,विकार,सुव्यवस्था
disordered,ordered,बेक़ायदा,आदेश दिया
disorderliness,order,अव्यवस्था,आदेश
disorderliness,orderliness,अव्यवस्था,सुव्यवस्था
disorderly,orderly,उल्टा पुल्टा,व्यवस्थित
disorganise,organise,अव्यवस्था करना,आयोजन
disorganise,organize,अव्यवस्था करना,आयोजन
disorganised,organized,बेतरतीब,संगठित
disorganize,organise,हंगामा करना,आयोजन
disorganize,organize,हंगामा करना,आयोजन
disorganized,organized,बेतरतीब,संगठित
disorient,orient,गुमराह करना,ओरिएंट
disorient,orientate,गुमराह करना,ओर मालूम करना
disorientate,orient,गुमराह करना,ओरिएंट
disorientate,orientate,गुमराह करना,ओर मालूम करना
disorienting,orientating,बहकानेवाला,अभिविन्यास करना
disorienting,orienting,बहकानेवाला,उन्मुखीकरण
disown,bequeath,अस्वीकार,वसीयत
disown,leave,अस्वीकार,छुट्टी
disown,will,अस्वीकार,इच्छा
disparage,blandish,उपेक्षा करना,नरम करना
disparage,flatter,उपेक्षा करना,चापलूसी
dispensability,indispensability,प्रचंडता,एक भड़काया द्वारा इंगित किया गया
dispensability,indispensableness,प्रचंडता,अपरिहार्यता
dispensability,vitalness,प्रचंडता,महत्वपूर्णता
dispensable,indispensable,नगण्य,अपरिहार्य
dispensableness,indispensability,विघटन,एक भड़काया द्वारा इंगित किया गया
dispensableness,indispensableness,विघटन,अपरिहार्यता
dispensableness,vitalness,विघटन,महत्वपूर्णता
dispersion,compactness,फैलाव,सघनता
dispersion,concentration,फैलाव,एकाग्रता
dispersion,denseness,फैलाव,घनत्व
dispersion,density,फैलाव,घनत्व
dispersion,tightness,फैलाव,तंगी
dispirit,elate,दिल तोड़ना,आप रहते हैं
dispirit,intoxicate,दिल तोड़ना,नशा
dispirit,lift up,दिल तोड़ना,उठाना
dispirit,pick up,दिल तोड़ना,उठाना
dispirit,uplift,दिल तोड़ना,उत्थान
displace,employ,विस्थापित,काम
displace,engage,विस्थापित,काम पर लगाना
displace,hire,विस्थापित,किराये पर लेना
displaying incompetence,ably,अक्षमता प्रदर्शित करना,प्रवीणता से
displaying incompetence,aptly,अक्षमता प्रदर्शित करना,जिसे उपयुक्त
displaying incompetence,capably,अक्षमता प्रदर्शित करना,कुशलता के साथ
displaying incompetence,competently,अक्षमता प्रदर्शित करना,सुयोग्य
displease,delight,नाराज़ करना,आनंद
displease,please,नाराज़ करना,कृपया
displeased,pleased,अप्रसन्न,प्रसन्न
displeasing,pleasing,अप्रिय,मनभावन
disposable,nondisposable,डिस्पोजेबल,बिना
dispose,disincline,निपटान,डिसिएंटिन
dispose,disqualify,निपटान,अयोग्य ठहराना
dispose,indispose,निपटान,अस्वस्थता
dispose,unfit,निपटान,अयोग्य
disproportion,proportion,विषमता,अनुपात
disproportion,symmetry,विषमता,समरूपता
disproportional,proportionate,असंबद्ध,सदृश
disproportionate,proportionate,असंगत,सदृश
disproportionately,proportionally,अनुपातहीन,आनुपातिक
disproportionately,proportionately,अनुपातहीन,अनुपात में
disprove,demonstrate,असत्य सिद्ध करना,दिखाना
disprove,establish,असत्य सिद्ध करना,स्थापित करना
disprove,prove,असत्य सिद्ध करना,सिद्ध करना
disprove,shew,असत्य सिद्ध करना,तड़क-भड़क
disprove,show,असत्य सिद्ध करना,दिखाओ
disqualify,dispose,अयोग्य ठहराना,निपटान
disqualify,qualify,अयोग्य ठहराना,अर्हता
disqualifying,enabling,अयोग्य,सक्रिय करने के
disreputability,reputability,अयोग्यता,प्रतिष्ठा
disreputability,respectability,अयोग्यता,सम्मान -योग्यता
disreputable,reputable,जर्जर,सम्मानित
disreputableness,reputability,असमानता,प्रतिष्ठा
disreputableness,respectability,असमानता,सम्मान -योग्यता
disreputably,reputably,जर्जर,प्रतिष्ठित रूप से
disrepute,reputation,बदनामी,प्रतिष्ठा
disrepute,repute,बदनामी,ख्याति
disrespect,abide by,अपमानित करना,के द्वारा पालन
disrespect,esteem,अपमानित करना,आदर
disrespect,honor,अपमानित करना,सम्मान
disrespect,honour,अपमानित करना,सम्मान
disrespect,observe,अपमानित करना,निरीक्षण
disrespect,prise,अपमानित करना,पुरस्कार
disrespect,prize,अपमानित करना,पुरस्कार
disrespect,regard,अपमानित करना,संबद्ध
disrespect,respect,अपमानित करना,आदर
disrespect,value,अपमानित करना,कीमत
disrespectful,respectful,अनुचित,सम्मानित
disrespectfully,respectfully,अभद्रतापूर्वक,सम्मान से
disrobe,apparel,नंगा करना,परिधान
disrobe,clothe,नंगा करना,उढ़ाना
disrobe,dress,नंगा करना,पोशाक
disrobe,enclothe,नंगा करना,घेरना
disrobe,fit out,नंगा करना,योजना करना
disrobe,garb,नंगा करना,परिधान
disrobe,garment,नंगा करना,गारमेंट
disrobe,get dressed,नंगा करना,कपड़े पहनो
disrobe,habilitate,नंगा करना,हबील
disrobe,raiment,नंगा करना,दुर्लभ
disrobe,tog,नंगा करना,लिया
dissatisfaction,satisfaction,असंतोष,संतुष्टि
dissatisfy,gratify,नाराज़ करना,घूस देना
dissatisfy,satisfy,नाराज़ करना,संतुष्ट
dissect,synthesise,काटना,संश्लेषण
dissect,synthesize,काटना,synthesize
dissension,accord,कलह,एकॉर्ड
dissension,agreement,कलह,समझौता
dissent,accede,मतभेद,मान लेना
dissent,acquiesce,मतभेद,संतुष्ट होना
dissent,agree,मतभेद,सहमत
dissent,assent,मतभेद,अनुमति
dissent,concord,मतभेद,CONCORD
dissent,concur,मतभेद,सहमत होना
dissent,hold,मतभेद,पकड़ना
disservice,service,अपकार,सेवा
dissever,unify,विभाजित कर देना,एकता कायम करना
dissever,unite,विभाजित कर देना,एकजुट हो जाओ
dissimilar,alike,भिन्न,समान रूप से
dissimilar,like,भिन्न,पसंद
dissimilar,similar,भिन्न,समान
dissimilarity,similarity,विषमता,समानता
dissimilate,assimilate,विघटित करना,आत्मसात करना
dissimilation,anabolism,भेद,उपसर्ग
dissimilation,constructive metabolism,भेद,रचनात्मक चयापचय
dissimilitude,alikeness,विभिन्नता,घातकता
dissimilitude,likeness,विभिन्नता,समानता
dissimilitude,similitude,विभिन्नता,समानता
dissociate,associate,अलग कर देना,संबंद्ध करना
dissociate,colligate,अलग कर देना,खींचो
dissociate,connect,अलग कर देना,जोड़ना
dissociate,link,अलग कर देना,जोड़ना
dissociate,link up,अलग कर देना,लिंक करें
dissociate,relate,अलग कर देना,संबंधित
dissociate,tie in,अलग कर देना,में बाँधो
dissonance,accord,मतभेद,एकॉर्ड
dissonance,agreement,मतभेद,समझौता
dissonance,harmony,मतभेद,सद्भाव
dissuade,persuade,विरत करना,राज़ी करना
dissuasion,persuasion,डिटरेन्स,अनुनय
dissuasion,suasion,डिटरेन्स,उत्तेजना
dissuasive,persuasive,विरत करनेवाला,प्रेरक
dissymmetry,balance,अप्रतिसाभ्यता,संतुलन
dissymmetry,correspondence,अप्रतिसाभ्यता,पत्र-व्यवहार
dissymmetry,symmetricalness,अप्रतिसाभ्यता,सममितता
dissymmetry,symmetry,अप्रतिसाभ्यता,समरूपता
distal,mesial,बाहर का,बीच का
distal,proximal,बाहर का,समीपस्थ
distant,close,दूरस्थ,बंद करना
distemper,amiability,एक प्रकार का रंग,सुशीलता
distemper,good humor,एक प्रकार का रंग,अच्छी मनोवृत्ति
distemper,good humour,एक प्रकार का रंग,अच्छा हास्य
distemper,good temper,एक प्रकार का रंग,अच्छा गुस्सा
distinct,indistinct,विशिष्ट,अस्पष्ट
distinctness,blurriness,स्पष्टता,धुंधलेपन
distinctness,fogginess,स्पष्टता,कुहरापन
distinctness,fuzziness,स्पष्टता,फिजूलपन
distinctness,indistinctness,स्पष्टता,अस्पष्टता
distinctness,softness,स्पष्टता,मृदुता
distinguishable,indistinguishable,साफ़,अविवेच्य
distinguishable,undistinguishable,साफ़,समाधान के अयोग्य
distort,untwist,बिगाड़ना,सुलझाना
distressed,euphoric,व्यथित,जश्न
distributary,affluent,शाखा,धनी
distributary,confluent,शाखा,मिला हुआ
distributary,feeder,शाखा,फीडर
distributary,tributary,शाखा,सहायक नदी
distribute,collect,वितरित करना,इकट्ठा करना
distribute,garner,वितरित करना,संचित करना
distribute,gather,वितरित करना,इकट्ठा करना
distribute,pull together,वितरित करना,साथ मिलकर काम करना
distributed,concentrated,वितरित,केंद्रित
distribution,compactness,वितरण,सघनता
distribution,concentration,वितरण,एकाग्रता
distribution,denseness,वितरण,घनत्व
distribution,density,वितरण,घनत्व
distribution,tightness,वितरण,तंगी
distributive,collective,विभाजित करनेवाला,सामूहिक
distrust,bank,शक,किनारा
distrust,rely,शक,भरोसा करना
distrust,swear,शक,कसम खाना
distrust,trust,शक,विश्वास
distrust,trustfulness,शक,विश्वसनीयता
distrust,trustingness,शक,विश्वसनीयता
distrustful,trustful,संदिग्धचित्त,श्रद्धालु
distrustful,trusting,संदिग्धचित्त,पर भरोसा
distrustfully,confidingly,बेईमानी से,विश्वासपूर्वक
distrustfully,trustfully,बेईमानी से,भरोसे से
distrustfully,trustingly,बेईमानी से,भोला
distrustfulness,trust,अविश्वास,विश्वास
distrustfulness,trustfulness,अविश्वास,विश्वसनीयता
distrustfulness,trustingness,अविश्वास,विश्वसनीयता
disunify,merge,अस्वीकार करना,मर्ज
disunify,unify,अस्वीकार करना,एकता कायम करना
disunify,unite,अस्वीकार करना,एकजुट हो जाओ
disunion,conjugation,एकता का अभाव,विकार
disunion,jointure,एकता का अभाव,संयुक्त
disunion,unification,एकता का अभाव,एकीकरण
disunion,union,एकता का अभाव,मिलन
disunion,uniting,एकता का अभाव,एकजुट
diurnal,nocturnal,प्रतिदिन,रात का
diverge,conform,हट जाना,अनुरूप होना
diverge,converge,हट जाना,एकाग्र
diverge,meet,हट जाना,मिलो
divergence,convergence,विचलन,अभिसरण
divergence,convergency,विचलन,अभिसरण
divergency,convergence,झुकना,अभिसरण
divergency,convergency,झुकना,अभिसरण
divergent,convergent,विभिन्न,संमिलित
divergent thinking,convergent thinking,विचलन सोच,अभिसारी सोच
diverging,convergent,अपसारी,संमिलित
diversified,undiversified,विविध,अविभाजित
diversify,narrow,विविधता,सँकरा
diversify,narrow down,विविधता,सीमित कर लेना
diversify,specialise,विविधता,विशेषज्ञ
diversify,specialize,विविधता,विशेषज्ञ
divest,commit,ले लेना,प्रतिबद्ध
divest,enthrone,ले लेना,सिंहासनारूढ़ करना
divest,invest,ले लेना,निवेश करना
divest,place,ले लेना,जगह
divest,put,ले लेना,रखना
divest,vest,ले लेना,बनियान
divide,multiply,विभाजित करना,गुणा
divide,unify,विभाजित करना,एकता कायम करना
divide,unite,विभाजित करना,एकजुट हो जाओ
divided,united,विभाजित,यूनाइटेड
divider,lumper,डिवाइडर,पिंड
diving duck,dabbler,डाइविंग डक,शौक़ीन
diving duck,dabbling duck,डाइविंग डक,डबिंग डक
divisible,indivisible,भाज्य,अभाज्य
do,undo,करना,पूर्ववत
do,unmake,करना,टुकड़े टुकड़े करना
docile,obstinate,विनम्र,जिद्दी
docile,stubborn,विनम्र,जिद्दी
docile,unregenerate,विनम्र,अपंजीकृत करना
dock,undock,गोदी,अनडॉक
doctor,break,चिकित्सक,तोड़ना
doctor,bust,चिकित्सक,छाती
doctrine of analogy,apophatism,सादृश्यता का सिद्धांत,चंचलता
doctrine of analogy,cataphatism,सादृश्यता का सिद्धांत,कैटफैटिज़्म
documented,undocumented,दस्तावेज,गैर-दस्तावेजी
dolichocephalic,brachycephalic,दीर्घशिरस्क,लघुशिरस्क
dolichocephalic,brachycranial,दीर्घशिरस्क,ब्रैकीक्रानियल
dolichocephalic,brachycranic,दीर्घशिरस्क,ब्रैकीक्रानिक
dolichocranial,brachycephalic,डोलिचक्रान -संबंधी,लघुशिरस्क
dolichocranial,brachycranial,डोलिचक्रान -संबंधी,ब्रैकीक्रानियल
dolichocranial,brachycranic,डोलिचक्रान -संबंधी,ब्रैकीक्रानिक
dolichocranic,brachycephalic,डोलिचोक्रेनिक,लघुशिरस्क
dolichocranic,brachycranial,डोलिचोक्रेनिक,ब्रैकीक्रानियल
dolichocranic,brachycranic,डोलिचोक्रेनिक,ब्रैकीक्रानिक
domestic,foreign,घरेलू,विदेश
domestic,undomestic,घरेलू,अविभाज्य
domestic flight,international flight,देशीय उड़ान,अंतरराष्ट्रीय उड़ान
domestication,wildness,पातलू बनाने का कार्य,जंगलीपन
dominant,low-level,प्रमुख,कम स्तर
dominant,recessive,प्रमुख,पीछे हटने का
dominant,subordinate,प्रमुख,अधीनस्थ
domineering,submissive,घमंडी,विनम्र
dope off,arouse,डोप करना,उकसाना
dope off,awake,डोप करना,जागना
dope off,awaken,डोप करना,अवेकन
dope off,come alive,डोप करना,जीवित आओ
dope off,wake,डोप करना,जागो
dope off,wake up,डोप करना,जागो
dope off,waken,डोप करना,जागना
dormant,active,प्रसुप्त,सक्रिय
dorsal,adaxial,पृष्ठीय,अखिल
dorsal,ventral,पृष्ठीय,उदर
double,multivalent,दोहरा,बहुस्तरीय
double,single,दोहरा,अकेला
double,univalent,दोहरा,एकतरफा
double-barreled,single-barreled,दोनली,एकल बैरल
double-barreled,single-barrelled,दोनली,सिंगल-बैरेल
double-barrelled,single-barreled,दोनली,एकल बैरल
double-barrelled,single-barrelled,दोनली,सिंगल-बैरेल
double-breasted,single-breasted,डब्ल-ब्रेस्टिड,छाती पर एकहरे बदन का
doubt,certainty,संदेह,निश्चितता
doubtfulness,certainty,संदिग्धता,निश्चितता
dove,hawk,कबूतर,बाज़
dove,war hawk,कबूतर,युद्ध हॉक
dovishness,hawkishness,मताधर्म,झगड़ाहट
down,up,नीचे,ऊपर
down,upward,नीचे,ऊपर की ओर
down,upwardly,नीचे,ऊपर की ओर
down,upwards,नीचे,ऊपर की ओर
down the stairs,on a higher floor,सीढ़ियों से नीचे,एक ऊंची मंजिल पर
down the stairs,up the stairs,सीढ़ियों से नीचे,सीढ़ियों से
down the stairs,upstairs,सीढ़ियों से नीचे,ऊपर
downfall,rise,पतन,उठना
downgrade,upgrade,ढाल,उन्नत करना
download,upload,डाउनलोड करना,अपलोड करना
downmarket,upmarket,डाउटमार्केट,अत्याधुनिक
downplay,amplify,नीचे गिरना,बढ़ाना
downplay,exaggerate,नीचे गिरना,अतिरंजना करना
downplay,foreground,नीचे गिरना,अग्रभाग
downplay,highlight,नीचे गिरना,प्रमुखता से दिखाना
downplay,hyperbolise,नीचे गिरना,हाइपरबोलिस
downplay,hyperbolize,नीचे गिरना,हाइपरबोलिंग करना
downplay,magnify,नीचे गिरना,आवर्धक
downplay,overdraw,नीचे गिरना,ओवरड्रॉ
downplay,overstate,नीचे गिरना,परहेज करना
downplay,play up,नीचे गिरना,ऊपर खेलना
downplay,spotlight,नीचे गिरना,सुर्खियों
downriver,upriver,कमज़ोर,उग्रता
downriver,upstream,कमज़ोर,नदी के ऊपर
downslope,acclivity,डाउडलोप,चढ़ाना
downslope,ascent,डाउडलोप,आरोहण
downslope,climb,डाउडलोप,चढ़ना
downslope,raise,डाउडलोप,उठाना
downslope,rise,डाउडलोप,उठना
downslope,upgrade,डाउडलोप,उन्नत करना
downstage,upstage,दोस्ताना,चुनौती
downstair,upstair,नीचे,ऊपर को
downstair,upstairs,नीचे,ऊपर
downstairs,on a higher floor,सीढ़ी के नीचे,एक ऊंची मंजिल पर
downstairs,up the stairs,सीढ़ी के नीचे,सीढ़ियों से
downstairs,upstair,सीढ़ी के नीचे,ऊपर को
downstairs,upstairs,सीढ़ी के नीचे,ऊपर
downstream,upriver,डाउनस्ट्रीम,उग्रता
downstream,upstream,डाउनस्ट्रीम,नदी के ऊपर
downtick,uptick,नीचे,इजाफा
downtime,uptime,बंद रहने के समय,अपटाइम
downtown,uptown,शहर,अपटाउन
downward,up,नीचे,ऊपर
downward,upward,नीचे,ऊपर की ओर
downward,upwardly,नीचे,ऊपर की ओर
downward,upwards,नीचे,ऊपर की ओर
downwardly,up,नीचे की ओर,ऊपर
downwardly,upward,नीचे की ओर,ऊपर की ओर
downwardly,upwardly,नीचे की ओर,ऊपर की ओर
downwardly,upwards,नीचे की ओर,ऊपर की ओर
downwards,up,नीचे की ओर,ऊपर
downwards,upward,नीचे की ओर,ऊपर की ओर
downwards,upwardly,नीचे की ओर,ऊपर की ओर
downwards,upwards,नीचे की ओर,ऊपर की ओर
downwind,against the wind,हवा के साथ,हवा के खिलाफ
downwind,into the wind,हवा के साथ,हवा में
downwind,leeward,हवा के साथ,हवा का
downwind,upwind,हवा के साथ,हवा आने की दिशा
doze off,arouse,बारह,उकसाना
doze off,awake,बारह,जागना
doze off,awaken,बारह,अवेकन
doze off,come alive,बारह,जीवित आओ
doze off,wake,बारह,जागो
doze off,wake up,बारह,जागो
doze off,waken,बारह,जागना
draft,discharge,मसौदा,स्राव होना
draft,muster out,मसौदा,जासूसी करना
draftee,military volunteer,ड्राफ्ट,सैनिक स्वयंसेवक
draftee,voluntary,ड्राफ्ट,स्वैच्छिक
draftee,volunteer,ड्राफ्ट,स्वयंसेवक
drained,undrained,सूखा हुआ,अविभाजित
dramatic,lyric,नाटकीय,गेय
dramatic,undramatic,नाटकीय,अविभाज्य
dramatically,undramatically,नाटकीय रूप से,अविभाजित रूप से
draw,bank,खींचना,किनारा
draw,beat back,खींचना,फिर से धड़कन
draw,deposit,खींचना,जमा
draw,drive,खींचना,गाड़ी चलाना
draw,force,खींचना,बल
draw,force back,खींचना,बल वापस लाना
draw,push,खींचना,धकेलना
draw,push back,खींचना,वापस धक्का देना
draw,repel,खींचना,पीछे हटाना
draw,repulse,खींचना,खदेड़ना
draw a blank,call back,रिक्त स्थान,वापस बुलाओ
draw a blank,call up,रिक्त स्थान,कॉल करें
draw a blank,recall,रिक्त स्थान,याद करना
draw a blank,recollect,रिक्त स्थान,स्मरण करना
draw a blank,remember,रिक्त स्थान,याद करना
draw a blank,retrieve,रिक्त स्थान,पुनः प्राप्त करना
draw a blank,think,रिक्त स्थान,सोचना
draw back,advance,वापस आ जाना,अग्रिम
draw back,go on,वापस आ जाना,जारी रखें
draw back,march on,वापस आ जाना,कूच करना
draw back,move on,वापस आ जाना,आगे बढ़ो
draw back,pass on,वापस आ जाना,आगे बढ़ना
draw back,progress,वापस आ जाना,प्रगति
draw in,beat back,खिंचा गया,फिर से धड़कन
draw in,drive,खिंचा गया,गाड़ी चलाना
draw in,force back,खिंचा गया,बल वापस लाना
draw in,get out,खिंचा गया,चले जाओ
draw in,pull out,खिंचा गया,बाहर खींचें
draw in,push back,खिंचा गया,वापस धक्का देना
draw in,repel,खिंचा गया,पीछे हटाना
draw in,repulse,खिंचा गया,खदेड़ना
draw off,bank,अलग खींचना,किनारा
draw off,deposit,अलग खींचना,जमा
dress,discase,पोशाक,निंदा करना
dress,disrobe,पोशाक,नंगा करना
dress,peel,पोशाक,छीलना
dress,strip,पोशाक,पट्टी
dress,strip down,पोशाक,छीन लेना
dress,uncase,पोशाक,खोल देना
dress,unclothe,पोशाक,पोशाक उतार लेना
dress,undress,पोशाक,घर का कपड़ा
dress down,attire,अनौपचारिक कपड़े पहनना,पोशाक
dress down,deck out,अनौपचारिक कपड़े पहनना,बाहर निकलना
dress down,deck up,अनौपचारिक कपड़े पहनना,डेक अप करना
dress down,dress up,अनौपचारिक कपड़े पहनना,अच्छा कपड़ा पहनना
dress down,fancy up,अनौपचारिक कपड़े पहनना,फैंस अप
dress down,fig out,अनौपचारिक कपड़े पहनना,अंजीर
dress down,fig up,अनौपचारिक कपड़े पहनना,अंजीर
dress down,get up,अनौपचारिक कपड़े पहनना,उठना
dress down,gussy up,अनौपचारिक कपड़े पहनना,गपशप करना
dress down,overdress,अनौपचारिक कपड़े पहनना,बेहद सजाना
dress down,prink,अनौपचारिक कपड़े पहनना,सँवारना
dress down,rig out,अनौपचारिक कपड़े पहनना,सुसज्जित करना
dress down,tog out,अनौपचारिक कपड़े पहनना,टॉग आउट करना
dress down,tog up,अनौपचारिक कपड़े पहनना,बनाया
dress down,trick out,अनौपचारिक कपड़े पहनना,चकमा देना
dress down,trick up,अनौपचारिक कपड़े पहनना,चकमा देना
dress up,dress down,अच्छा कपड़ा पहनना,अनौपचारिक कपड़े पहनना
dress up,underdress,अच्छा कपड़ा पहनना,कमज़ोर करना
drift off,arouse,सोना,उकसाना
drift off,awake,सोना,जागना
drift off,awaken,सोना,अवेकन
drift off,come alive,सोना,जीवित आओ
drift off,wake,सोना,जागो
drift off,wake up,सोना,जागो
drift off,waken,सोना,जागना
drinkable,undrinkable,पीने का,आश्चर्य
drinker,abstainer,वाली,परहेजगार
drinker,abstinent,वाली,संयमी
drinker,nondrinker,वाली,नोड्रिंकर
drive,attract,गाड़ी चलाना,आकर्षित करना
drive,draw,गाड़ी चलाना,खींचना
drive,draw in,गाड़ी चलाना,खिंचा गया
drive,pull,गाड़ी चलाना,खींचो
drive,pull in,गाड़ी चलाना,समीप करना
driver,nondriver,चालक,नॉनड्राइवर
drop,attend to,बूँद,में भाग लेने के
drop,convalesce,बूँद,अच्छा हो जाना
drop,recover,बूँद,वापस पाना
drop,recuperate,बूँद,स्वस्थ हो जाना
drop,sharpen,बूँद,पैना
drop,take to heart,बूँद,दिल से ले लो
drop by the wayside,enter,रास्ते से ड्रॉप,प्रवेश करना
drop by the wayside,participate,रास्ते से ड्रॉप,हिस्सा लेना
drop dead,be born,बंद करा दो,पैदा हो
drop off,advance,बाहर निकलना,अग्रिम
drop off,arouse,बाहर निकलना,उकसाना
drop off,awake,बाहर निकलना,जागना
drop off,awaken,बाहर निकलना,अवेकन
drop off,come alive,बाहर निकलना,जीवित आओ
drop off,gain,बाहर निकलना,पाना
drop off,gain ground,बाहर निकलना,जमीन
drop off,get ahead,बाहर निकलना,आगे बढ़ना
drop off,make headway,बाहर निकलना,हेडवे बनाना
drop off,pull ahead,बाहर निकलना,आगे बढ़ना
drop off,wake,बाहर निकलना,जागो
drop off,wake up,बाहर निकलना,जागो
drop off,waken,बाहर निकलना,जागना
drop off,win,बाहर निकलना,जीतना
drop out,enter,ड्रॉप आउट,प्रवेश करना
drop out,participate,ड्रॉप आउट,हिस्सा लेना
drop-off,increase,बाहर निकलना,बढ़ोतरी
drowse off,arouse,बंद करना,उकसाना
drowse off,awake,बंद करना,जागना
drowse off,awaken,बंद करना,अवेकन
drowse off,come alive,बंद करना,जीवित आओ
drowse off,wake,बंद करना,जागो
drowse off,wake up,बंद करना,जागो
drowse off,waken,बंद करना,जागना
drowsiness,sleeplessness,तंद्रा,उन्निद्रता
drowsiness,wakefulness,तंद्रा,जागृत होना
drumbeater,nonpartisan,टपकने वाला,निष्पक्षीय
drumbeater,nonpartizan,टपकने वाला,नॉनपार्टिज़न
drunk,sober,पिया हुआ,गंभीर
drunkenness,soberness,नशे में,स्फटिकता
drunkenness,sobriety,नशे में,संयम
dry,lactating,सूखा,स्तनपान कराने वाली
dry,phlegmy,सूखा,कफ
dry,sweet,सूखा,मिठाई
dry,wet,सूखा,गीला
dry fly,wet fly,सूखी मक्खी,गीली मक्खी
dry out,wet,सूखाना,गीला
dry season,rainy season,शुष्क मौसम,बरसात का मौसम
dry up,hydrate,सूखा,हाइड्रेट
dry-bulb thermometer,wet-bulb thermometer,सूखी-बल्ब थर्मामीटर,गीला-बल्ब थर्मामीटर
dry-eyed,tearful,सूखा,शोकाकुल
dryness,wetness,शुष्कता,नमी
dubiety,certainty,संदेह की भावना,निश्चितता
dubiousness,certainty,निष्ठावानता,निश्चितता
due,undue,देय,अनुचित
dulcify,acetify,मधुर करना,पीड़ा देना
dulcify,acidify,मधुर करना,अम्ल करना
dulcify,acidulate,मधुर करना,फजीदार
dulcify,sour,मधुर करना,खट्टा
dulcorate,acetify,मधुरता से,पीड़ा देना
dulcorate,acidify,मधुरता से,अम्ल करना
dulcorate,acidulate,मधुरता से,फजीदार
dulcorate,sour,मधुरता से,खट्टा
dull,bright,उदासीन,चमकदार
dull,lively,उदासीन,जीवंत
dull,sharp,उदासीन,तीखा
dull,sharpen,उदासीन,पैना
dullness,asperity,मंदता,तीक्ष्णता
dullness,brightness,मंदता,चमक
dullness,keenness,मंदता,इच्छा
dullness,sharpness,मंदता,कुशाग्रता
dumb bomb,smart bomb,गूंगा बम,स्मार्ट बम
dummy up,open up,डमी अप,खुलना
dying,birth,मरना,जन्म
dying,nascent,मरना,कुश्ती
dynamic,adynamic,गतिशील,वंश -संबंधी
dynamic,stative,गतिशील,सख्त
dynamic,undynamic,गतिशील,अविभाज्य
dynamical,adynamic,गतिरोध संबंधी,वंश -संबंधी
dynamical,undynamic,गतिरोध संबंधी,अविभाज्य
dysgenic,eugenic,पढ़ाया,युजनिक
dysgenics,eugenics,पढ़ाया,युजनिक्स
dysphemism,euphemism,शिथिलता,व्यंजना
dysphemistic,euphemistic,शिथिलतावादी,व्यंजनावादी
dysphemistic,inoffensive,शिथिलतावादी,निरापद
dysphoria,euphoria,dysphoria,उत्साह
dysphoria,euphory,dysphoria,शिथिलता
dysphoric,euphoric,डिस्फोरिक,जश्न
dyspneal,breathing,डिस्पनील,साँस लेने
dyspneal,eupneic,डिस्पनील,यूफनीज
dyspneal,eupnoeic,डिस्पनील,यूपनोइक
dyspneic,breathing,डिस्पनीजिक,साँस लेने
dyspneic,eupneic,डिस्पनीजिक,यूफनीज
dyspneic,eupnoeic,डिस्पनीजिक,यूपनोइक
dyspnoeal,breathing,डिस्पनोइल,साँस लेने
dyspnoeal,eupneic,डिस्पनोइल,यूफनीज
dyspnoeal,eupnoeic,डिस्पनोइल,यूपनोइक
dyspnoeic,breathing,डिस्प्नोइक,साँस लेने
dyspnoeic,eupneic,डिस्प्नोइक,यूफनीज
dyspnoeic,eupnoeic,डिस्प्नोइक,यूपनोइक
dystopia,utopia,तबाह देश,आदर्शलोक
dystopian,utopian,मनहूस,काल्पनिक
e'er,ne'er,कभी,कदापि नहीं
e'er,never,कभी,कभी नहीं
e-mail,snail mail,ई-मेल,धीमी डाक
eager,uneager,आतुर,एक प्रकार का
eared,earless,कान,बूचा
earless,eared,बूचा,कान
earliness,lateness,अर्लता,विलंब
early,belatedly,जल्दी,देर से ही सही
early,late,जल्दी,देर
early,later,जल्दी,बाद में
early,middle,जल्दी,मध्य
early,tardily,जल्दी,यिलंबपूर्वक
earned,unearned,अर्जित,काम न करनेवाला
earned run,unearned run,अर्जित रन,अनर्जित रन
earnestness,frivolity,ईमानदारी,निरर्थक व्यापार
earnestness,frivolousness,ईमानदारी,तुच्छता
earthly,heavenly,सांसारिक,स्वर्गीय
ease,difficultness,आसानी,कठिनाई
ease,difficulty,आसानी,कठिनाई
easiness,difficultness,सुगमता,कठिनाई
easiness,difficulty,सुगमता,कठिनाई
east,west,पूर्व,पश्चिमी
easterly,westerly,पूर्व की ओर,पच्छमी
eastern,western,पूर्वी,वेस्टर्न
easy,apace,आसान,झटपट
easy,chop-chop,आसान,चॉप-डॉग
easy,difficult,आसान,कठिन
easy,hard,आसान,मुश्किल
easy,quickly,आसान,जल्दी से
easy,rapidly,आसान,तेज़ी से
easy,speedily,आसान,जल्दी से
easy,uneasy,आसान,असहज
easy money,tight money,आसानी से कमाया जाने वाला धन,तंग धन
eat in,dine out,खा जाना,बाहर खाएं
eat in,eat out,खा जाना,बाहर खा जाना
eat out,dine in,बाहर खा जाना,में भोजन
eat out,eat in,बाहर खा जाना,खा जाना
eatable,inedible,खाने योग्य,अखाद्य
eatable,uneatable,खाने योग्य,एक
eating apple,cooking apple,खाने सेब,खाना पकाने से सेब
ebb,surge,अवनति,आवेश
ebb,tide,अवनति,ज्वार-भाटा
ebb away,surge,दूर करना,आवेश
ebb away,tide,दूर करना,ज्वार-भाटा
ebb down,surge,नीचे गिराना,आवेश
ebb down,tide,नीचे गिराना,ज्वार-भाटा
ebb off,surge,बंद करना,आवेश
ebb off,tide,बंद करना,ज्वार-भाटा
ebb out,surge,बाहर निकलना,आवेश
ebb out,tide,बाहर निकलना,ज्वार-भाटा
ebbtide,flood,ईबीबीटीआईडी,बाढ़
ebbtide,flood tide,ईबीबीटीआईडी,बाढ़ का ज्वार
ebbtide,rising tide,ईबीबीटीआईडी,उफान
ebracteate,bracteate,गला घोंटना,गला घोंटना
ebracteate,bracted,गला घोंटना,कड़ा हुआ
eccentric,concentric,विलक्षण व्यक्ति,गाढ़ा
eccentric,concentrical,विलक्षण व्यक्ति,सांद्रता का
eccentric,homocentric,विलक्षण व्यक्ति,एककेंद्रीय
eccentricity,concentricity,सनक,एकत्रीकरण
eccrine,apocrine,एक प्रकार का,शिखरस्रावी
ecdemic,endemic,एक प्रकार का,स्थानिक
ecdemic,endemical,एक प्रकार का,उपदेशात्मक
ecdemic,epidemic,एक प्रकार का,महामारी
echoic,nonechoic,प्रतिध्वनित,अखंड
echt,counterfeit,असली,नकली
echt,imitative,असली,कृत्रिम
economise,blow,अर्थशास्त्र,फूँक मारना
economise,squander,अर्थशास्त्र,गंवाना
economise,waste,अर्थशास्त्र,बरबाद करना
economize,blow,बचत,फूँक मारना
economize,squander,बचत,गंवाना
economize,waste,बचत,बरबाद करना
ectomorphic,endomorphic,एक्टोमोर्फिक,एंडोमोर्फिक
ectomorphic,mesomorphic,एक्टोमोर्फिक,मेसोमोर्फिक
ectomorphic,muscular,एक्टोमोर्फिक,मांसल
ectomorphic,pyknic,एक्टोमोर्फिक,पाइनीक
edible,inedible,खाद्य,अखाद्य
edible,uneatable,खाद्य,एक
edifying,unedifying,संपादित करना,अस्वीकार
edifying,unenlightening,संपादित करना,अनियंत्रित
educated,uneducated,शिक्षित,अशिक्षित
edulcorate,acetify,गला घोंटना,पीड़ा देना
edulcorate,acidify,गला घोंटना,अम्ल करना
edulcorate,acidulate,गला घोंटना,फजीदार
edulcorate,sour,गला घोंटना,खट्टा
effective,ineffective,असरदार,अप्रभावी
effective,ineffectual,असरदार,अप्रभावी
effective,uneffective,असरदार,असभ्य
effectively,ineffectively,प्रभावी रूप से,अप्रभावी
effectively,inefficaciously,प्रभावी रूप से,अखंडता से
effectiveness,ineffectiveness,प्रभावशीलता,बेअसर
effectiveness,ineffectuality,प्रभावशीलता,अप्रभावीता
effectiveness,ineffectualness,प्रभावशीलता,अप्रभावीता
effectivity,ineffectiveness,effectivity,बेअसर
effectivity,ineffectuality,effectivity,अप्रभावीता
effectivity,ineffectualness,effectivity,अप्रभावीता
effector,receptor,प्रेरक,रिसेप्टर
effector,sense organ,प्रेरक,सेंस ऑर्गन
effector,sensory receptor,प्रेरक,संवेदी रिसेप्टर
effectual,ineffective,क्रियाशील,अप्रभावी
effectual,ineffectual,क्रियाशील,अप्रभावी
effectual,uneffective,क्रियाशील,असभ्य
effectuality,ineffectiveness,प्रभावशालीता,बेअसर
effectuality,ineffectuality,प्रभावशालीता,अप्रभावीता
effectuality,ineffectualness,प्रभावशालीता,अप्रभावीता
effectually,ineffectually,असर में,अप्रभावी रूप से
effectualness,ineffectiveness,प्रभाव,बेअसर
effectualness,ineffectuality,प्रभाव,अप्रभावीता
effectualness,ineffectualness,प्रभाव,अप्रभावीता
efferent,afferent,केंद्रत्यागी,केंद्र पर पहुंचानेवाला
effervescent,noneffervescent,चमकता हुआ,कोई नहीं
effervescent,still,चमकता हुआ,फिर भी
efficacious,ineffective,प्रभावोत्पादक,अप्रभावी
efficacious,ineffectual,प्रभावोत्पादक,अप्रभावी
efficacious,inefficacious,प्रभावोत्पादक,बेअसर
efficacious,uneffective,प्रभावोत्पादक,असभ्य
efficaciously,ineffectively,प्रभाव के साथ,अप्रभावी
efficaciously,inefficaciously,प्रभाव के साथ,अखंडता से
efficaciousness,inefficaciousness,प्रभावहीनता,अयोग्यता
efficaciousness,inefficacy,प्रभावहीनता,प्रभावहीनता
efficacy,inefficaciousness,प्रभावकारिता,अयोग्यता
efficacy,inefficacy,प्रभावकारिता,प्रभावहीनता
efficiency,inefficiency,क्षमता,अक्षमता
efficient,inefficient,कुशल,अप्रभावी
efficiently,inefficiently,कुशलता,अखंडता से
effluence,inflow,बहना,शाखा
effluence,influx,बहना,तांता
efflux,inflow,तपका,शाखा
efflux,influx,तपका,तांता
effortful,effortless,सख्त,सरल
effortfulness,effortlessness,प्रयास,सहजता
effortless,effortful,सरल,सख्त
effortlessness,effortfulness,सहजता,प्रयास
egalitarian,elitist,समानाधिकारवादी,संभ्रांतवादी
egocentric,altruistic,अहंकारपूर्ण,परोपकारी
egocentric,selfless,अहंकारपूर्ण,स्वार्थरहित
egocentrism,altruism,अहंकारवाद,दूसरों का उपकार करने का सिद्धान्त
egocentrism,selflessness,अहंकारवाद,निस्सवार्थता
egoism,altruism,अहंभाव,दूसरों का उपकार करने का सिद्धान्त
egoism,selflessness,अहंभाव,निस्सवार्थता
egoistic,altruistic,अहंमानी,परोपकारी
egoistic,selfless,अहंमानी,स्वार्थरहित
egoistical,altruistic,अहंकारी,परोपकारी
egoistical,selfless,अहंकारी,स्वार्थरहित
egotistically,unselfishly,अहंकारी रूप से,बिना किसी स्वार्थ के
egress,immersion,निकास,विसर्जन
egress,ingress,निकास,प्रवेश
elaborate,abbreviate,विस्तार में बताना,संक्षिप्त
elaborate,abridge,विस्तार में बताना,संक्षेप करना
elaborate,contract,विस्तार में बताना,अनुबंध
elaborate,cut,विस्तार में बताना,काटना
elaborate,foreshorten,विस्तार में बताना,पूर्वाभास
elaborate,reduce,विस्तार में बताना,कम करना
elaborate,shorten,विस्तार में बताना,इस प्रकार छोटा
elastic,inelastic,लोचदार,अलचकदार
elasticity,inelasticity,लोच,अतन्यकता
elate,cast down,आप रहते हैं,गिराना
elate,deject,आप रहते हैं,दिल तोड़ना
elate,demoralise,आप रहते हैं,नैतिक करना
elate,demoralize,आप रहते हैं,नैतिक करना
elate,depress,आप रहते हैं,दबाना
elate,dismay,आप रहते हैं,बेचैनी
elate,dispirit,आप रहते हैं,दिल तोड़ना
elate,get down,आप रहते हैं,नीचे उतरो
elated,dejected,उत्तेजित,उदास
elation,depression,उत्साह,अवसाद
elderly,young,बुज़ुर्ग,युवा
elderly,youth,बुज़ुर्ग,युवा
elected,appointed,चुने हुए,नियुक्त
elected,appointive,चुने हुए,नियत
elective,appointed,निर्वाचित,नियुक्त
elective,appointive,निर्वाचित,नियत
electrolytic cell,galvanic cell,इलेक्ट्रोलाइटिक कोशिका,बिजली उत्पन्न करनेवाली सेल
electrolytic cell,primary cell,इलेक्ट्रोलाइटिक कोशिका,प्राथमिक कोशिका
electrolytic cell,voltaic cell,इलेक्ट्रोलाइटिक कोशिका,वोल्टिक सेल
electronic mail,snail mail,इलेक्ट्रॉनिक मेल,धीमी डाक
elegance,inelegance,लालित्य,असजीलाता
elegant,inelegant,सुरुचिपूर्ण,असजीला
elegantly,inelegantly,सुंदर ढंग से,अयोग्य रूप से
elevate,break,ऊपर उठाना,तोड़ना
elevate,bring down,ऊपर उठाना,उतार देना
elevate,bump,ऊपर उठाना,उभार
elevate,demote,ऊपर उठाना,अवनत
elevate,get down,ऊपर उठाना,नीचे उतरो
elevate,kick downstairs,ऊपर उठाना,नीचे किक करना
elevate,let down,ऊपर उठाना,निराशा
elevate,lower,ऊपर उठाना,निचला
elevate,relegate,ऊपर उठाना,बाहर निकाल देना
elevate,take down,ऊपर उठाना,नीचे करें
elevation,depression,ऊंचाई,अवसाद
elevation,natural depression,ऊंचाई,प्राकृतिक अवसाद
eligibility,ineligibility,पात्रता,अयोग्यता
eligible,ineligible,योग्य,अनुचित
eliminate,ask,हटाना,पूछना
eliminate,call for,हटाना,के लिए कॉल
eliminate,demand,हटाना,माँग
eliminate,involve,हटाना,शामिल होना
eliminate,necessitate,हटाना,जरूरत
eliminate,need,हटाना,ज़रूरत
eliminate,postulate,हटाना,मांगना
eliminate,require,हटाना,ज़रूरत होना
eliminate,take,हटाना,लेना
elitist,egalitarian,संभ्रांतवादी,समानाधिकारवादी
elitist,equalitarian,संभ्रांतवादी,समानतावादी
eloquently,inarticulately,अर्थपूर्ण,मूक रूप से
eloquently,ineloquently,अर्थपूर्ण,असंबद्ध रूप से
elucidate,obfuscate,स्पष्ट करना,अंधेरा करना
email,snail mail,ईमेल,धीमी डाक
embark,debark,प्रारंभ,असमतल
embark,disembark,प्रारंभ,खिसकना
embark,set down,प्रारंभ,निर्धारित करना
embarkation,debarkation,आरोहण,नाव पर से उतर
embarkation,disembarkation,आरोहण,अव्यवस्था
embarkation,disembarkment,आरोहण,फैलाया
embarkment,debarkation,रगड़ना,नाव पर से उतर
embarkment,disembarkation,रगड़ना,अव्यवस्था
embarkment,disembarkment,रगड़ना,फैलाया
embarrassment,disembarrassment,शर्मिंदगी,अव्यवस्था
embellish,uglify,संवारना,कुरूप कर देना
embolden,dishearten,प्रोत्साहित करना,उत्साह भंग करना
embolden,put off,प्रोत्साहित करना,बंद करो
emersion,immersion,प्रकट होना,विसर्जन
emersion,ingress,प्रकट होना,प्रवेश
emigrate,immigrate,बसने,परदेश में बसना
emit,absorb,फेंकना,अवशोषित करना
emit,take in,फेंकना,ले लेना
emmetropic,ametropic,एक प्रकार का,अमेटिक
emotional,cerebral,भावनात्मक,सेरिब्रल
emotional,intellectual,भावनात्मक,बौद्धिक
emotional,unemotional,भावनात्मक,असंबद्ध
emotional person,stoic,भावनात्मक व्यक्ति,उदासीन
emotional person,unemotional person,भावनात्मक व्यक्ति,अयोग्य व्यक्ति
emotionalism,emotionlessness,भावनाओं,शुष्कता
emotionalism,unemotionality,भावनाओं,अचूकता
emotionality,emotionlessness,भावावेश,शुष्कता
emotionality,unemotionality,भावावेश,अचूकता
emotionally,unemotionally,भावनात्मक रूप से,असंबद्धता से
emotionlessness,emotionalism,शुष्कता,भावनाओं
emotionlessness,emotionality,शुष्कता,भावावेश
empathetically,unsympathetically,सशक्तता से,असंगत रूप से
empiric,theoretic,अनुभवसिद्ध,सैद्धांतिक
empiric,theoretical,अनुभवसिद्ध,सैद्धांतिक
empirical,theoretic,प्रयोगसिद्ध,सैद्धांतिक
empirical,theoretical,प्रयोगसिद्ध,सैद्धांतिक
empirically,theoretically,अनुभव,सैद्धांतिक रूप से
employ,can,काम,कर सकना
employ,dismiss,काम,नकार देना
employ,displace,काम,विस्थापित
employ,fire,काम,आग
employ,force out,काम,बलपूर्वक बाहर निकालो
employ,give notice,काम,नोटिस देना
employ,give the axe,काम,कुल्हाड़ी देना
employ,give the sack,काम,छुट्टी करदो
employ,sack,काम,थैला
employ,send away,काम,दूर भेजें
employ,terminate,काम,बर्खास्त
employ,unemployment,काम,बेरोजगारी
employable,unemployable,सेवा योग्य,बेकार
employed,unemployed,नियोजित,बेरोजगार
employee,employer,कर्मचारी,नियोक्ता
employer,employee,नियोक्ता,कर्मचारी
employment,unemployment,रोज़गार,बेरोजगारी
emptiness,fullness,शून्यता,पूर्णता
empty,fill,खाली,भरना
empty,fill up,खाली,भर ले
empty,full,खाली,भरा हुआ
empty,make full,खाली,पूरा करना
emulsify,demulsify,रासायनिक पायसी करना,डिमोल्ड करना
enable,disable,सक्षम,अक्षम करना
enable,disenable,सक्षम,अक्षम बनाना
enable,incapacitate,सक्षम,अशक्त करना
enabling,disabling,सक्रिय करने के,अक्षम करने
enabling,disqualifying,सक्रिय करने के,अयोग्य
enchant,disenchant,एंचेंट,जादू टोने के प्रभाव से छुड़ाना
enchant,disillusion,एंचेंट,मायूसी
enchanted,disenchanted,जादू,मोहभंग
enclosed,unenclosed,संलग्न करना,अनियंत्रित
enclothe,discase,घेरना,निंदा करना
enclothe,disrobe,घेरना,नंगा करना
enclothe,peel,घेरना,छीलना
enclothe,strip,घेरना,पट्टी
enclothe,strip down,घेरना,छीन लेना
enclothe,uncase,घेरना,खोल देना
enclothe,unclothe,घेरना,पोशाक उतार लेना
enclothe,undress,घेरना,घर का कपड़ा
encode,decipher,एन्कोड,पढ़ना
encode,decode,एन्कोड,गूढ़वाचन करना
encode,decrypt,एन्कोड,डिक्रिप्ट
encourage,discourage,प्रोत्साहित करना,हतोत्साहित करना
encouragement,discouragement,प्रोत्साहन,निराशा
encouraging,discouraging,प्रोत्साहित करना,हतोत्साहित
encouragingly,discouragingly,प्रोत्साहन,हतोत्साहित करते हुए
encumbered,unencumbered,भारग्रस्त,अभारग्रस्त
end,begin,अंत,शुरू
end,beginning,अंत,शुरुआत
end,commence,अंत,आरंभ
end,commencement,अंत,प्रारंभ
end,first,अंत,पहला
end,get,अंत,पाना
end,get down,अंत,नीचे उतरो
end,get-go,अंत,शुरुआत से
end,kickoff,अंत,शुरू करना
end,lead off,अंत,लाना
end,middle,अंत,मध्य
end,offset,अंत,ओफ़्सेट
end,outset,अंत,शुरू
end,set about,अंत,चल पड़ना
end,set out,अंत,प्रस्थान करना
end,showtime,अंत,शो टाइम
end,start,अंत,शुरू
end,start out,अंत,शुरु होना
end,starting time,अंत,शुरुआती समय
end-stopped,run-on,अंत-रोक,चलते रहना
endemic,cosmopolitan,स्थानिक,विश्वव्यापी
endemic,ecdemic,स्थानिक,एक प्रकार का
endemic,epidemic,स्थानिक,महामारी
endemic,widely distributed,स्थानिक,व्यापक रूप से वितरित
endemical,ecdemic,उपदेशात्मक,एक प्रकार का
endemical,epidemic,उपदेशात्मक,महामारी
endergonic,exergonic,अंत्येष्टि संबंधी,उछलना
ending,beginning,समाप्ति,शुरुआत
ending,commencement,समाप्ति,प्रारंभ
ending,first,समाप्ति,पहला
ending,get-go,समाप्ति,शुरुआत से
ending,kickoff,समाप्ति,शुरू करना
ending,middle,समाप्ति,मध्य
ending,offset,समाप्ति,ओफ़्सेट
ending,outset,समाप्ति,शुरू
ending,showtime,समाप्ति,शो टाइम
ending,start,समाप्ति,शुरू
ending,starting time,समाप्ति,शुरुआती समय
endlessly,finitely,अंतहीन,परिमित
endocentric,exocentric,एंडोकेन्ट्रिक,भयावह
endocrinal,exocrine,अंतःस्रावी,बहि
endocrine,exocrine,अंत: स्रावी,बहि
endoergic,energy-releasing,एंडोर्जिक,ऊर्जा रिहा
endoergic,exoergic,एंडोर्जिक,एक प्रकार का
endogamic,autogamic,अंतःशिरा,स्वैच्छिक
endogamic,autogamous,अंतःशिरा,स्वैच्छिक
endogamic,exogamic,अंतःशिरा,भूतल
endogamic,exogamous,अंतःशिरा,विजातीय विवाह करनेवाला
endogamous,autogamic,अंतर्विवाही,स्वैच्छिक
endogamous,autogamous,अंतर्विवाही,स्वैच्छिक
endogamous,exogamic,अंतर्विवाही,भूतल
endogamous,exogamous,अंतर्विवाही,विजातीय विवाह करनेवाला
endogamy,exogamy,सगोत्र विवाह,उकसाने वाला
endogamy,intermarriage,सगोत्र विवाह,अंतर्विरोध
endogenic,exogenic,अंतःस्रावी,बहिष्कारिक
endogenic,exogenous,अंतःस्रावी,एक्जोजिनियस
endogenous,exogenic,अंतर्जात,बहिष्कारिक
endogenous,exogenous,अंतर्जात,एक्जोजिनियस
endomorphic,ectomorphic,एंडोमोर्फिक,एक्टोमोर्फिक
endomorphic,mesomorphic,एंडोमोर्फिक,मेसोमोर्फिक
endomorphic,muscular,एंडोमोर्फिक,मांसल
endothermal,exothermal,एंडोथर्मल,एक्ज़ोथिर्मिक
endothermal,exothermic,एंडोथर्मल,एक्ज़ोथिर्मिक
endothermal,heat-releasing,एंडोथर्मल,गर्मी जारी
endothermic,exothermal,एन्दोठेर्मिक,एक्ज़ोथिर्मिक
endothermic,exothermic,एन्दोठेर्मिक,एक्ज़ोथिर्मिक
endothermic,heat-releasing,एन्दोठेर्मिक,गर्मी जारी
endotoxin,exotoxin,अन्तर्जीवविष,एक्सोटॉक्सिन
endowed,unendowed,संपन्न,अचूक
endozoic,epizoic,एंडोज़ोयिक,उपकला संबंधी
endure,enjoy,सहन करना,आनंद लेना
enemy,ally,दुश्मन,मित्र
enemy,friend,दुश्मन,दोस्त
energetic,lethargic,शक्तिशाली,सुस्त
energetic,unenrgetic,शक्तिशाली,अनभिज्ञ
energise,calm,Energize,शांत
energise,de-energise,Energize,डी-एनर्जी
energise,de-energize,Energize,de-Energize
energise,sedate,Energize,गंभीर
energise,tranquilize,Energize,शांत होना
energise,tranquillise,Energize,शांत करना
energise,tranquillize,Energize,तसल्ली देना
energize,calm,Energize,शांत
energize,de-energise,Energize,डी-एनर्जी
energize,de-energize,Energize,de-Energize
energize,sedate,Energize,गंभीर
energize,tranquilize,Energize,शांत होना
energize,tranquillise,Energize,शांत करना
energize,tranquillize,Energize,तसल्ली देना
energy-absorbing,energy-releasing,ऊर्जा अवशोषित,ऊर्जा रिहा
energy-absorbing,exoergic,ऊर्जा अवशोषित,एक प्रकार का
energy-releasing,endoergic,ऊर्जा रिहा,एंडोर्जिक
energy-releasing,energy-absorbing,ऊर्जा रिहा,ऊर्जा अवशोषित
enforce,exempt,लागू,मुक्त करें
enforce,free,लागू,मुक्त
enforce,relieve,लागू,राहत देना
enforceable,unenforceable,अप्रवर्तीय,अप्रवर्तनीय
enforced,unenforced,से लागू,अनियंत्रित
enfranchise,disenfranchise,मताधिकार देना,नागरिकता से वंचित करना
enfranchise,disfranchise,मताधिकार देना,पोशाक
enfranchised,disenfranchised,मताधिकार,बेदखल
enfranchised,disfranchised,मताधिकार,भेस
enfranchised,voiceless,मताधिकार,मौन
enfranchised,voteless,मताधिकार,वोटलेस
enfranchisement,disenfranchisement,मुक्ति,मताधिकार
engage,can,काम पर लगाना,कर सकना
engage,disengage,काम पर लगाना,छुड़ाना
engage,dismiss,काम पर लगाना,नकार देना
engage,displace,काम पर लगाना,विस्थापित
engage,fire,काम पर लगाना,आग
engage,force out,काम पर लगाना,बलपूर्वक बाहर निकालो
engage,give notice,काम पर लगाना,नोटिस देना
engage,give the axe,काम पर लगाना,कुल्हाड़ी देना
engage,give the sack,काम पर लगाना,छुट्टी करदो
engage,sack,काम पर लगाना,थैला
engage,send away,काम पर लगाना,दूर भेजें
engage,terminate,काम पर लगाना,बर्खास्त
engage,withdraw,काम पर लगाना,निकालना
engagement,non-engagement,सगाई,गैर-उपासना
engagement,non-involvement,सगाई,गैर भागीदारी
engagement,nonparticipation,सगाई,अस्तित्वहीनता
enjoy,endure,आनंद लेना,सहन करना
enjoy,suffer,आनंद लेना,पीड़ित
enjoyably,disagreeably,आनंददायक,असहमति से
enjoyably,unpleasantly,आनंददायक,नाखुशगवार
enlace,untwine,जोड़ना,खोल देना
enlarge,abbreviate,बड़े आकार में,संक्षिप्त
enlarge,abridge,बड़े आकार में,संक्षेप करना
enlarge,contract,बड़े आकार में,अनुबंध
enlarge,cut,बड़े आकार में,काटना
enlarge,foreshorten,बड़े आकार में,पूर्वाभास
enlarge,reduce,बड़े आकार में,कम करना
enlarge,scale down,बड़े आकार में,कम करना
enlarge,shorten,बड़े आकार में,इस प्रकार छोटा
enlarged,atrophied,बढ़ा हुआ,कमज़ोर हो गया
enlarged,diminished,बढ़ा हुआ,कम
enlarged,wasted,बढ़ा हुआ,बर्बाद
enlargement,contraction,इज़ाफ़ा,सिकुड़न
enlightened,unenlightened,प्रबुद्ध,नामालूम
enlightened,uninitiate,प्रबुद्ध,एकतरफा
enlightening,unedifying,शिक्षाप्रद,अस्वीकार
enlightening,unenlightening,शिक्षाप्रद,अनियंत्रित
enlightening,unilluminating,शिक्षाप्रद,एकतरफा
enlightenment,unenlightenment,प्रबोधन,अनन्तिकरण
enlist,discharge,प्राप्त करना,स्राव होना
enlist,muster out,प्राप्त करना,जासूसी करना
enliven,blunt,सजीव,कुंद
enliven,deaden,सजीव,मृत
enlivened,unenlivened,उच्छृंखल,अनभिज्ञ
enquiry,answer,जाँच करना,उत्तर
enrapture,disenchant,उग आया,जादू टोने के प्रभाव से छुड़ाना
enrapture,disillusion,उग आया,मायूसी
enrich,deprive,समृद्ध करना,वंचित
enrich,impoverish,समृद्ध करना,शक्तिहीन करना
entangle,disentangle,उलझाना,सुलझाना
entangle,straighten out,उलझाना,पता लगाना
entangle,unsnarl,उलझाना,अस्वाभाविक
enter,chuck up the sponge,प्रवेश करना,चक स्पंज
enter,drop by the wayside,प्रवेश करना,रास्ते से ड्रॉप
enter,drop out,प्रवेश करना,ड्रॉप आउट
enter,exit,प्रवेश करना,बाहर निकलना
enter,fall by the wayside,प्रवेश करना,रास्ते के किनारे की ओर गिरा
enter,get out,प्रवेश करना,चले जाओ
enter,give up,प्रवेश करना,छोड़ देना
enter,go out,प्रवेश करना,बाहर जाना
enter,leave,प्रवेश करना,छुट्टी
enter,quit,प्रवेश करना,छोड़ना
enter,throw in,प्रवेश करना,अंदर फेंके
enter,throw in the towel,प्रवेश करना,हार मान लेना
enterprising,nonenterprising,उद्यमी,अखंड
enterprising,unenterprising,उद्यमी,रात का
enthral,disenchant,ग़ुलाम बनाना,जादू टोने के प्रभाव से छुड़ाना
enthral,disillusion,ग़ुलाम बनाना,मायूसी
enthrall,disenchant,ग़ुलाम बनाना,जादू टोने के प्रभाव से छुड़ाना
enthrall,disillusion,ग़ुलाम बनाना,मायूसी
enthrone,dethrone,सिंहासनारूढ़ करना,राज-गद्दी से उतारना
enthrone,disinvest,सिंहासनारूढ़ करना,विनिवेश
enthrone,divest,सिंहासनारूढ़ करना,ले लेना
enthusiastic,unenthusiastic,उत्साही,उत्साहित
enthusiastically,unenthusiastically,उत्साहपूर्वक,अचूक रूप से
entirely,part,पूरी तरह से,भाग
entirely,partially,पूरी तरह से,आंशिक रूप से
entirely,partly,पूरी तरह से,आंशिक रूप में
entomophilous,anemophilous,कीटपरागीय,सशक्त
entozoan,epizoic,प्रोत्साहित करना,उपकला संबंधी
entozoic,epizoic,एक प्रकार का,उपकला संबंधी
entwine,untwine,गुथना,खोल देना
environmentalism,hereditarianism,पर्यावरणवाद,वंशानुगतता
epidemic,ecdemic,महामारी,एक प्रकार का
epidemic,endemic,महामारी,स्थानिक
epidemic,endemical,महामारी,उपदेशात्मक
epizoic,endozoic,उपकला संबंधी,एंडोज़ोयिक
epizoic,entozoan,उपकला संबंधी,प्रोत्साहित करना
epizoic,entozoic,उपकला संबंधी,एक प्रकार का
equal,differ,बराबर,अलग होना
equal,inadequate,बराबर,अपर्याप्त
equal,unequal,बराबर,असमान
equalitarian,elitist,समानतावादी,संभ्रांतवादी
equality,inequality,समानता,असमानता
equally,unequally,समान,असमान
equally,unevenly,समान रूप से,असमान
equanimity,discomposure,समानता,उद्वेग
equatorial,polar,इक्वेटोरियल,ध्रुवीय
equilibrate,unbalance,संतुलित करना,असंतुलित होना
equilibrise,unbalance,समतुल्य करना,असंतुलित होना
equilibrium,disequilibrium,संतुलन,असंतुलन
equilibrize,unbalance,संतुलित करना,असंतुलित होना
equipped,unequipped,लैस,अनुचित
equipped,unfurnished,लैस,बिना असबाब
equipping,disarmament,लैस,निरस्त्रीकरण
equipping,disarming,लैस,निरस्त्रीकरण
equipt,unequipped,समतुल्य,अनुचित
equitable,inequitable,न्यायसंगत,अन्यायी
equitable,unjust,न्यायसंगत,अन्यायपूर्ण
equitably,inequitably,समान रूप से,असमानता से
equity,inequity,हिस्सेदारी,अन्याय
equity,unfairness,हिस्सेदारी,अनौचित्य
equivalence,nonequivalence,समानक,कोई भी नहीं
equivalent word,antonym,समतुल्य शब्द,विलोम
equivalent word,opposite,समतुल्य शब्द,विलोम
equivalent word,opposite word,समतुल्य शब्द,विपरीत शब्द
equivocal,unambiguous,गोलमोल,स्पष्ट
equivocal,unequivocal,गोलमोल,स्पष्ट
equivocal,univocal,गोलमोल,एक प्रकार का
equivocally,unambiguously,समान रूप से,स्पष्ट रूप से
equivocally,unequivocally,समान रूप से,स्पष्ट
equivocalness,unambiguity,समानता,असंबद्धता
equivocalness,unequivocalness,समानता,असमानता
eradicable,ineradicable,उन्मूलन करने योग्य,जड़ से न उखाड़ने येग्य
erase,record,मिटा,अभिलेख
erase,tape,मिटा,फीता
erect,dismantle,खड़ा करना,नष्ट
erect,level,खड़ा करना,स्तर
erect,pull down,खड़ा करना,नीचे गिराना
erect,rase,खड़ा करना,ढहाना
erect,raze,खड़ा करना,ढाना
erect,take down,खड़ा करना,नीचे करें
erect,tear down,खड़ा करना,चीथड़े कर दो
erect,unerect,खड़ा करना,अव्यवस्थित
eremite,cenobite,संन्यासी,Cenobite
eremite,coenobite,संन्यासी,मठवासी
eremitic,cenobitic,एक प्रकार का,कोफुसी
eremitic,cenobitical,एक प्रकार का,सेनोबिटिकल
eremitic,coenobitic,एक प्रकार का,कोनोबिटिटिक
eremitic,coenobitical,एक प्रकार का,कोनोबिटिकल
eremitical,cenobitic,एक प्रकार का,कोफुसी
eremitical,cenobitical,एक प्रकार का,सेनोबिटिकल
eremitical,coenobitic,एक प्रकार का,कोनोबिटिटिक
eremitical,coenobitical,एक प्रकार का,कोनोबिटिकल
errancy,inerrancy,भुलावा,अचूकता
eruptive,aqueous,ज्वालामुखी,जलीय
eruptive,sedimentary,ज्वालामुखी,गाद का
escalate,de-escalate,आगे बढ़ाएं,पैमाना
escalate,step down,आगे बढ़ाएं,त्यागपत्र देना
escalate,weaken,आगे बढ़ाएं,कमजोर
esoteric,exoteric,गुप्त,आमफ़हम
essential,adjective,आवश्यक,विशेषण
essential,inessential,आवश्यक,नगण्य
essential,nonessential,आवश्यक,गैर जरूरी
essential,procedural,आवश्यक,ि यात्मक
essential,unessential,आवश्यक,नगण्य
essentiality,inessentiality,तत्त्व,अयोग्यता
essentialness,inessentiality,अनिवार्यता,अयोग्यता
establish,abolish,स्थापित करना,समाप्त करना
establish,confute,स्थापित करना,कन्फ्यूट
establish,disprove,स्थापित करना,असत्य सिद्ध करना
establish,get rid of,स्थापित करना,से छुटकारा
established,unestablished,स्थापित,अनभिज्ञ
esteem,disesteem,आदर,औषधि
esteem,disrespect,आदर,अपमानित करना
esthesia,insensibility,क्षीणता,असंवेदनशीलता
esthetic,inaesthetic,सौंदर्यशास्र-संबंधी,अयोग्य
esthetic,unaesthetic,सौंदर्यशास्र-संबंधी,असंबद्ध
esthetical,inaesthetic,संस्थापक,अयोग्य
esthetical,unaesthetic,संस्थापक,असंबद्ध
estimable,contemptible,आदर लायक़,घिनौना
estivate,hibernate,ग्रीष्मकालिन,सीतनिद्रा में होना
estivate,hole up,ग्रीष्मकालिन,छेद करो
estrous,anestrous,गला घोंटने वाला,एक प्रकार का
estrus,anestrum,मद,एक प्रकार का होना
estrus,anestrus,मद,एक प्रकार का
estrus,anoestrum,मद,वंशावली
estrus,anoestrus,मद,एक प्रकार का
ethical,unethical,नैतिक,अनैतिक
ethical drug,over-the-counter drug,नैतिक दवा,बिना डॉक्टर की सलाह पर बेची जाने वाली दवाएं
ethical drug,over-the-counter medicine,नैतिक दवा,ओवर-द-काउंटर मेडिसिन
ethically,unethically,नैतिकता की दृष्टि से,अनैतिक
eucaryote,procaryote,यूकेरियोट,प्रोक्येरियोट
eucaryote,prokaryote,यूकेरियोट,अकेन्द्रिक
eucaryotic,procaryotic,यूकेरियोटिक,प्रोक्योरियस का
eucaryotic,prokaryotic,यूकेरियोटिक,प्रोकार्योटिक
eudaemon,cacodaemon,यूडेमॉन,कैकोडेमन
eudaemon,cacodemon,यूडेमॉन,कैकोडमोन
eudaemonia,ill-being,बुद्धिमान,बीमार से किया जा रहा
eudaimonia,ill-being,यूडिमोनिया,बीमार से किया जा रहा
eudemon,cacodaemon,यूडमोन,कैकोडेमन
eudemon,cacodemon,यूडमोन,कैकोडमोन
eugenic,cacogenic,युजनिक,कैकोजेनिक
eugenic,dysgenic,युजनिक,पढ़ाया
eugenics,cacogenics,युजनिक्स,कैकोजेनिक्स
eugenics,dysgenics,युजनिक्स,पढ़ाया
eukaryote,procaryote,यूकेरियोट,प्रोक्येरियोट
eukaryote,prokaryote,यूकेरियोट,अकेन्द्रिक
eukaryotic,procaryotic,यूकेरियटिक,प्रोक्योरियस का
eukaryotic,prokaryotic,यूकेरियटिक,प्रोकार्योटिक
euphemism,dysphemism,व्यंजना,शिथिलता
euphemistic,dysphemistic,व्यंजनावादी,शिथिलतावादी
euphemistic,offensive,व्यंजनावादी,अप्रिय
euphonious,cacophonic,श्रुतिमधुर,कैकोफोनिक
euphonious,cacophonous,श्रुतिमधुर,कैकोफोनस
euphonous,cacophonic,व्यंजनापूर्ण,कैकोफोनिक
euphonous,cacophonous,व्यंजनापूर्ण,कैकोफोनस
euphoria,dysphoria,उत्साह,dysphoria
euphoric,distressed,जश्न,व्यथित
euphoric,dysphoric,जश्न,डिस्फोरिक
euphoric,unhappy,जश्न,अप्रसन्न
euphory,dysphoria,शिथिलता,dysphoria
eupneic,breathless,यूफनीज,बेदम
eupneic,dyspneal,यूफनीज,डिस्पनील
eupneic,dyspneic,यूफनीज,डिस्पनीजिक
eupneic,dyspnoeal,यूफनीज,डिस्पनोइल
eupneic,dyspnoeic,यूफनीज,डिस्प्नोइक
eupnoeic,breathless,यूपनोइक,बेदम
eupnoeic,dyspneal,यूपनोइक,डिस्पनील
eupnoeic,dyspneic,यूपनोइक,डिस्पनीजिक
eupnoeic,dyspnoeal,यूपनोइक,डिस्पनोइल
eupnoeic,dyspnoeic,यूपनोइक,डिस्प्नोइक
eusporangiate,leptosporangiate,यूसोरफुनेट,लेप्टोस्पोरजेट
evasion,defrayal,आज्ञा,अदायगी
evasion,defrayment,आज्ञा,अदायगी
evasion,payment,आज्ञा,भुगतान
even,odd,यहां तक ​​की,विषम
even,uneven,यहां तक ​​की,असमतल
even-toed ungulate,odd-toed ungulate,यहां तक ​​कि असंबद्ध,विषम-पैर
even-toed ungulate,perissodactyl,यहां तक ​​कि असंबद्ध,पेरिसोडैक्टाइल
even-toed ungulate,perissodactyl mammal,यहां तक ​​कि असंबद्ध,पेरिसोडैक्टाइल स्तनपायी
evenly,unequally,के बराबर,असमान
evenly,unevenly,के बराबर,असमान
evenness,unevenness,एकरूपता,असमता
evenness,variability,एकरूपता,परिवर्तनशीलता
eventful,uneventful,घटनेवाला,ऊंचा नीचा
ever,ne'er,कभी,नेक
ever,never,कभी,कभी नहीं
evergreen,deciduous,सदाबहार,झड़नेवाला
evergreen,deciduous plant,सदाबहार,पर्णपाती संयंत्र
evergreen plant,deciduous plant,सदाबहार संयंत्र,पर्णपाती संयंत्र
everydayness,uncommonness,हर दिन,असामान्यता
evil,good,बुराई,अच्छा
evil,goodness,बुराई,अच्छाई
evilness,good,बुराई,अच्छा
evilness,goodness,बुराई,अच्छाई
evitable,inevitable,परिहार्य,अनिवार्य
evolution,degeneration,विकास,अध: पतन
evolution,devolution,विकास,हस्तांतरण
ex vivo,in vivo,पूर्व जीवित,व्यर्थ
exacerbate,ameliorate,ख़राब करना,उन्नति
exacerbate,amend,ख़राब करना,सुधार करना
exacerbate,better,ख़राब करना,बेहतर
exacerbate,improve,ख़राब करना,सुधार
exacerbate,meliorate,ख़राब करना,कृषि योग्य बनाना
exact,inexact,एकदम सही,अशुद्ध
exacting,unfastidious,मांग,अयोग्य
exactitude,inexactitude,शुद्धता,अशुद्धता
exactitude,inexactness,शुद्धता,अशुद्धता
exactly,imprecisely,बिल्कुल,असंगत रूप से
exactly,inexactly,बिल्कुल,बेवजह
exactness,inexactitude,शुद्धता,अशुद्धता
exactness,inexactness,शुद्धता,अशुद्धता
exaggerate,downplay,अतिरंजना करना,नीचे गिरना
exaggerate,minimise,अतिरंजना करना,छोटा करना
exaggerate,minimize,अतिरंजना करना,छोटा करना
exaggerate,understate,अतिरंजना करना,परदा डालना
exaggeration,understatement,अतिशयोक्ति,परदा डालना
exasperate,ameliorate,चिढ़ाना,उन्नति
exasperate,amend,चिढ़ाना,सुधार करना
exasperate,better,चिढ़ाना,बेहतर
exasperate,improve,चिढ़ाना,सुधार
exasperate,meliorate,चिढ़ाना,कृषि योग्य बनाना
exaugural,inaugural,भंगुर,उद्घाटन
except,include,के अलावा,शामिल करना
exchangeability,unexchangeability,विनिमय योग्यता,अनियंत्रितता
exchangeable,inconvertible,बदलानेवाला,बेबदल
exchangeable,unconvertible,बदलानेवाला,असंबद्ध
exchangeable,unexchangeable,बदलानेवाला,बेवजह
excitable,unexcitable,उत्तेजनीय,अनपेक्षित
excite,calm,उत्तेजित,शांत
excite,calm down,उत्तेजित,शांत हो
excite,dampen,उत्तेजित,गीला हो जाना
excite,lull,उत्तेजित,शांति काल
excite,quiet,उत्तेजित,शांत
excite,quieten,उत्तेजित,शांत होना
excite,stifle,उत्तेजित,दबाना
excite,still,उत्तेजित,फिर भी
excite,tranquilize,उत्तेजित,शांत होना
excite,tranquillise,उत्तेजित,शांत करना
excite,tranquillize,उत्तेजित,तसल्ली देना
excited,unexcited,उत्साहित,अस्पष्ट
exciting,unexciting,रोमांचक,अस्पष्ट
excitingly,unexcitingly,उत्साहपूर्वक,अस्पष्ट रूप से
exclude,admit,बाहर करना,स्वीकार करते हैं
exclude,include,बाहर करना,शामिल करना
exclude,let in,बाहर करना,भीतर आएं
exclusion,inclusion,बहिष्करण,समावेश
exclusive,inclusive,अनन्य,सहित
excommunicate,communicate,समाज से बहिष्कृत करना,बातचीत करना
exculpate,convict,सफ़ाई देना,मिद्धदोष अपराधी
exculpatory,inculpative,रिहाई का,प्रतिवादी
exculpatory,inculpatory,रिहाई का,अभियोगात्मक
excusable,inexcusable,क्षम्य,अक्षम्य
excusably,inexcusably,उत्साहपूर्वक,अक्षम्य
excusably,unforgivably,उत्साहपूर्वक,अक्षम्य
excusably,unpardonably,उत्साहपूर्वक,अनभिज्ञता से
excusatory,unapologetic,क्षम्य,अयोग्य
exempt,apply,मुक्त करें,आवेदन करना
exempt,enforce,मुक्त करें,लागू
exempt,implement,मुक्त करें,अमल में लाना
exempt,nonexempt,मुक्त करें,कोई नहीं
exempt,taxable,मुक्त करें,कर योग्य
exergonic,endergonic,उछलना,अंत्येष्टि संबंधी
exhale,breathe in,साँस लेना,में साँस
exhale,inhale,साँस लेना,साँस
exhale,inspire,साँस लेना,प्रेरित करना
exhausted,unexhausted,थका हुआ,अनपेक्षित
exhaustible,inexhaustible,उदारता से,अटूट
exile,repatriate,निर्वासन,स्वदेश लौटूँ
existence,nonbeing,अस्तित्व,अखरोट
existence,nonentity,अस्तित्व,तुच्छता
existence,nonexistence,अस्तित्व,अनअस्तित्व
existent,nonexistent,मौजूद,अस्तित्वहीन
existent,possible,मौजूद,संभव
existent,potential,मौजूद,संभावना
existent,unreal,मौजूद,अवास्तविक
existing,nonexistent,मौजूदा,अस्तित्वहीन
exit,be born,बाहर निकलना,पैदा हो
exit,come in,बाहर निकलना,अंदर आएं
exit,enter,बाहर निकलना,प्रवेश करना
exit,get in,बाहर निकलना,अंदर आना
exit,get into,बाहर निकलना,में मिलता है
exit,go in,बाहर निकलना,में जाना
exit,go into,बाहर निकलना,अंदर जाएं
exit,move into,बाहर निकलना,में स्थानांतरित
exocentric,endocentric,भयावह,एंडोकेन्ट्रिक
exocrine,endocrinal,बहि,अंतःस्रावी
exocrine,endocrine,बहि,अंत: स्रावी
exoergic,endoergic,एक प्रकार का,एंडोर्जिक
exoergic,energy-absorbing,एक प्रकार का,ऊर्जा अवशोषित
exogamic,autogamic,भूतल,स्वैच्छिक
exogamic,autogamous,भूतल,स्वैच्छिक
exogamic,endogamic,भूतल,अंतःशिरा
exogamic,endogamous,भूतल,अंतर्विवाही
exogamous,autogamic,विजातीय विवाह करनेवाला,स्वैच्छिक
exogamous,autogamous,विजातीय विवाह करनेवाला,स्वैच्छिक
exogamous,endogamic,विजातीय विवाह करनेवाला,अंतःशिरा
exogamous,endogamous,विजातीय विवाह करनेवाला,अंतर्विवाही
exogamy,endogamy,उकसाने वाला,सगोत्र विवाह
exogamy,inmarriage,उकसाने वाला,अस्वस्थता
exogamy,intermarriage,उकसाने वाला,अंतर्विरोध
exogenic,endogenic,बहिष्कारिक,अंतःस्रावी
exogenic,endogenous,बहिष्कारिक,अंतर्जात
exogenous,endogenic,एक्जोजिनियस,अंतःस्रावी
exogenous,endogenous,एक्जोजिनियस,अंतर्जात
exon,intron,बाहर निकलना,इंट्रॉन
exon,noncoding DNA,बाहर निकलना,नॉनकोडिंग डीएनए
exonerate,convict,हक़ बहाल करना,मिद्धदोष अपराधी
exoteric,esoteric,आमफ़हम,गुप्त
exothermal,endothermal,एक्ज़ोथिर्मिक,एंडोथर्मल
exothermal,endothermic,एक्ज़ोथिर्मिक,एन्दोठेर्मिक
exothermal,heat-absorbing,एक्ज़ोथिर्मिक,गर्मी अवशोषित
exothermic,endothermal,एक्ज़ोथिर्मिक,एंडोथर्मल
exothermic,endothermic,एक्ज़ोथिर्मिक,एन्दोठेर्मिक
exothermic,heat-absorbing,एक्ज़ोथिर्मिक,गर्मी अवशोषित
exotoxin,endotoxin,एक्सोटॉक्सिन,अन्तर्जीवविष
expand,abbreviate,बढ़ाना,संक्षिप्त
expand,abridge,बढ़ाना,संक्षेप करना
expand,contract,बढ़ाना,अनुबंध
expand,cut,बढ़ाना,काटना
expand,foreshorten,बढ़ाना,पूर्वाभास
expand,reduce,बढ़ाना,कम करना
expand,shorten,बढ़ाना,इस प्रकार छोटा
expand,shrink,बढ़ाना,सिकुड़ना
expanded,contracted,विस्तार,संकुचित
expansion,contraction,विस्तार,सिकुड़न
expansive,unexpansive,प्रशस्त,अनपेक्षित
expatiate,abbreviate,लंबी-चौड़ी बातें बढ़ाना,संक्षिप्त
expatiate,abridge,लंबी-चौड़ी बातें बढ़ाना,संक्षेप करना
expatiate,contract,लंबी-चौड़ी बातें बढ़ाना,अनुबंध
expatiate,cut,लंबी-चौड़ी बातें बढ़ाना,काटना
expatiate,foreshorten,लंबी-चौड़ी बातें बढ़ाना,पूर्वाभास
expatiate,reduce,लंबी-चौड़ी बातें बढ़ाना,कम करना
expatiate,shorten,लंबी-चौड़ी बातें बढ़ाना,इस प्रकार छोटा
expatriate,repatriate,प्रवासी,स्वदेश लौटूँ
expected,unexpected,अपेक्षित,अप्रत्याशित
expectedness,surprisingness,अपेक्षितता,आश्चर्यजनकता
expectedness,unexpectedness,अपेक्षितता,अप्रत्याशित
expedience,inexpedience,मुनाफ़ा,अयोग्य
expedience,inexpediency,मुनाफ़ा,अचूकता
expediency,inexpedience,मुनाफ़ा,अयोग्य
expediency,inexpediency,मुनाफ़ा,अचूकता
expedient,inexpedient,उपाय,बेमतलब
expediently,inexpediently,निर्लज्जता,बेवजह
expeditiously,inefficiently,शीघ्र,अखंडता से
expendable,unexpendable,उपभोजित,अनपेक्षित
expenditure,income,व्यय,आय
expensive,cheap,महँगा,सस्ता
expensive,inexpensive,महँगा,सस्ता
expensively,cheaply,बड़ी लागत,सस्ते में
expensively,inexpensively,बड़ी लागत,सभ्य रूप से
expensively,tattily,बड़ी लागत,उग्रता से
expensiveness,inexpensiveness,महंगाई,सस्ताता
experience,inexperience,अनुभव,अनुभव का हीनता
experience,rawness,अनुभव,नमी
experienced,inexperienced,अनुभवी,अनुभवहीन
experienced,inexperient,अनुभवी,बेवजह
experient,inexperienced,अनुभव करना,अनुभवहीन
experient,inexperient,अनुभव करना,बेवजह
expert witness,lay witness,गवाह,गवाह
expertly,amateurishly,विशेषज्ञ रूप,शौकिया
expire,be born,समय सीमा समाप्त,पैदा हो
expire,breathe in,समय सीमा समाप्त,में साँस
expire,inhale,समय सीमा समाप्त,साँस
expire,inspire,समय सीमा समाप्त,प्रेरित करना
expired,unexpired,खत्म हो चुका,असमाप्त
expiry,birth,समाप्ति,जन्म
expiry,nascence,समाप्ति,कुशलता
expiry,nascency,समाप्ति,उठान
expiry,nativity,समाप्ति,क्रिसमस
explicable,incomprehensible,समझाने के योग्य,समझ से बाहर
explicable,inexplicable,समझाने के योग्य,अकथनीय
explicit,implicit,मुखर,अंतर्निहित
explicit,inexplicit,मुखर,अनुभवहीन
explicitly,implicitly,स्पष्ट रूप से,उलझाव से
explicitness,inexplicitness,मुखरता,अस्पष्टता
explode,go off,विस्फोट करना,भाग जाओ
explode,implode,विस्फोट करना,फटना
exploited,undeveloped,शोषित,अविकसित
exploited,unexploited,शोषित,बेवजह
explorative,nonexplorative,खोजपूर्ण,कोई नहीं
explorative,nonexploratory,खोजपूर्ण,कोई नहीं
explorative,unexplorative,खोजपूर्ण,अस्पष्ट
explorative,unexploratory,खोजपूर्ण,अस्पष्ट
exploratory,nonexplorative,खोजपूर्ण,कोई नहीं
exploratory,nonexploratory,खोजपूर्ण,कोई नहीं
exploratory,unexplorative,खोजपूर्ण,अस्पष्ट
exploratory,unexploratory,खोजपूर्ण,अस्पष्ट
explosive,nonexplosive,विस्फोटक,कोई नहीं
export,import,निर्यात,आयात
export,importation,निर्यात,आयात
exportable,unexportable,निर्यात,बेवजह
exportation,import,निर्यात,आयात
exportation,importation,निर्यात,आयात
expose,cover,अनावृत करना,ढकना
exposit,abbreviate,अनावृत,संक्षिप्त
exposit,abridge,अनावृत,संक्षेप करना
exposit,contract,अनावृत,अनुबंध
exposit,cut,अनावृत,काटना
exposit,foreshorten,अनावृत,पूर्वाभास
exposit,reduce,अनावृत,कम करना
exposit,shorten,अनावृत,इस प्रकार छोटा
expound,abbreviate,व्याख्या करना,संक्षिप्त
expound,abridge,व्याख्या करना,संक्षेप करना
expound,contract,व्याख्या करना,अनुबंध
expound,cut,व्याख्या करना,काटना
expound,foreshorten,व्याख्या करना,पूर्वाभास
expound,reduce,व्याख्या करना,कम करना
expound,shorten,व्याख्या करना,इस प्रकार छोटा
express,local,अभिव्यक्त करना,स्थानीय
express joy,cry,व्यक्त आनंद,चिल्लाना
express joy,weep,व्यक्त आनंद,रोना
express mirth,cry,एक्सप्रेस मिर्थ,चिल्लाना
express mirth,weep,एक्सप्रेस मिर्थ,रोना
expressed,implicit,व्यक्त,अंतर्निहित
expressed,inexplicit,व्यक्त,अनुभवहीन
expressible,inexpressible,व्याख्या योग्य,अकथनीय
expressible,unexpressible,व्याख्या योग्य,अपरिहार्य
expression,misconstruction,अभिव्यक्ति,अवसाद
expressively,inexpressively,अर्थपूर्ण ढंग से,बेवजह
exsiccate,hydrate,शुष्क करना,हाइड्रेट
extant,extinct,वर्तमान,विलुप्त
extant,nonextant,वर्तमान,कोई भी नहीं
extended,unextended,विस्तारित,अनिर्दिष्ट
extensible,inextensible,एक्सटेंसिबल,अयोग्य
extensible,nonextensile,एक्सटेंसिबल,कोई भी नहीं
extensible,nonprotractile,एक्सटेंसिबल,अखंड
extensile,inextensible,तननेवाला,अयोग्य
extensile,nonextensile,तननेवाला,कोई भी नहीं
extensile,nonprotractile,तननेवाला,अखंड
extension,flexion,विस्तार,मोड़
extension,flexure,विस्तार,मोड़
extensive,intensive,व्यापक,गहन
extensor,flexor,प्रसारक,फ्लेक्सर
extensor,flexor muscle,प्रसारक,फ्लेफ़ोर मांसपेशी
extensor muscle,flexor,एक्सटेंसर मांसपेशी,फ्लेक्सर
extensor muscle,flexor muscle,एक्सटेंसर मांसपेशी,फ्लेफ़ोर मांसपेशी
exterior,inside,बाहरी,अंदर
exterior,interior,बाहरी,आंतरिक भाग
external,internal,बाहरी,आंतरिक
externality,inwardness,बाह्यता,अंदर की ओर
externally,internally,बाहर से,आंतरिक रूप
exterritorial,territorial,बाहरी,प्रादेशिक
extinct,active,विलुप्त,सक्रिय
extinct,extant,विलुप्त,वर्तमान
extinguish,ignite,बुझा,आग लगना
extinguish,light,बुझा,रोशनी
extinguishable,inextinguishable,बुझाने योग्य,सदा जलानेवाला
extra time,regulation time,अतिरिक्त समय,विनियमन काल
extracellular,intracellular,कोशिकी,intracellular
extramural,intramural,बाह्य,अंदर का
extraordinariness,mundaneness,विशिषटता,शमन
extraordinariness,mundanity,विशिषटता,मुंडन
extraordinariness,ordinariness,विशिषटता,सर्वसाधारण
extraordinary,ordinary,असाधारण,साधारण
extrasensory,sensorial,अतिरिक्त संवेदी,संवेदी
extrasensory,sensory,अतिरिक्त संवेदी,ग्रहणशील
extraterritorial,territorial,राज्यक्षेत्रातीत,प्रादेशिक
extraversion,ambiversion,बहिर्मुखता,अमानवीयता
extraversion,introversion,बहिर्मुखता,अंतर्मुखता
extraversive,ambiversive,अतिरिक्त,अम्बुवर्सिव
extraversive,introversive,अतिरिक्त,अंतर्विरोधीय
extraversive,introvertive,अतिरिक्त,अंतर्मुखी
extravert,introvert,बहिर्मुखी,अंतर्मुखी
extricable,inextricable,अखिल,विकट
extrinsic,intrinsic,अजनबी,आंतरिक
extrinsic,intrinsical,अजनबी,आंतरिक
extrospective,introspective,अति,आत्मविश्लेषी
extrospective,introverted,अति,अंतर्मुखी
extrospective,self-examining,अति,स्व की जांच
extroversion,ambiversion,बहिष्कार,अमानवीयता
extroversion,introversion,बहिष्कार,अंतर्मुखता
extroversive,ambiversive,बहिर्गमन,अम्बुवर्सिव
extroversive,introversive,बहिर्गमन,अंतर्विरोधीय
extroversive,introvertive,बहिर्गमन,अंतर्मुखी
extrovert,introvert,बहिर्मुखी,अंतर्मुखी
extroverted,introspective,बहिर्मुखी,आत्मविश्लेषी
extroverted,introverted,बहिर्मुखी,अंतर्मुखी
extroverted,self-examining,बहिर्मुखी,स्व की जांच
extrusive,intrusive,गंदे,घुसपैठ
eyed,eyeless,आंखवाले,अंधा
eyeless,eyed,अंधा,आंखवाले
fabrication,disassembly,छलरचना,disassembly
fabrication,dismantlement,छलरचना,गिराना
fabrication,dismantling,छलरचना,ध्वस्त
face,avoid,चेहरा,टालना
face,back,चेहरा,पीछे
face up,avoid,सामना करना,टालना
faced,faceless,का सामना करना पड़ा,चेहराविहीन
faceless,faced,चेहराविहीन,का सामना करना पड़ा
faceted,unfaceted,faceted,अपंग
factory-made,homemade,फैक्ट्री में बना हुआ,घर का बना
factuality,counterfactuality,तथ्यात्मकता,प्रतिवाद
factualness,counterfactuality,तथ्यात्मकता,प्रतिवाद
facultative,obligate,ऐच्छिक,लाचार
fag,freshen,धुम्रपान,तरोताजा
fag,refresh,धुम्रपान,ताज़ा
fag,refreshen,धुम्रपान,ताज़ा करना
fag out,freshen,बाहर निकलना,तरोताजा
fag out,refresh,बाहर निकलना,ताज़ा
fag out,refreshen,बाहर निकलना,ताज़ा करना
fail,bring home the bacon,असफल,वेतन कमाने वाला
fail,bring off,असफल,बंद करना
fail,carry off,असफल,ले जाना
fail,come through,असफल,के द्वारा आएं
fail,deliver the goods,असफल,माल वितरित करना
fail,make it,असफल,इसे बनाएं
fail,manage,असफल,प्रबंधित करना
fail,negociate,असफल,बातचीत के जरिए
fail,pass,असफल,उत्तीर्ण
fail,pull off,असफल,जीतना
fail,succeed,असफल,सफल होना
fail,win,असफल,जीतना
failing,pass,असफलता,उत्तीर्ण
failing,passing,असफलता,पासिंग
failing,qualifying,असफलता,क्वालीफाइंग
failure,achiever,असफलता,अचीवर
failure,succeeder,असफलता,सफल
failure,success,असफलता,सफलता
failure,winner,असफलता,विजेता
faintheartedness,stoutheartedness,निंदनीयता,चुलबुलीपन
faintness,stoutheartedness,ग्लानि,चुलबुलीपन
fair,below the belt,गोरा,बेल्ट के नीचे
fair,foul,गोरा,गलत नहीं
fair,unfair,गोरा,अनुचित
fair,unfairly,गोरा,गलत तरीके से
fair,unjust,गोरा,अन्यायपूर्ण
fair ball,foul ball,निष्पक्ष गेंद,फाउल बॉल
fair-mindedness,unfairness,निष्पक्ष उदारता,अनौचित्य
fairly,below the belt,अच्छी तरह से,बेल्ट के नीचे
fairly,immoderately,अच्छी तरह से,बिना संयम के
fairly,unfairly,अच्छी तरह से,गलत तरीके से
fairly,unreasonably,अच्छी तरह से,अनुचित तरीके से
fairness,inequity,फेयरनेस,अन्याय
fairness,unfairness,फेयरनेस,अनौचित्य
fairness,unjust,निष्पक्षता,अन्यायपूर्ण
faithful,unfaithful,वफादार,अनफेथफुल
faithfully,undependably,ईमानदारी से,परोपकारिता से
faithfully,unfaithfully,ईमानदारी से,विश्वासघात
faithfully,unreliably,ईमानदारी से,अविश्वसनीय रूप से
faithfulness,infidelity,भक्ति,बेवफ़ाई
faithfulness,unfaithfulness,भक्ति,अविश्वास
fall,acclivity,गिरना,चढ़ाना
fall,arise,गिरना,उठना
fall,ascend,गिरना,Ascend
fall,ascension,गिरना,अधिरोहण
fall,ascent,गिरना,आरोहण
fall,climb,गिरना,चढ़ना
fall,come up,गिरना,आएं
fall,go up,गिरना,ऊपर जाना
fall,increase,गिरना,बढ़ोतरी
fall,lift,गिरना,उठाना
fall,move up,गिरना,बढ़ाना
fall,raise,गिरना,उठाना
fall,rise,गिरना,उठना
fall,rising,गिरना,बढ़ती
fall,upgrade,गिरना,उन्नत करना
fall,uprise,गिरना,असुरक्षित
fall asleep,arouse,सो जाना,उकसाना
fall asleep,awake,सो जाना,जागना
fall asleep,awaken,सो जाना,अवेकन
fall asleep,come alive,सो जाना,जीवित आओ
fall asleep,wake,सो जाना,जागो
fall asleep,wake up,सो जाना,जागो
fall asleep,waken,सो जाना,जागना
fall back,advance,मैदान छोड़ना,अग्रिम
fall back,gain,मैदान छोड़ना,पाना
fall back,gain ground,मैदान छोड़ना,जमीन
fall back,get ahead,मैदान छोड़ना,आगे बढ़ना
fall back,make headway,मैदान छोड़ना,हेडवे बनाना
fall back,pull ahead,मैदान छोड़ना,आगे बढ़ना
fall back,win,मैदान छोड़ना,जीतना
fall behind,advance,पिछड़ना,अग्रिम
fall behind,gain,पिछड़ना,पाना
fall behind,gain ground,पिछड़ना,जमीन
fall behind,get ahead,पिछड़ना,आगे बढ़ना
fall behind,make headway,पिछड़ना,हेडवे बनाना
fall behind,pull ahead,पिछड़ना,आगे बढ़ना
fall behind,win,पिछड़ना,जीतना
fall by the wayside,enter,रास्ते के किनारे की ओर गिरा,प्रवेश करना
fall by the wayside,participate,रास्ते के किनारे की ओर गिरा,हिस्सा लेना
fall equinox,March equinox,विषम,मार्च विषुव
fall equinox,spring equinox,विषम,वसंत विषुव
fall equinox,vernal equinox,विषम,उकसाया
fall short of,fulfil,कम होना,पूरा
fall short of,fulfill,कम होना,पूरा
fall short of,live up to,कम होना,के अनुसार
fall short of,satisfy,कम होना,संतुष्ट
fallibility,infallibility,अशुद्ध,अभ्रांतता
fallible,infallible,अविश्वसनीय,अचूक
falling,rising,गिरना,बढ़ती
false,true,असत्य,सत्य
falsehood,true statement,झूठ,सत्य कथन
falsehood,truth,झूठ,सच
falseness,sincerity,असत्यता,ईमानदारी
falseness,the true,असत्यता,सच
falseness,trueness,असत्यता,सच्चाई
falseness,truth,असत्यता,सच
falseness,verity,असत्यता,सचाई
falsify,correct,कपट करना,सही
falsify,rectify,कपट करना,सुधारना
falsify,right,कपट करना,सही
falsity,the true,असत्यता,सच
falsity,true statement,असत्यता,सत्य कथन
falsity,trueness,असत्यता,सच्चाई
falsity,truth,असत्यता,सच
falsity,verity,असत्यता,सचाई
falteringly,steadily,भटकते हुए,तेजी से
falteringly,steady,भटकते हुए,नियमित
fame,infamy,यश,कुख्यात
fame,opprobrium,यश,अपमान
familiar,strange,परिचित,अजीब
familiar,unfamiliar,परिचित,अनजान
familiar,unusual,परिचित,असामान्य
familiarity,strangeness,सुपरिचय,विचित्रता
familiarity,unfamiliarity,सुपरिचय,अलोकप्रियता
famish,be full,भूखों मरना,पूर्ण होना
famish,feed,भूखों मरना,खिलाना
famish,give,भूखों मरना,देना
fancify,uglify,रुकना,कुरूप कर देना
fancy,plain,कल्पना,मैदान
fancy up,dress down,फैंस अप,अनौपचारिक कपड़े पहनना
fancy up,underdress,फैंस अप,कमज़ोर करना
far,close,दूर,बंद करना
far,near,दूर,पास में
far,nigh,दूर,समीप
farawayness,closeness,दूरगामीपन,निकटता
farawayness,nearness,दूरगामीपन,निकटता
farness,closeness,फारसनेस,निकटता
farness,nearness,फारसनेस,निकटता
farsighted,myopic,दूरंदेश,कमबीन
farsighted,nearsighted,दूरंदेश,कमबीन
farsighted,shortsighted,दूरंदेश,अदूरदर्शा
farsightedness,myopia,दूरदर्शिता,खीस
farsightedness,nearsightedness,दूरदर्शिता,nearsightedness
farsightedness,shortsightedness,दूरदर्शिता,कमज़ोरता
fashionable,styleless,फैशनेबल,बिना स्टाइल का
fashionable,unfashionable,फैशनेबल,अफैशनवाला
fashionable,unstylish,फैशनेबल,अचूक
fashionably,unfashionably,फैशनेबल,अविभाज्य रूप से
fast,slow,तेज़,धीमी
fast lane,slow lane,तेज गति की लेन,धीमी गली
fast reactor,thermal reactor,फास्ट रिएक्टर,थर्मल रिएक्टर
fasten,unfasten,जकड़ना,विलंब करना
fastened,unbuttoned,जकड़ा हुआ।,खुला हुआ
fastened,unfastened,जकड़ा हुआ।,अनपेक्षित
fastened,untied,जकड़ा हुआ।,खुला
fastidious,unfastidious,दुराराध्य,अयोग्य
fastness,looseness,स्थिरता,ढील
fat,fat-free,मोटा,मोटा
fat,fatless,मोटा,बेतरतीब
fat,lean,मोटा,दुबला
fat,leanness,मोटा,लगन
fat,nonfat,मोटा,नोनफेट
fat,spareness,मोटा,विरूपता
fat,thin,मोटा,पतला
fat,thinness,मोटा,पतलेपन
fat person,scrag,मोटा,फुहार करना
fat person,skin and bones,मोटा,त्वचा और हड्डियां
fat person,thin person,मोटा,पतला व्यक्ति
fat-free,fat,मोटा,मोटा
fat-free,fatty,मोटा,वसायुक्त
fatal,nonfatal,घातक,अफ़शति संबंधी
father,female parent,पिता,मादा माता -पिता
father,mother,पिता,माँ
fathomable,unfathomable,थाह का,अपरिमेय
fatigue,freshen,थकान,तरोताजा
fatigue,refresh,थकान,ताज़ा
fatigue,refreshen,थकान,ताज़ा करना
fatless,fat,बेतरतीब,मोटा
fatless,fatty,बेतरतीब,वसायुक्त
fatness,leanness,मोटापा,लगन
fatness,spareness,मोटापा,विरूपता
fatness,thinness,मोटापा,पतलेपन
fatso,scrag,हमेशा के लिए,फुहार करना
fatso,skin and bones,हमेशा के लिए,त्वचा और हड्डियां
fatso,thin person,हमेशा के लिए,पतला व्यक्ति
fatty,fat-free,वसायुक्त,मोटा
fatty,fatless,वसायुक्त,बेतरतीब
fatty,nonfat,वसायुक्त,नोनफेट
fatty,scrag,वसायुक्त,टुकड़ा
fatty,skin and bones,वसायुक्त,त्वचा और हड्डियां
fatty,thin person,वसायुक्त,पतला व्यक्ति
fault,absolve,गलती,दोषमुक्त करना
fault,free,गलती,मुक्त
fault,justify,गलती,औचित्य
fault,merit,गलती,योग्यता
fault,virtue,गलती,गुण
fauna,botany,पशुवर्ग,वनस्पति विज्ञान
fauna,flora,पशुवर्ग,फ्लोरा
fauna,vegetation,पशुवर्ग,वनस्पति
favorable,unfavorable,अनुकूल,प्रतिकूल
favorable,unfavourable,अनुकूल,प्रतिकूल
favorableness,unfavorableness,पक्षपात,प्रतिकूलता
favorableness,unfavourableness,पक्षपात,अपरिचितता
favorably,unfavorably,कृपापूर्वक,प्रतिकूल
favorably,unfavourably,कृपापूर्वक,प्रतिकूल
favourable,unfavorable,अनुकूल,प्रतिकूल
favourable,unfavourable,अनुकूल,प्रतिकूल
favourableness,unfavorableness,अचूकता,प्रतिकूलता
favourableness,unfavourableness,अचूकता,अपरिचितता
favourably,unfavorably,कृपापूर्वक,प्रतिकूल
favourably,unfavourably,कृपापूर्वक,प्रतिकूल
fear,bravery,डर,वीरता
fear,fearlessness,डर,निर्भयता
fearful,brave,भयभीत,बहादुर
fearful,courageous,भयभीत,साहसी
fearfully,dauntlessly,भय सहित,बेधड़क
fearfully,fearlessly,भय सहित,बेधड़क
fearfully,intrepidly,भय सहित,निडरता
fearfulness,bravery,भयानकता,वीरता
fearfulness,fearlessness,भयानकता,निर्भयता
fearless,afraid,निडर,डरना
fearlessly,fearfully,बेधड़क,भय सहित
fearlessness,fear,निर्भयता,डर
fearlessness,fearfulness,निर्भयता,भयानकता
fearlessness,fright,निर्भयता,भय
feasibility,infeasibility,व्यवहार्यता,infeasibility
feasibility,unfeasibility,व्यवहार्यता,अयोग्यता
feasibleness,infeasibility,दासता,infeasibility
feasibleness,unfeasibility,दासता,अयोग्यता
feathered,featherless,पंख,बिना पंखों का
feathered,unfeathered,पंख,अनियंत्रित
featherless,feathered,बिना पंखों का,पंख
feature,lack,विशेषता,कमी
feature,miss,विशेषता,याद
febrile,afebrile,ज्वर-संबंधी,बुखार नहीं
fecundity,aridity,उपजाऊपन,शुष्कता
fecundity,barrenness,उपजाऊपन,दरिद्रता
fecundity,fruitlessness,उपजाऊपन,फलहीनता
fecundity,infertility,उपजाऊपन,बांझपन
fecundity,sterility,उपजाऊपन,शूरवीतता
federal,unitary,संघीय,अमली
feed,famish,खिलाना,भूखों मरना
feed,starve,खिलाना,भूखा
feeder,distributary,फीडर,शाखा
feelingly,unfeelingly,कृपापूर्वक,बेईमानी से
felicitous,infelicitous,परम सुखी,ख़राब
felicitously,infelicitously,सुख से,असंगत रूप से
felicitousness,infelicity,निष्ठा,अनमलता
felicity,infelicity,परम सुख,अनमलता
felicity,unhappiness,परम सुख,नाखुशी
fellow member,nonmember,साथी सदस्य,गैर - सदस्य
female,androgynous,महिला,उभयलिंगी
female,male,महिला,पुरुष
female,male person,महिला,पुरुष व्यक्ति
female aristocrat,male aristocrat,मादा अभिजात,पुरुष अभिजात
female child,boy,मादा बालक,लड़का
female child,male child,मादा बालक,पुरुष बच्चे
female monarch,Rex,मादा सम्राट,रेक्स
female monarch,king,मादा सम्राट,राजा
female monarch,male monarch,मादा सम्राट,नलशूल
female offspring,male offspring,मादा संतान,नर संतान
female offspring,man-child,मादा संतान,बालक
female parent,begetter,मादा माता -पिता,उकसाने वाला
female parent,father,मादा माता -पिता,पिता
female parent,male parent,मादा माता -पिता,पुरुष माता -पिता
female person,male,महिला व्यक्ति,पुरुष
female person,male person,महिला व्यक्ति,पुरुष व्यक्ति
female sibling,male sibling,महिला भाई -बहन,नर सिबलिंग
femaleness,maleness,मादापन,दुर्भावना
femaleness,masculinity,मादापन,बहादुरता
feminine,masculine,संज्ञा,मदार्ना
feminine,neuter,संज्ञा,नपुंसक
feminine,unwomanly,संज्ञा,बेईमान से
feminineness,maleness,नारीपन,दुर्भावना
feminineness,masculinity,नारीपन,बहादुरता
femininity,masculinity,स्रीत्व,बहादुरता
ferned,fernless,फ़र्न किया हुआ,बिना फर्ली
fernless,ferned,बिना फर्ली,फ़र्न किया हुआ
fernless,ferny,बिना फर्ली,फ़र्न का रूप का
ferny,fernless,फ़र्न का रूप का,बिना फर्ली
fertile,infertile,उपजाऊ,अनुपजाऊ
fertile,sterile,उपजाऊ,बाँझ
fertile,unfertile,उपजाऊ,अस्वाभाविक
fertility,infertility,उपजाऊपन,बांझपन
fertility,sterility,उपजाऊपन,शूरवीतता
fetch,bear away,लाना,दूर सहन
fetch,bear off,लाना,झालर लगाना
fetch,carry away,लाना,आगे ले जाएं
fetch,carry off,लाना,ले जाना
fetch,take away,लाना,ले लेना
feverish,afebrile,बुख़ारवाला,बुखार नहीं
few,many,कुछ,अनेक
fewer,more,से कम,अधिक
fewest,most,सबसे कम,अधिकांश
fictional,nonfictional,कल्पित,असंबद्ध
fidelity,infidelity,निष्ठा,बेवफ़ाई
fidelity,unfaithfulness,निष्ठा,अविश्वास
fig out,dress down,अंजीर,अनौपचारिक कपड़े पहनना
fig out,underdress,अंजीर,कमज़ोर करना
fig up,dress down,अंजीर,अनौपचारिक कपड़े पहनना
fig up,underdress,अंजीर,कमज़ोर करना
figurative,literal,आलंकारिक,शाब्दिक
figuratively,literally,आलंकारिक रूप से,अक्षरशः
figure,ground,आकृति,मैदान
file in,file out,में फाइल,फाइल करना
file out,file in,फाइल करना,में फाइल
filial,maternal,बेटा-संबंधी,मातृ
filial,parental,बेटा-संबंधी,पैतृक
filial,paternal,बेटा-संबंधी,पितृ -संबंधी
fill,discharge,भरना,स्राव होना
fill,empty,भरना,खाली
fill up,discharge,भर ले,स्राव होना
fill up,empty,भर ले,खाली
filled,unfilled,भरा हुआ,न भरे गए
finality,inconclusiveness,अन्तिम स्थिति,अनिर्णीतता
financial,nonfinancial,वित्तीय,अस्वाभाविक
find,lose,खोजो,खोना
fine,coarse,अच्छा,खुरदुरा
fine,harsh,अच्छा,कठोर
finely,coarsely,पतले,दरदरा
fingered,fingerless,उँगलियों,उंगली का
fingerless,fingered,उंगली का,उँगलियों
finish,begin,खत्म करना,शुरू
finish,beginning,खत्म करना,शुरुआत
finish,commencement,खत्म करना,प्रारंभ
finish,start,खत्म करना,शुरू
finished,unfinished,खत्म,अधूरा
finishing,beginning,परिष्करण,शुरुआत
finishing,commencement,परिष्करण,प्रारंभ
finishing,start,परिष्करण,शुरू
finite,infinite,परिमित,अनंत
finite,non-finite,परिमित,नॉन-इन
finitely,endlessly,परिमित,अंतहीन
finitely,infinitely,परिमित,असीम
finiteness,boundlessness,नियत्ता,अयोग्यता
finiteness,infiniteness,नियत्ता,अनन्तता
finiteness,infinitude,नियत्ता,अनंत
finiteness,limitlessness,नियत्ता,अमानवीयता
finiteness,unboundedness,नियत्ता,अनभिज्ञता
finitude,boundlessness,परिमितता,अयोग्यता
finitude,infiniteness,परिमितता,अनन्तता
finitude,infinitude,परिमितता,अनंत
finitude,limitlessness,परिमितता,अमानवीयता
finitude,unboundedness,परिमितता,अनभिज्ञता
fire,employ,आग,काम
fire,engage,आग,काम पर लगाना
fire,hire,आग,किराये पर लेना
firmness,irresoluteness,दृढ़ता,अचूकता
firmness,irresolution,दृढ़ता,दुबिधा
firmness,ricketiness,दृढ़ता,चटनी
firmness,unsoundness,दृढ़ता,कारण सीमित
firmness,unsteadiness,दृढ़ता,अनैतिकता
firmness of purpose,irresoluteness,उद्देश्य की दृढ़ता,अचूकता
firmness of purpose,irresolution,उद्देश्य की दृढ़ता,दुबिधा
first,end,पहला,अंत
first,ending,पहला,समाप्ति
first,last,पहला,अंतिम
first,middle,पहला,मध्य
first,second,पहला,दूसरा
first light,sundown,पहली बार प्रकाश,सूर्यास्त
first light,sunset,पहली बार प्रकाश,सूर्यास्त
fiscal,nonfinancial,राजकोषीय,अस्वाभाविक
fissile,nonfissile,चीरने योग्य,अखंड
fissile,nonfissionable,चीरने योग्य,अयोग्य
fissionable,nonfissionable,विखंडनीय,अयोग्य
fit,disaccord,उपयुक्त,अयुक्त
fit,disagree,उपयुक्त,असहमत
fit,discord,उपयुक्त,कलह
fit,unfit,उपयुक्त,अयोग्य
fit out,discase,योजना करना,निंदा करना
fit out,disrobe,योजना करना,नंगा करना
fit out,peel,योजना करना,छीलना
fit out,strip,योजना करना,पट्टी
fit out,strip down,योजना करना,छीन लेना
fit out,uncase,योजना करना,खोल देना
fit out,unclothe,योजना करना,पोशाक उतार लेना
fit out,undress,योजना करना,घर का कपड़ा
fitly,inappropriately,अनुकूल ढंग से,अनुपयुक्त
fitly,unsuitably,अनुकूल ढंग से,बेईमानी से
fitness,softness,उपयुक्तता,मृदुता
fitness,unfitness,उपयुक्तता,अयोग्यता
fittingly,inappropriately,संयोग,अनुपयुक्त
fittingly,unsuitably,संयोग,बेईमानी से
fittingness,unfitness,प्रतिष्ठितता,अयोग्यता
fix,break,हल करना,तोड़ना
fix,bust,हल करना,छाती
fix,unfasten,हल करना,विलंब करना
fixed,unfixed,तय,अधूरा
fixed-width font,proportional font,नियत-चौड़ाई वाला फ़ॉन्ट,आनुपातिक फ़ॉन्ट
fixedness,looseness,स्थिरता,ढील
fixity,looseness,स्थिरता,ढील
fixity,mutability,स्थिरता,अस्थिरता
fixity,mutableness,स्थिरता,संभोगता
fixture,looseness,स्थिरता,ढील
flake out,arouse,बाहर निकलना,उकसाना
flake out,awake,बाहर निकलना,जागना
flake out,awaken,बाहर निकलना,अवेकन
flake out,come alive,बाहर निकलना,जीवित आओ
flake out,wake,बाहर निकलना,जागो
flake out,wake up,बाहर निकलना,जागो
flake out,waken,बाहर निकलना,जागना
flash-forward,flashback,झलकी आगे,फ़्लैश बैक
flashback,flash-forward,फ़्लैश बैक,झलकी आगे
flat,contrasty,समतल,विरोधाभास
flat,indirectly,समतल,परोक्ष रूप से
flat,natural,समतल,प्राकृतिक
flat,sharp,समतल,तीखा
flat-bellied,bellied,चपटा,पेट वाले
flatten,sharpen,समतल,पैना
flatter,belittle,चापलूसी,कम हो जाना
flatter,disparage,चापलूसी,उपेक्षा करना
flatter,pick at,चापलूसी,उठाना
flattering,uncomplimentary,चापलूसी,अपूर्ण
flattering,unflattering,चापलूसी,अनाकर्षक
flawlessness,imperfection,शुचिता,अपूर्णता
flawlessness,imperfectness,शुचिता,अपूर्णता
fledged,immature,विकसित,अपरिपक्व
fledged,unfledged,विकसित,पंखहीन
fleece,undercharge,ऊन,हलकी तरफ मुकदमा चलाना
flesh out,abbreviate,मांस बाहर,संक्षिप्त
flesh out,abridge,मांस बाहर,संक्षेप करना
flesh out,contract,मांस बाहर,अनुबंध
flesh out,cut,मांस बाहर,काटना
flesh out,foreshorten,मांस बाहर,पूर्वाभास
flesh out,reduce,मांस बाहर,कम करना
flesh out,shorten,मांस बाहर,इस प्रकार छोटा
flex,straighten,मोड़ना,सीधा
flex,unbend,मोड़ना,असंतुलित
flexibility,inflexibility,FLEXIBILITY,दृढ़ता
flexibility,inflexibleness,FLEXIBILITY,अनम्यता
flexibility,intractability,FLEXIBILITY,अकड़
flexibility,intractableness,FLEXIBILITY,अंतरंगता
flexibility,rigidity,FLEXIBILITY,कठोरता
flexibility,rigidness,FLEXIBILITY,कठोरता
flexible,inflexible,लचीला,अनम्य
flexible,sturdy,लचीला,तगड़ा
flexible,uncompromising,लचीला,सीधा
flexibleness,inflexibility,लचीलापन,दृढ़ता
flexibleness,inflexibleness,लचीलापन,अनम्यता
flexibleness,rigidity,लचीलापन,कठोरता
flexibleness,rigidness,लचीलापन,कठोरता
flexibly,inflexibly,लचीलेपन,अनमोल रूप से
flexile,inflexible,लचीला,अनम्य
flexion,extension,मोड़,विस्तार
flexor,extensor,फ्लेक्सर,प्रसारक
flexor,extensor muscle,फ्लेक्सर,एक्सटेंसर मांसपेशी
flexor muscle,extensor,फ्लेफ़ोर मांसपेशी,प्रसारक
flexor muscle,extensor muscle,फ्लेफ़ोर मांसपेशी,एक्सटेंसर मांसपेशी
flexure,extension,मोड़,विस्तार
flightless bird,carinate,न उड़ सकने वाला पक्षी,नरम करना
flightless bird,carinate bird,न उड़ सकने वाला पक्षी,बर्ड
flightless bird,flying bird,न उड़ सकने वाला पक्षी,उड़ते पक्षी
flimsy,convincing,तार,ठोस
float,go down,तैरना,नीचे जाना
float,go under,तैरना,के नीचे जाना
float,settle,तैरना,निपटारा करना
float,sink,तैरना,डूबना
flood,ebbtide,बाढ़,ईबीबीटीआईडी
flood tide,ebbtide,बाढ़ का ज्वार,ईबीबीटीआईडी
floored,ceilinged,फर्श,छत
flora,fauna,फ्लोरा,पशुवर्ग
flora,zoology,फ्लोरा,जूलॉजी
flowering,flowerless,कुसुमित,फूल
flowering,nonflowering,कुसुमित,अखरोट
flowerless,flowering,फूल,कुसुमित
fluency,disfluency,प्रवाह,असंगति
flunk,make it,फुहार,इसे बनाएं
flunk,pass,फुहार,उत्तीर्ण
flunk,passing,फुहार,पासिंग
flunk,qualifying,फुहार,क्वालीफाइंग
flush it,make it,इसे फ्लश करें,इसे बनाएं
flush it,pass,इसे फ्लश करें,उत्तीर्ण
flying bird,flightless bird,उड़ते पक्षी,न उड़ सकने वाला पक्षी
flying bird,ratite,उड़ते पक्षी,रोटाइट
flying bird,ratite bird,उड़ते पक्षी,रोटाइट पक्षी
focalise,blear,केंद्र,नासाफ
focalise,blur,केंद्र,कलंक
focalise,dim,केंद्र,धुंधला
focalise,slur,केंद्र,कलंक
focalize,blear,फोकल करना,नासाफ
focalize,blur,फोकल करना,कलंक
focalize,dim,फोकल करना,धुंधला
focalize,slur,फोकल करना,कलंक
focus,blear,केंद्र,नासाफ
focus,blur,केंद्र,कलंक
focus,dim,केंद्र,धुंधला
focus,slur,केंद्र,कलंक
focused,unfocused,केंद्रित,विकेन्द्रित
focused,unfocussed,केंद्रित,अयोग्य
focussed,unfocused,ध्यान केंद्रित,विकेन्द्रित
focussed,unfocussed,ध्यान केंद्रित,अयोग्य
foe,ally,दुश्मन,मित्र
foe,friend,दुश्मन,दोस्त
fogginess,distinctness,कुहरापन,स्पष्टता
fogginess,sharpness,कुहरापन,कुशाग्रता
fold,open,तह करना,खुला
fold,open up,तह करना,खुलना
fold,spread,तह करना,फैलाना
fold,spread out,तह करना,छितराया हुआ
fold,unfold,तह करना,उधेड़ना
fold up,open,तह करो,खुला
fold up,spread,तह करो,फैलाना
fold up,spread out,तह करो,छितराया हुआ
fold up,unfold,तह करो,उधेड़ना
follow,antecede,अनुसरण करना,के पिछले
follow,antedate,अनुसरण करना,गर्भवती
follow,come before,अनुसरण करना,इससे पहले आओ
follow,forego,अनुसरण करना,त्याघना
follow,forgo,अनुसरण करना,त्यागना
follow,lead,अनुसरण करना,नेतृत्व करना
follow,precede,अनुसरण करना,पूर्व में होना
follow,predate,अनुसरण करना,पहले बन
follower,leader,पालन ​​करने वाला,नेता
following,leading,अगले,अग्रणी
folly,wisdom,FOLLY,बुद्धि
folly,wiseness,FOLLY,बुद्धिमानता
foolish,wise,मूर्ख,ढंग
foolishly,sagely,मूर्खता से,संत जैसी
foolishly,wisely,मूर्खता से,बुद्धिमानी से
foolishness,wisdom,बेवकूफी,बुद्धि
foolishness,wiseness,बेवकूफी,बुद्धिमानता
foot,head,पैर,सिर
footed,footless,टांगों,बेढब
footless,footed,बेढब,टांगों
for good,temporarily,गुड के लिए,अस्थायी रूप से
forbear,act,पूर्वज,कार्य
forbear,move,पूर्वज,कदम
forbearance,impatience,सहनशीलता,अधीरता
forbid,allow,ना करे,अनुमति दें
forbid,countenance,ना करे,मुखाकृति
forbid,let,ना करे,होने देना
forbid,permit,ना करे,आज्ञा देना
force,draw,बल,खींचना
force,force,बल,बल
force,pull,बल,खींचो
force,push,बल,धकेलना
force back,attract,बल वापस लाना,आकर्षित करना
force back,draw,बल वापस लाना,खींचना
force back,draw in,बल वापस लाना,खिंचा गया
force back,pull,बल वापस लाना,खींचो
force back,pull in,बल वापस लाना,समीप करना
force out,employ,बलपूर्वक बाहर निकालो,काम
force out,engage,बलपूर्वक बाहर निकालो,काम पर लगाना
force out,hire,बलपूर्वक बाहर निकालो,किराये पर लेना
forceful,forceless,सशक्त,बिना शक्ति का
forceful,unforceful,सशक्त,असंगत
forceless,forceful,बिना शक्ति का,सशक्त
fore,abaft,आगे का,जहाज़ की पतवार की ओर
fore,aft,आगे का,पिछाड़ी
fore,astern,आगे का,पीछे की ओर
foredate,postdate,पूर्वाभास,पोस्ट करने की तारीख
forego,arrogate,त्याघना,हथियाना
forego,claim,त्याघना,दावा
forego,follow,त्याघना,अनुसरण करना
forego,lay claim,त्याघना,दावा करना
forego,postdate,त्याघना,पोस्ट करने की तारीख
foregone conclusion,precariousness,पूर्वनिश्चित फ़ैसला,पराधीनता
foregone conclusion,uncertainness,पूर्वनिश्चित फ़ैसला,अनिश्चितता
foregone conclusion,uncertainty,पूर्वनिश्चित फ़ैसला,अनिश्चितता
foreground,background,अग्रभाग,पृष्ठभूमि
foreground,downplay,अग्रभाग,नीचे गिरना
foreground,play down,अग्रभाग,कम करके दिखाना
forehand,backhand,पहला भाग,बैकहैंड
forehand,backhanded,पहला भाग,व्यंग भरी
forehanded,backhand,माथा,बैकहैंड
forehanded,backhanded,माथा,व्यंग भरी
foreign,domestic,विदेश,घरेलू
foreign,native,विदेश,देशी
foreigner,citizen,परदेशी,नागरिक
foreignness,nativeness,विदेशीता,नटखट
forepart,back end,शिर,पीछे की ओर
forepart,backside,शिर,पीठ
forepart,rear,शिर,पिछला
foreshorten,dilate,पूर्वाभास,चौड़ा करना
foreshorten,elaborate,पूर्वाभास,विस्तार में बताना
foreshorten,enlarge,पूर्वाभास,बड़े आकार में
foreshorten,expand,पूर्वाभास,बढ़ाना
foreshorten,expatiate,पूर्वाभास,लंबी-चौड़ी बातें बढ़ाना
foreshorten,exposit,पूर्वाभास,अनावृत
foreshorten,expound,पूर्वाभास,व्याख्या करना
foreshorten,flesh out,पूर्वाभास,मांस बाहर
foreshorten,lucubrate,पूर्वाभास,बीतना
forfeit,arrogate,अर्थदंड,हथियाना
forfeit,claim,अर्थदंड,दावा
forfeit,lay claim,अर्थदंड,दावा करना
forget,bear in mind,भूल जाओ,ध्यान में रखो
forget,call back,भूल जाओ,वापस बुलाओ
forget,call up,भूल जाओ,कॉल करें
forget,mind,भूल जाओ,दिमाग
forget,recall,भूल जाओ,याद करना
forget,recollect,भूल जाओ,स्मरण करना
forget,remember,भूल जाओ,याद करना
forget,retrieve,भूल जाओ,पुनः प्राप्त करना
forget,think,भूल जाओ,सोचना
forget,think of,भूल जाओ,के बारे में सोचें
forgetful,aware,भुलक्कड़,जागरूक
forgetful,long,भुलक्कड़,लंबा
forgetful,mindful,भुलक्कड़,सावधान
forgetful,recollective,भुलक्कड़,याद करने वाला
forgetful,retentive,भुलक्कड़,धारणा शक्तिवाला
forgetful,tenacious,भुलक्कड़,दृढ़
forgettable,unforgettable,भूलने योग्य,अविस्मरणीय
forgivably,inexcusably,माफ करते हुए,अक्षम्य
forgivably,unforgivably,माफ करते हुए,अक्षम्य
forgivably,unpardonably,माफ करते हुए,अनभिज्ञता से
forgiving,unforgiving,दयालु,माफ
forgivingly,unforgivingly,फफूंदते हुए,अनहोनी से
forgo,arrogate,त्यागना,हथियाना
forgo,claim,त्यागना,दावा
forgo,follow,त्यागना,अनुसरण करना
forgo,lay claim,त्यागना,दावा करना
forgo,postdate,त्यागना,पोस्ट करने की तारीख
formal,informal,औपचारिक,अनौपचारिक
formalise,annul,सजाना,अन्त करना
formalise,avoid,सजाना,टालना
formalise,invalidate,सजाना,अमान्य
formalise,nullify,सजाना,मंसूख़
formalise,quash,सजाना,मिटा देना
formalise,void,सजाना,खालीपन
formalism,imitation,नियम-निष्ठता,नकल
formality,informality,औपचारिकता,अनौपचारिकता
formalize,annul,सजाना,अन्त करना
formalize,avoid,सजाना,टालना
formalize,invalidate,सजाना,अमान्य
formalize,nullify,सजाना,मंसूख़
formalize,quash,सजाना,मिटा देना
formalize,void,सजाना,खालीपन
formally,informally,औपचारिक रूप से,अनौपचारिक रूप से
formalness,informality,औपचारिकता,अनौपचारिकता
formed,unformed,बनाया,बेडौल
former,latter,पूर्व,बाद वाला
forrad,back,क्रांति,पीछे
forrad,backward,क्रांति,पिछड़ा
forrad,backwards,क्रांति,पीछे की ओर
forrad,rearward,क्रांति,चरम
forrad,rearwards,क्रांति,पीछे की ओर
forrard,back,धरना,पीछे
forrard,backward,धरना,पिछड़ा
forrard,backwards,धरना,पीछे की ओर
forrard,rearward,धरना,चरम
forrard,rearwards,धरना,पीछे की ओर
forte,piano,प्रधान गुण,पियानो
forte,soft,प्रधान गुण,कोमल
forte,softly,प्रधान गुण,नरमी से
forte,weak point,प्रधान गुण,कमजोर बिंदु
fortify,demilitarise,मज़बूत,ग़ैरफ़ौजीकरण करना
fortify,demilitarize,मज़बूत,ग़ैरफ़ौजीकरण करना
fortify,disarm,मज़बूत,वश में कर लेना
fortify,weaken,मजबूत,कमजोर
fortissimo,pianissimo,बहुत मजबूत,पियानसिमो
fortissimo,very softly,बहुत मजबूत,बहुत धीरे से
fortuitously,alas,अनायास,हाय
fortuitously,regrettably,अनायास,अफसोस
fortuitously,unfortunately,अनायास,दुर्भाग्य से
fortuitously,unluckily,अनायास,unluckily
fortunate,unfortunate,सौभाग्यशाली,दुर्भाग्यपूर्ण
fortunately,alas,सौभाग्य से,हाय
fortunately,regrettably,सौभाग्य से,अफसोस
fortunately,unfortunately,सौभाग्य से,दुर्भाग्य से
fortunately,unluckily,सौभाग्य से,unluckily
forward,abaft,आगे,जहाज़ की पतवार की ओर
forward,aft,आगे,पिछाड़ी
forward,astern,आगे,पीछे की ओर
forward,back,आगे,पीछे
forward,backward,आगे,पिछड़ा
forward,backwards,आगे,पीछे की ओर
forward,rearward,आगे,चरम
forward,rearwards,आगे,पीछे की ओर
forward,reverse,आगे,रिवर्स
forward motion,retreat,आगे की गति,पीछे हटना
forwards,back,आगे,पीछे
forwards,backward,आगे,पिछड़ा
forwards,backwards,आगे,पीछे की ओर
forwards,rearward,आगे,चरम
forwards,rearwards,आगे,पीछे की ओर
fossorial,cursorial,जीवाणु,धावी
foul,fair,गलत नहीं,गोरा
foul,unclog,गलत नहीं,खोलना
foul ball,fair ball,फाउल बॉल,निष्पक्ष गेंद
found,abolish,मिला,समाप्त करना
found,get rid of,मिला,से छुटकारा
found,lost,मिला,खो गया
four-footed,biped,चौपाया,दो पैरों का
four-footed,bipedal,चौपाया,द्विपाद
four-footed,two-footed,चौपाया,दोपैरवाला
fraction,multiply,अंश,गुणा
fractional,whole,आंशिक,साबुत
fragrant,ill-smelling,सुगंधित,बीमार महक
fragrant,malodorous,सुगंधित,कुशलता -संबंधी
fragrant,malodourous,सुगंधित,कुरूप
fragrant,stinky,सुगंधित,बदबूदार
fragrant,unpleasant-smelling,सुगंधित,अप्रिय-महक वाला
frail,robust,अनैतिक,मज़बूत
framed,unframed,फंसाया,अपरिचित
fraternal,identical,भाईचारे का,समान
fraternal,monovular,भाईचारे का,मोनोव्युलर
fraternal,sisterlike,भाईचारे का,बहन के समान
fraternal,sisterly,भाईचारे का,प्रेमपूर्ण
fraternal,sororal,भाईचारे का,एक प्रकार का
free,apply,मुक्त,आवेदन करना
free,blame,मुक्त,दोष
free,block,मुक्त,अवरोध पैदा करना
free,bound,मुक्त,अवश्यंभावी
free,close up,मुक्त,क्लोज़ अप
free,confine,मुक्त,सीमित
free,deposit,मुक्त,जमा
free,detain,मुक्त,गिरफ्तारी
free,enforce,मुक्त,लागू
free,fault,मुक्त,गलती
free,freeze,मुक्त,जमाना
free,immobilise,मुक्त,विस्मरण करना
free,immobilize,मुक्त,स्थिर
free,impede,मुक्त,बाधा
free,implement,मुक्त,अमल में लाना
free,jam,मुक्त,जाम
free,lodge,मुक्त,लोड करना
free,obstruct,मुक्त,बाधा डालती
free,obturate,मुक्त,डाटना
free,occlude,मुक्त,रोक देना
free,stick,मुक्त,चिपकना
free,unfree,मुक्त,बेकार कर देना
free,wedge,मुक्त,कील
free enterprise,non-market economy,मुक्त उद्यम,गैर-बाजार अर्थव्यवस्था
free state,slave state,मुक्त अवस्था,दास राज्य
free-lance,salaried,मुक्त लांस,वेतनभोगी
freelance,salaried,फ्रीलांस,वेतनभोगी
freeze,boil,जमाना,उबलना
freeze,free,जमाना,मुक्त
freeze,release,जमाना,मुक्त करना
freeze,unblock,जमाना,अनब्लॉ
freeze,unfreeze,जमाना,अनफ़्रीज़
frequent,boycott,अक्सर,बहिष्कार
frequent,infrequent,अक्सर,निराला
frequently,infrequently,बार-बार,कभी कभी
frequently,rarely,बार-बार,कभी-कभार
frequently,seldom,बार-बार,कभी-कभी
fresh,preserved,ताजा,संरक्षित
fresh,salty,ताजा,नमकीन
fresh,stale,ताजा,बासी
fresh water,brine,ताजा पानी,ब्राइन
fresh water,saltwater,ताजा पानी,नमक का पानी
fresh water,seawater,ताजा पानी,समुद्री जल
freshen,fag,तरोताजा,धुम्रपान
freshen,fag out,तरोताजा,बाहर निकलना
freshen,fatigue,तरोताजा,थकान
freshen,jade,तरोताजा,जेड
freshen,outwear,तरोताजा,घिसना
freshen,tire,तरोताजा,थका देना
freshen,tire out,तरोताजा,थका दो
freshen,wear,तरोताजा,घिसाव
freshen,wear down,तरोताजा,मिटना
freshen,wear out,तरोताजा,थकना
freshen,wear upon,तरोताजा,उछालना
freshen,weary,तरोताजा,थका
freshness,staleness,ताजगी,बासांपन
freshwater,brine,मीठे पानी,ब्राइन
freshwater,saltwater,मीठे पानी,नमक का पानी
freshwater,seawater,मीठे पानी,समुद्री जल
fretted,unfretted,नक्काशीदार,अनिर्दिष्ट
friend,alien,दोस्त,विदेशी
friend,enemy,दोस्त,दुश्मन
friend,foe,दोस्त,दुश्मन
friend,stranger,दोस्त,अजनबी
friend,unknown,दोस्त,अज्ञात
friendliness,unfriendliness,मित्रता,अव्यवस्थितता
friendly,hostile,दोस्ताना,शत्रुतापूर्ण
friendly,unfriendly,दोस्ताना,अमित्र
fright,bravery,भय,वीरता
fright,fearlessness,भय,निर्भयता
frigidity,heat,फ्रिक,गर्मी
frigidity,high temperature,फ्रिक,उच्च तापमान
frigidity,hotness,फ्रिक,hotness
frigidness,heat,भयावहता,गर्मी
frigidness,high temperature,भयावहता,उच्च तापमान
frigidness,hotness,भयावहता,hotness
frivolity,earnestness,निरर्थक व्यापार,ईमानदारी
frivolity,serious-mindedness,निरर्थक व्यापार,गंभीरता
frivolity,seriousness,निरर्थक व्यापार,गंभीरता
frivolity,sincerity,निरर्थक व्यापार,ईमानदारी
frivolous,serious,तुच्छ,गंभीर
frivolousness,earnestness,तुच्छता,ईमानदारी
frivolousness,serious-mindedness,तुच्छता,गंभीरता
frivolousness,seriousness,तुच्छता,गंभीरता
frivolousness,sincerity,तुच्छता,ईमानदारी
front,back,सामने,पीछे
front,back end,सामने,पीछे की ओर
front,backside,सामने,पीठ
front,rear,सामने,पिछला
front burner,back burner,फ्रंट बर्नर,ठंडे बस्ते में
front end,back end,फ़्रंट एंड,पीछे की ओर
front end,backside,फ़्रंट एंड,पीठ
front end,rear,फ़्रंट एंड,पिछला
frontward,back,सामने का,पीछे
frontward,backward,सामने का,पिछड़ा
frontward,backwards,सामने का,पीछे की ओर
frontward,rearward,सामने का,चरम
frontward,rearwards,सामने का,पीछे की ओर
frontwards,back,आगे की ओर,पीछे
frontwards,backward,आगे की ओर,पिछड़ा
frontwards,backwards,आगे की ओर,पीछे की ओर
frontwards,rearward,आगे की ओर,चरम
frontwards,rearwards,आगे की ओर,पीछे की ओर
frozen,unfrozen,जमा हुआ,फ़्रीज़
fruitful,unfruitful,उपयोगी,अनभिज्ञ
fruitfully,fruitlessly,लाभकारी,बेकारी
fruitfully,unproductively,लाभकारी,असुरक्षित रूप से
fruitfully,unprofitably,लाभकारी,लाभरहित
fruitfulness,aridity,परिपूर्णता,शुष्कता
fruitfulness,barrenness,परिपूर्णता,दरिद्रता
fruitfulness,fruitlessness,परिपूर्णता,फलहीनता
fruitlessly,fruitfully,बेकारी,लाभकारी
fruitlessly,productively,बेकारी,उत्पादकता
fruitlessly,profitably,बेकारी,सफलता से
fruitlessness,fecundity,फलहीनता,उपजाऊपन
fruitlessness,fruitfulness,फलहीनता,परिपूर्णता
fueled,unfueled,ईंधन,अयोग्य
fulfil,fall short of,पूरा,कम होना
fulfill,fall short of,पूरा,कम होना
full,empty,भरा हुआ,खाली
full,thin,भरा हुआ,पतला
full,wane,भरा हुआ,पतन
full-term,premature,पूर्ण अवधि,असामयिक
full-time,half-time,पूरा समय,आधा समय
full-time,part-time,पूरा समय,पार्ट टाईम
full-time,parttime,पूरा समय,पार्ट टाईम
fullness,emptiness,पूर्णता,शून्यता
fully,meagerly,पूरी तरह,बहुत
fully,meagrely,पूरी तरह,बहुत
fully,slenderly,पूरी तरह,फुहार से
fully,sparingly,पूरी तरह,किफ़ायत से
function,malfunction,समारोह,खराबी
function,misfunction,समारोह,गलतफहमी
functional,nonfunctional,कार्यात्मक,अक्रिय
functional,organic,कार्यात्मक,जैविक
functional disorder,organic disorder,कार्यात्मक विकार,कार्बनिक विकार
functioning,malfunctioning,कामकाज,खराब
functioning,nonfunctional,कामकाज,अक्रिय
funded,unfunded,वित्त पोषित,उड़ाऊ
fungibility,unexchangeability,फंग करने की योग्यता,अनियंत्रितता
furbish up,break,फुर्तीला करना,तोड़ना
furbish up,bust,फुर्तीला करना,छाती
furnished,unfurnished,सुसज्जित,बिना असबाब
furrowed,unfurrowed,फुर्तीला,उछालना
fuse,defuse,फ्यूज,को शांत
future,past,भविष्य,अतीत
future,past times,भविष्य,बीता हुआ समय
future,present,भविष्य,उपस्थित
future,yesteryear,भविष्य,पहल साल
futurity,nowness,भविष्यकाल,नवीनी
futurity,past,भविष्यकाल,अतीत
futurity,past times,भविष्यकाल,बीता हुआ समय
futurity,pastness,भविष्यकाल,चराई
futurity,presentness,भविष्यकाल,उपदेश
futurity,yesteryear,भविष्यकाल,पहल साल
fuzziness,distinctness,फिजूलपन,स्पष्टता
fuzziness,sharpness,फिजूलपन,कुशाग्रता
gabled,hipped,नुकीला,म्लान
gain,drop off,पाना,बाहर निकलना
gain,fall back,पाना,मैदान छोड़ना
gain,fall behind,पाना,पिछड़ना
gain,lose,पाना,खोना
gain,lose weight,पाना,वजन कम करना
gain,loss,पाना,नुकसान
gain,melt off,पाना,पिघलना
gain,recede,पाना,दूर जाना
gain,red,पाना,लाल
gain,red ink,पाना,लाल स्याही
gain,reduce,पाना,कम करना
gain,slenderize,पाना,पतला हो जाना
gain,slim,पाना,छरहरा
gain,slim down,पाना,स्लिम नीचे
gain,thin,पाना,पतला
gain ground,drop off,जमीन,बाहर निकलना
gain ground,fall back,जमीन,मैदान छोड़ना
gain ground,fall behind,जमीन,पिछड़ना
gain ground,lose,जमीन,खोना
gain ground,recede,जमीन,दूर जाना
gainfulness,unprofitability,लाभ,अपव्यवस्था
gainfulness,unprofitableness,लाभ,निष्फल
gallantly,unchivalrously,मर्दानी,अचूक रूप से
galvanic cell,electrolytic cell,बिजली उत्पन्न करनेवाली सेल,इलेक्ट्रोलाइटिक कोशिका
garb,discase,परिधान,निंदा करना
garb,disrobe,परिधान,नंगा करना
garb,peel,परिधान,छीलना
garb,strip,परिधान,पट्टी
garb,strip down,परिधान,छीन लेना
garb,uncase,परिधान,खोल देना
garb,unclothe,परिधान,पोशाक उतार लेना
garb,undress,परिधान,घर का कपड़ा
garment,discase,गारमेंट,निंदा करना
garment,disrobe,गारमेंट,नंगा करना
garment,peel,गारमेंट,छीलना
garment,strip,गारमेंट,पट्टी
garment,strip down,गारमेंट,छीन लेना
garment,uncase,गारमेंट,खोल देना
garment,unclothe,गारमेंट,पोशाक उतार लेना
garment,undress,गारमेंट,घर का कपड़ा
garner,distribute,संचित करना,वितरित करना
garner,spread,संचित करना,फैलाना
gaseous,liquid,गैसीय,तरल
gaseous,solid,गैसीय,ठोस
gather,distribute,इकट्ठा करना,वितरित करना
gather,spread,इकट्ठा करना,फैलाना
gathered,uncollected,इकट्ठा,अनियंत्रित
gathered,ungathered,इकट्ठा,N'trounded करो
gathering,disassembly,सभा,disassembly
gathering,dismantlement,सभा,गिराना
gathering,dismantling,सभा,ध्वस्त
gaucherie,urbanity,भद्दापन,शहतीसता
gayly,unhappily,समलैंगिक रूप से,दुख
gazump,undercharge,गजप,हलकी तरफ मुकदमा चलाना
geared,ungeared,गियर,अचूक
general,local,सामान्य,स्थानीय
general,particular,सामान्य,विशिष्ट
general,specific,सामान्य,विशिष्ट
general agent,special agent,सामान्य एजेंट,विशेष एजेंट
general verdict,special verdict,सामान्य फैसला,विशेष निर्णय
generalise,particularise,सामान्यीकरण,विशेष रूप से
generalise,particularize,सामान्यीकरण,गिनती करना
generalise,specialise,सामान्यीकरण,विशेषज्ञ
generalise,specialize,सामान्यीकरण,विशेषज्ञ
generalise,specify,सामान्यीकरण,निर्दिष्ट करना
generalist,specialiser,सामान्य,माहिर
generalist,specialist,सामान्य,SPECIALIST
generalist,specializer,सामान्य,विशेषज्ञ
generality,particularity,व्यापकता,ख़ासियत
generality,specialness,व्यापकता,विशेषता
generalize,particularise,सामान्यीकरण,विशेष रूप से
generalize,particularize,सामान्यीकरण,गिनती करना
generalize,specialise,सामान्यीकरण,विशेषज्ञ
generalize,specialize,सामान्यीकरण,विशेषज्ञ
generalize,specify,सामान्यीकरण,निर्दिष्ट करना
generally,narrowly,आम तौर पर,बाल बाल
generally,specifically,आम तौर पर,विशेष रूप से
generative,consumptive,उत्पादक,तपेदिक़-संबंधी
generic,varietal,सामान्य,varietal
generic,varietal wine,सामान्य,वैरिएटल वाइन
generic drug,brand-name drug,प्रजातिगत दवा,ब्रांड-नाम दवा
generic drug,proprietary drug,प्रजातिगत दवा,स्वामित्व दवा
generic wine,varietal,सामान्य शराब,varietal
generic wine,varietal wine,सामान्य शराब,वैरिएटल वाइन
generosity,stinginess,उदारता,लोभ
generous,meanspirited,उदार,कंजूस
generous,stingy,उदार,कंजूस
generous,ungenerous,उदार,अनभिज्ञ
generousness,stinginess,उदारता,लोभ
gentleness,abruptness,सौम्यता,आकस्मिकता
gentleness,precipitousness,सौम्यता,अवसाद
gentleness,steepness,सौम्यता,ढलवाँपन
genuine,counterfeit,असली,नकली
genuine,imitative,असली,कृत्रिम
genuineness,spuriousness,असलियत,चंचलता
geocentric,heliocentric,पृथ्वी को केन्द्र मानकर विचार किया हुआ,सूर्य केंद्रीय
geographic,magnetic,ज्योग्राफिक,चुंबकीय
geographical,magnetic,भौगोलिक,चुंबकीय
geometrically,linearly,ज्यामितीय,रैखिक
germfree,germy,रोगाणु,कीटाणु
germy,germfree,कीटाणु,रोगाणु
get,bear away,पाना,दूर सहन
get,bear off,पाना,झालर लगाना
get,carry away,पाना,आगे ले जाएं
get,carry off,पाना,ले जाना
get,end,पाना,अंत
get,go away,पाना,दूर जाओ
get,go forth,पाना,आगे बढ़ो
get,leave,पाना,छुट्टी
get,take away,पाना,ले लेना
get,terminate,पाना,बर्खास्त
get ahead,drop off,आगे बढ़ना,बाहर निकलना
get ahead,fall back,आगे बढ़ना,मैदान छोड़ना
get ahead,fall behind,आगे बढ़ना,पिछड़ना
get ahead,lose,आगे बढ़ना,खोना
get ahead,recede,आगे बढ़ना,दूर जाना
get along,regress,मिल कर रहो,निकासी
get along,retrograde,मिल कर रहो,पतित
get along,retrogress,मिल कर रहो,पतन में होना
get down,bring up,नीचे उतरो,ऊपर लाना
get down,elate,नीचे उतरो,आप रहते हैं
get down,elevate,नीचे उतरो,ऊपर उठाना
get down,end,नीचे उतरो,अंत
get down,get up,नीचे उतरो,उठना
get down,intoxicate,नीचे उतरो,नशा
get down,lift,नीचे उतरो,उठाना
get down,lift up,नीचे उतरो,उठाना
get down,pick up,नीचे उतरो,उठाना
get down,raise,नीचे उतरो,उठाना
get down,terminate,नीचे उतरो,बर्खास्त
get down,uplift,नीचे उतरो,उत्थान
get dressed,discase,कपड़े पहनो,निंदा करना
get dressed,disrobe,कपड़े पहनो,नंगा करना
get dressed,peel,कपड़े पहनो,छीलना
get dressed,strip,कपड़े पहनो,पट्टी
get dressed,strip down,कपड़े पहनो,छीन लेना
get dressed,uncase,कपड़े पहनो,खोल देना
get dressed,unclothe,कपड़े पहनो,पोशाक उतार लेना
get dressed,undress,कपड़े पहनो,घर का कपड़ा
get going,halt,जाने देना,पड़ाव
get going,stop,जाने देना,रुकना
get in,exit,अंदर आना,बाहर निकलना
get in,get out,अंदर आना,चले जाओ
get in,go out,अंदर आना,बाहर जाना
get in,leave,अंदर आना,छुट्टी
get in,pull out,अंदर आना,बाहर खींचें
get into,exit,में मिलता है,बाहर निकलना
get into,get out,में मिलता है,चले जाओ
get into,go out,में मिलता है,बाहर जाना
get into,leave,में मिलता है,छुट्टी
get off,bestride,उतर जाओ,प्रतियोगिता
get off,board,उतर जाओ,तख़्ता
get off,climb on,उतर जाओ,चढ़ना
get off,get on,उतर जाओ,मिल कर रहना
get off,hop on,उतर जाओ,चढ़ना
get off,jump on,उतर जाओ,कूदना
get off,mount,उतर जाओ,पर्वत
get off,mount up,उतर जाओ,चढ़ाना
get on,get off,मिल कर रहना,उतर जाओ
get on,hop out,मिल कर रहना,रोकना
get on,regress,मिल कर रहना,निकासी
get on,retrograde,मिल कर रहना,पतित
get on,retrogress,मिल कर रहना,पतन में होना
get out,come in,चले जाओ,अंदर आएं
get out,draw in,चले जाओ,खिंचा गया
get out,enter,चले जाओ,प्रवेश करना
get out,get in,चले जाओ,अंदर आना
get out,get into,चले जाओ,में मिलता है
get out,go in,चले जाओ,में जाना
get out,go into,चले जाओ,अंदर जाएं
get out,move in,चले जाओ,में स्थानांतरित
get out,move into,चले जाओ,में स्थानांतरित
get out,pull in,चले जाओ,समीप करना
get over,get worse,उबर पाना,बदतर हो
get over,relapse,उबर पाना,पतन
get rid of,establish,से छुटकारा,स्थापित करना
get rid of,found,से छुटकारा,मिला
get rid of,launch,से छुटकारा,शुरू करना
get rid of,set up,से छुटकारा,स्थापित करना
get up,bed,उठना,बिस्तर
get up,bring down,उठना,उतार देना
get up,crawl in,उठना,रेंगना
get up,dress down,उठना,अनौपचारिक कपड़े पहनना
get up,get down,उठना,नीचे उतरो
get up,go to bed,उठना,सोने जाओ
get up,go to sleep,उठना,सो जाओ
get up,hit the hay,उठना,घास का मारो
get up,hit the sack,उठना,बोरी को मार
get up,kip down,उठना,झपकी लेना
get up,let down,उठना,निराशा
get up,lie,उठना,झूठ
get up,lie down,उठना,लेट जाओ
get up,lower,उठना,निचला
get up,retire,उठना,रिटायर
get up,sack out,उठना,बोरी से बाहर निकलना
get up,sit,उठना,बैठना
get up,sit down,उठना,बैठना
get up,take down,उठना,नीचे करें
get up,turn in,उठना,अन्दर की ओर मोड़ना
get up,underdress,उठना,कमज़ोर करना
get well,get worse,ठीक हो जाओ,बदतर हो
get well,relapse,ठीक हो जाओ,पतन
get worse,bounce back,बदतर हो,उछलकर वापस आना
get worse,get over,बदतर हो,उबर पाना
get worse,get well,बदतर हो,ठीक हो जाओ
get-go,end,शुरुआत से,अंत
get-go,ending,शुरुआत से,समाप्ति
get-go,middle,शुरुआत से,मध्य
gibe,disaccord,आंदोलनों,अयुक्त
gibe,disagree,आंदोलनों,असहमत
gibe,discord,आंदोलनों,कलह
gifted,talentless,उपहार में दिया,अनाड़ी
gifted,untalented,उपहार में दिया,असंबद्ध
gill-less,branchiate,कमज़ोर,काम करना
gill-less,gilled,कमज़ोर,गरम किया हुआ
gilled,abranchial,गरम किया हुआ,शानदार
gilled,abranchiate,गरम किया हुआ,अखिल
gilled,abranchious,गरम किया हुआ,अयोग्य
gilled,gill-less,गरम किया हुआ,कमज़ोर
gird,demilitarise,बांधना,ग़ैरफ़ौजीकरण करना
gird,demilitarize,बांधना,ग़ैरफ़ौजीकरण करना
gird,disarm,बांधना,वश में कर लेना
girl,boy,लड़की,लड़का
girl,male child,लड़की,पुरुष बच्चे
girl,son,लड़की,पुत्र
give,famish,देना,भूखों मरना
give,starve,देना,भूखा
give,take,देना,लेना
give notice,employ,नोटिस देना,काम
give notice,engage,नोटिस देना,काम पर लगाना
give notice,hire,नोटिस देना,किराये पर लेना
give off,absorb,छोड़ना,अवशोषित करना
give off,take in,छोड़ना,ले लेना
give out,absorb,बांट दें,अवशोषित करना
give out,take in,बांट दें,ले लेना
give suck,bottlefeed,चूसना,बॉटल से पिलाना
give the axe,employ,कुल्हाड़ी देना,काम
give the axe,engage,कुल्हाड़ी देना,काम पर लगाना
give the axe,hire,कुल्हाड़ी देना,किराये पर लेना
give the sack,employ,छुट्टी करदो,काम
give the sack,engage,छुट्टी करदो,काम पर लगाना
give the sack,hire,छुट्टी करदो,किराये पर लेना
give up,arrogate,छोड़ देना,हथियाना
give up,bear on,छोड़ देना,स्म्भालो
give up,carry on,छोड़ देना,जारी रखो
give up,claim,छोड़ देना,दावा
give up,continue,छोड़ देना,जारी रखना
give up,enter,छोड़ देना,प्रवेश करना
give up,hold out,छोड़ देना,प्रतिरोध करना
give up,lay claim,छोड़ देना,दावा करना
give up,participate,छोड़ देना,हिस्सा लेना
give up,preserve,छोड़ देना,संरक्षित करना
give up,resist,छोड़ देना,प्रतिरोध करना
give up,stand firm,छोड़ देना,खड़े हो जाना
give up,uphold,छोड़ देना,कायम रखना
give up,withstand,छोड़ देना,का सामना
give-up the ghost,be born,भूत देना,पैदा हो
glad,sad,खुश,उदास
gladden,sadden,प्रसन्न करना,काला बनाना
glassed,glassless,कांचदार,कांच के बिना
glassed,unglazed,कांचदार,अनियंत्रित
glassless,glassed,कांच के बिना,कांचदार
glassless,glazed,कांच के बिना,चमकता हुआ
glazed,glassless,चमकता हुआ,कांच के बिना
glazed,unglazed,चमकता हुआ,अनियंत्रित
gleefully,joylessly,प्रसन्नतापूर्वक,बिना खुशी
glorious,inglorious,यशस्वी,लज्जाजनक
gloved,gloveless,दस्ताने,ख़ुशी
gloveless,gloved,ख़ुशी,दस्ताने
gluttonous,abstemious,भक्षक,निरंकुश
glycerolise,deglycerolise,ग्लिसरोलिस,विक्रेता
glycerolise,deglycerolize,ग्लिसरोलिस,विक्रेता
glycerolize,deglycerolise,ग्लिसरोलिस करना,विक्रेता
glycerolize,deglycerolize,ग्लिसरोलिस करना,विक्रेता
gnostic,agnostic,शान-संबंधी,अज्ञेयवाद का
gnostic,agnostical,शान-संबंधी,अज्ञेय संबंधी
go,be born,जाना,पैदा हो
go,come,जाना,आना
go,come up,जाना,आएं
go,halt,जाना,पड़ाव
go,malfunction,जाना,खराबी
go,misfunction,जाना,गलतफहमी
go,no-go,जाना,नही जाओ
go,stay in place,जाना,जगह पर रहना
go,stop,जाना,रुकना
go against,conform to,खिलाफ जाना,के अनुरूप
go against,keep,खिलाफ जाना,रखना
go against,observe,खिलाफ जाना,निरीक्षण
go along,discontinue,साथ जाना,बंद
go away,appear,दूर जाओ,के जैसा लगना
go away,arrive,दूर जाओ,आना
go away,come,दूर जाओ,आना
go away,come up,दूर जाओ,आएं
go away,get,दूर जाओ,पाना
go down,arise,नीचे जाना,उठना
go down,ascend,नीचे जाना,Ascend
go down,come up,नीचे जाना,आएं
go down,float,नीचे जाना,तैरना
go down,go up,नीचे जाना,ऊपर जाना
go down,lift,नीचे जाना,उठाना
go down,move up,नीचे जाना,बढ़ाना
go down,rise,नीचे जाना,उठना
go down,swim,नीचे जाना,तैरना
go down,uprise,नीचे जाना,असुरक्षित
go for,decline,के लिए जाओ,गिरावट
go for,refuse,के लिए जाओ,अस्वीकार करना
go forth,arrive,आगे बढ़ो,आना
go forth,come,आगे बढ़ो,आना
go forth,get,आगे बढ़ो,पाना
go in,exit,में जाना,बाहर निकलना
go in,get out,में जाना,चले जाओ
go in,go out,में जाना,बाहर जाना
go in,leave,में जाना,छुट्टी
go into,exit,अंदर जाएं,बाहर निकलना
go into,get out,अंदर जाएं,चले जाओ
go into,go out,अंदर जाएं,बाहर जाना
go into,leave,अंदर जाएं,छुट्टी
go off,burst,भाग जाओ,फोड़ना
go off,come on,भाग जाओ,चलो भी
go off,come up,भाग जाओ,आएं
go off,explode,भाग जाओ,विस्फोट करना
go off,go on,भाग जाओ,जारी रखें
go on,discontinue,जारी रखें,बंद
go on,draw back,जारी रखें,वापस आ जाना
go on,go off,जारी रखें,भाग जाओ
go on,move back,जारी रखें,वापस जाना
go on,pull away,जारी रखें,दूर करना
go on,pull back,जारी रखें,ठहराना
go on,recede,जारी रखें,दूर जाना
go on,retire,जारी रखें,रिटायर
go on,retreat,जारी रखें,पीछे हटना
go on,withdraw,जारी रखें,निकालना
go out,come in,बाहर जाना,अंदर आएं
go out,enter,बाहर जाना,प्रवेश करना
go out,get in,बाहर जाना,अंदर आना
go out,get into,बाहर जाना,में मिलता है
go out,go in,बाहर जाना,में जाना
go out,go into,बाहर जाना,अंदर जाएं
go out,move into,बाहर जाना,में स्थानांतरित
go to,miss,जाओ,याद
go to bed,arise,सोने जाओ,उठना
go to bed,get up,सोने जाओ,उठना
go to bed,rise,सोने जाओ,उठना
go to bed,turn out,सोने जाओ,उपस्थित होना
go to bed,uprise,सोने जाओ,असुरक्षित
go to sleep,arise,सो जाओ,उठना
go to sleep,get up,सो जाओ,उठना
go to sleep,rise,सो जाओ,उठना
go to sleep,turn out,सो जाओ,उपस्थित होना
go to sleep,uprise,सो जाओ,असुरक्षित
go under,ascend,के नीचे जाना,Ascend
go under,come up,के नीचे जाना,आएं
go under,float,के नीचे जाना,तैरना
go under,rise,के नीचे जाना,उठना
go under,swim,के नीचे जाना,तैरना
go under,uprise,के नीचे जाना,असुरक्षित
go up,come down,ऊपर जाना,नीचे आओ
go up,descend,ऊपर जाना,उतरना
go up,fall,ऊपर जाना,गिरना
go up,go down,ऊपर जाना,नीचे जाना
go wrong,bring home the bacon,उल्टा जाओ,वेतन कमाने वाला
go wrong,come through,उल्टा जाओ,के द्वारा आएं
go wrong,deliver the goods,उल्टा जाओ,माल वितरित करना
go wrong,succeed,उल्टा जाओ,सफल होना
go wrong,win,उल्टा जाओ,जीतना
godlessness,godliness,नास्तिकता,देवभक्ति
godlessness,theism,नास्तिकता,थेइज़्म
godliness,godlessness,देवभक्ति,नास्तिकता
godliness,ungodliness,देवभक्ति,अभक्ति
good,bad,अच्छा,खराब
good,badly,अच्छा,बुरी तरह से
good,badness,अच्छा,बुराई
good,evil,अच्छा,बुराई
good,evilness,अच्छा,बुराई
good,ill,अच्छा,बीमार
good,poorly,अच्छा,खराब
good egg,bad egg,अच्छा अंडा,बुरे अंडा
good fortune,bad luck,शुभ भविष्य,खराब किस्मत
good fortune,ill luck,शुभ भविष्य,मुसीबत
good fortune,misfortune,शुभ भविष्य,दुर्भाग्य
good fortune,tough luck,शुभ भविष्य,दुर्भाग्य
good guy,bad guy,अच्छा लड़का,बुरा आदमी
good health,health problem,अच्छा स्वास्थ्य,स्वास्थ्य समस्या
good health,ill health,अच्छा स्वास्थ्य,बीमार स्वास्थ्य
good health,unhealthiness,अच्छा स्वास्थ्य,अस्वास्थ्यकरता
good humor,distemper,अच्छी मनोवृत्ति,एक प्रकार का रंग
good humor,ill humor,अच्छी मनोवृत्ति,असभ्य हास्य
good humor,ill humour,अच्छी मनोवृत्ति,असभ्य हास्य
good humour,distemper,अच्छा हास्य,एक प्रकार का रंग
good humour,ill humor,अच्छा हास्य,असभ्य हास्य
good humour,ill humour,अच्छा हास्य,असभ्य हास्य
good luck,bad luck,आपको कामयाबी मिले,खराब किस्मत
good luck,ill luck,आपको कामयाबी मिले,मुसीबत
good luck,misfortune,आपको कामयाबी मिले,दुर्भाग्य
good luck,tough luck,आपको कामयाबी मिले,दुर्भाग्य
good manners,discourtesy,शिष्टाचार,असभ्यता
good manners,rudeness,शिष्टाचार,अशिष्टता
good nature,ill nature,अच्छा स्व्भाव,अशिष्ट स्वभाव
good part,soft spot,अच्छा हिस्सा,नरम स्थान
good part,weak part,अच्छा हिस्सा,कमजोर भाग
good part,weak spot,अच्छा हिस्सा,कमजोर स्थान
good person,bad person,अच्छा व्यक्ति,बुरे व्यक्ति
good spirit,cacodaemon,अच्छी भावना,कैकोडेमन
good spirit,cacodemon,अच्छी भावना,कैकोडमोन
good temper,distemper,अच्छा गुस्सा,एक प्रकार का रंग
good temper,ill humor,अच्छा गुस्सा,असभ्य हास्य
good temper,ill humour,अच्छा गुस्सा,असभ्य हास्य
good weather,bad weather,अच्छा मौसम,खराब मौसम
good weather,inclemency,अच्छा मौसम,सख़्ती
good weather,inclementness,अच्छा मौसम,अवलोकन
good-natured,ill-natured,सुगंधित,बद
good-neighborliness,unneighborliness,अच्छा-पड़ोसी,बेकार
good-neighbourliness,unneighborliness,अच्छी तरह से,बेकार
goodness,bad,अच्छाई,खराब
goodness,badness,अच्छाई,बुराई
goodness,evil,अच्छाई,बुराई
goodness,evilness,अच्छाई,बुराई
govern,deregulate,को नियंत्रित करने वाले,नियंत्रण मुक्त
grace,unseemliness,अनुग्रह,अनभिज्ञता
graceful,awkward,सुंदर,अजीब
gracefully,gracelessly,इनायत से,बेरहमी से
gracefully,ungracefully,इनायत से,अनभिज्ञता से
gracefully,ungraciously,इनायत से,असभ्य रूप से
gracefully,woodenly,इनायत से,लकड़ी से
gracefulness,awkwardness,गुण,भद्दापन
gracefulness,clumsiness,गुण,भद्दापन
gracelessly,gracefully,बेरहमी से,इनायत से
gracelessly,graciously,बेरहमी से,विनय से
gracious,ungracious,विनीत,नमकहराम
graciously,gracelessly,विनय से,बेरहमी से
graciously,ungracefully,विनय से,अनभिज्ञता से
graciously,ungraciously,विनय से,असभ्य रूप से
graciously,woodenly,विनय से,लकड़ी से
graciousness,malignance,कृपा,घातक
graciousness,malignancy,कृपा,द्रोह
graciousness,malignity,कृपा,द्रोह
graciousness,ungraciousness,कृपा,असभ्यता
gradual,steep,क्रमिक,खड़ी
gradual,sudden,क्रमिक,अचानक
gradualness,abruptness,क्रमिकता,आकस्मिकता
gradualness,precipitousness,क्रमिकता,अवसाद
gradualness,steepness,क्रमिकता,ढलवाँपन
grammatical,ill-formed,व्याकरण,बीमार का गठन
grammatical,ungrammatical,व्याकरण,अव्याकरणिक
grammatical construction,misconstruction,व्याकरणिक निर्माण,अवसाद
grammatically,ungrammatically,व्याकरण की दृष्टि से,बिना किसी
grand larceny,petit larceny,बहुत बड़ी चोरी,पेटिट लार्सेन्स
grand larceny,petty,बहुत बड़ी चोरी,क्षुद्र
grand larceny,petty larceny,बहुत बड़ी चोरी,क्षुद्रता
grand theft,petit larceny,बहुत बड़ी चोरी,पेटिट लार्सेन्स
grand theft,petty,बहुत बड़ी चोरी,क्षुद्र
grand theft,petty larceny,बहुत बड़ी चोरी,क्षुद्रता
grant,deny,अनुदान,अस्वीकार करना
grant,refuse,अनुदान,अस्वीकार करना
granter,withholder,दानेदार,रोकनेवाला
granular,achondritic,बारीक,एक प्रकार का
grassless,grassy,घास का,हरा
grassy,grassless,हरा,घास का
grateful,thankless,आभारी,अकृतज्ञ
grateful,ungrateful,आभारी,अहसान फरामोश
grateful,unthankful,आभारी,नमकहराम
gratefully,unappreciatively,कृतज्ञता से,बेकार
gratefully,ungratefully,कृतज्ञता से,कट्टरता से
gratify,dissatisfy,घूस देना,नाराज़ करना
gratitude,ingratitude,कृतज्ञता,कृतघ्नता
gratitude,ungratefulness,कृतज्ञता,अकृतज्ञता
gravitation,levitation,आकर्षण-शक्ति,उत्तोलन
gravity,levity,गुरुत्वाकर्षण,छिछोरापन
gravity bomb,smart bomb,गुरुत्वाकर्षण बम,स्मार्ट बम
greased,ungreased,तेल,अचूक
greased,unlubricated,तेल,अछूता हुआ
greater,lesser,ग्रेटर,कमतर
green,mature,हरा,परिपक्व
green,ripe,हरा,पका हुआ
greenness,ripeness,हरीपन,सिद्धता
gregarious,ungregarious,झुण्ड में रहनेवाला,असंबद्ध
grime,clean,जमी हुई कीट,साफ
grime,make clean,जमी हुई कीट,साफ करना
groomed,ungroomed,तैयार,अनियंत्रित
gross,net,कुल,जाल
gross,nett,कुल,जाल
ground,figure,मैदान,आकृति
ground stroke,volley,ग्राउंड स्ट्रोक,फ़ायर
growing,nondevelopment,बढ़ती,अव्यवस्थित
grownup,juvenile,बड़ा हुआ,किशोर
grownup,juvenile person,बड़ा हुआ,किशोर व्यक्ति
growth,decrease,विकास,घटाना
growth,decrement,विकास,घटती
growth,nondevelopment,विकास,अव्यवस्थित
grudgingly,ungrudgingly,अनिच्छा से,अपूर्वार से
guided,unguided,गाइडेड,बिना मार्गदर्शन
guilt,innocence,अपराध,बेगुनाही
guiltiness,innocence,अपराधबोध,बेगुनाही
guiltless,guilty,बेगुनाह,अपराधी
guilty,clean-handed,अपराधी,स्वच्छ
guilty,guiltless,अपराधी,बेगुनाह
guilty,innocent,अपराधी,मासूम
gusseted,ungusseted,गूढ़,अचूक
gussy up,dress down,गपशप करना,अनौपचारिक कपड़े पहनना
gussy up,underdress,गपशप करना,कमज़ोर करना
gutless,gutsy,बिना आक्रामक,साहसी
gutless,plucky,बिना आक्रामक,हिम्मती
gutlessness,gutsiness,आक्रामकता,कुशलता
gutlessness,pluck,आक्रामकता,साहस
gutlessness,pluckiness,आक्रामकता,चंचलता
gutsiness,gutlessness,कुशलता,आक्रामकता
gutsy,gutless,साहसी,बिना आक्रामक
habilitate,discase,हबील,निंदा करना
habilitate,disrobe,हबील,नंगा करना
habilitate,peel,हबील,छीलना
habilitate,strip,हबील,पट्टी
habilitate,strip down,हबील,छीन लेना
habilitate,uncase,हबील,खोल देना
habilitate,unclothe,हबील,पोशाक उतार लेना
habilitate,undress,हबील,घर का कपड़ा
habit-forming,nonaddictive,आदत बनाने,अविभाज्य
haired,hairless,बालों वाली,गंजा
hairiness,hairlessness,हैक्स,हिरन
hairless,haired,गंजा,बालों वाली
hairless,hairy,गंजा,बालदार
hairless,hirsute,गंजा,झबरा
hairlessness,hairiness,हिरन,हैक्स
hairlessness,pilosity,हिरन,पिलोपन
hairy,hairless,बालदार,गंजा
half,whole,आधा,साबुत
half-time,full-time,आधा समय,पूरा समय
hallow,deconsecrate,पवित्र,विघटन करना
hallow,desecrate,पवित्र,अपवित्रा
hallow,unhallow,पवित्र,अनहोनी
halt,get going,पड़ाव,जाने देना
halt,go,पड़ाव,जाना
halt,start,पड़ाव,शुरू
ham,underact,जांघ,कम करना
ham,underplay,जांघ,कम करना
ham it up,underact,हैम इट अप,कम करना
ham it up,underplay,हैम इट अप,कम करना
hand mower,motor mower,हाथ की घास काटने वाला,मोटर घास काटने वाला
hand mower,power mower,हाथ की घास काटने वाला,पावर घास काटने की मशीन
hand-crafted,machine-made,हाथ से तैयार,मशीन-निर्मित
hand-wash,machine wash,हाथ से धोना,मशीन की धुलाई
hand-wash,machine-wash,हाथ से धोना,मशीन की धुलाई
handed,handless,सौंप दिया,बिना हाथ का
handily,inconveniently,हाथ से,बेढंगेपन
handiness,inaccessibility,हाथ,अप्राप्यता
handiness,unavailability,हाथ,अनुपलब्धता
handled,handleless,संभाला,बेतरतीब
handleless,handled,बेतरतीब,संभाला
handless,handed,बिना हाथ का,सौंप दिया
handmade,machine-made,हस्तनिर्मित,मशीन-निर्मित
handwash,machine wash,हाथ से ढँकना,मशीन की धुलाई
handwash,machine-wash,हाथ से ढँकना,मशीन की धुलाई
haploid,diploid,अगुणित,द्विगुणित
haploid,polyploid,अगुणित,बहुपक्षीय
haploidic,diploid,हपचेरिक,द्विगुणित
haploidic,polyploid,हपचेरिक,बहुपक्षीय
happen,dematerialise,होना,डिमैटरलिस करना
happen,dematerialize,होना,अवमूल्य करना
happily,sadly,आनंद से,दुखी होकर
happily,unhappily,आनंद से,दुख
happiness,sadness,ख़ुशी,उदासी
happiness,unhappiness,ख़ुशी,नाखुशी
happy,unhappy,खुश,अप्रसन्न
hard,diffuse,मुश्किल,बिखरा हुआ
hard,diffused,मुश्किल,दूर तक फैला हुआ
hard,easy,मुश्किल,आसान
hard,lightly,मुश्किल,हलकी हलकी
hard,soft,मुश्किल,कोमल
hard,sonant,मुश्किल,आवाज़
hard,voiced,मुश्किल,गूंजनेवाला
hard drug,soft drug,कठोर दवा,मुलायम दवा
hard water,soft water,कठोर जल,नरम पानी
hardball,softball,हार्डबॉल,सॉफ्टबॉल
hardball,softball game,हार्डबॉल,सॉफ्टबॉल खेल
harden,soften,कठोर बनाना,नरम
hardened,soft,कठोर,कोमल
hardened,unhardened,कठोर,अघोषित
hardened,untempered,कठोर,असंस्कारित
hardhearted,soft-boiled,कठोर मन,उबला हुआ
hardhearted,softhearted,कठोर मन,सभ्य
hardihood,timidity,वीरता,कातरता
hardihood,timorousness,वीरता,समय-समय पर
hardiness,timidity,साहस,कातरता
hardiness,timorousness,साहस,समय-समय पर
hardness,softness,कठोरता,मृदुता
hardware,computer software,हार्डवेयर,कंप्यूटर सॉफ्टवेयर
hardware,package,हार्डवेयर,पैकेट
hardware,software,हार्डवेयर,सॉफ़्टवेयर
hardware,software package,हार्डवेयर,सॉफ़्टवेयर पैकेज
hardware,software program,हार्डवेयर,सॉफ़्टवेयर प्रोग्राम
hardware,software system,हार्डवेयर,सॉफ़्टवेयर तंत्र
harmful,harmless,हानिकारक,हानिरहित
harmfully,harmlessly,हानिकारक,कोई हानि पहुंचाए बिना
harmless,harmful,हानिरहित,हानिकारक
harmlessly,detrimentally,कोई हानि पहुंचाए बिना,हानिकारकतापूर्वक
harmlessly,harmfully,कोई हानि पहुंचाए बिना,हानिकारक
harmlessly,noxiously,कोई हानि पहुंचाए बिना,अशिष्टता से
harmonic,nonharmonic,लयबद्ध,बिना
harmonious,inharmonious,सामंजस्यपूर्ण,बेसुरा
harmonious,unharmonious,सामंजस्यपूर्ण,बेमेल
harmony,dissonance,सद्भाव,मतभेद
harness,unharness,दोहन,खोलना
harsh,fine,कठोर,अच्छा
hasten,dawdle,जल्दी करना,डर्मल
hasten,linger,जल्दी करना,झपकी लेना
hastily,unhurriedly,जल्दी से,अयोग्य ढंग से
hate,love,घृणा,प्यार
hateful,lovable,घृणित,प्यारा
hateful,loveable,घृणित,अयोग्य
hatless,hatted,बिना हैट,नफरत वाला
hatred,love,घृणा,प्यार
hatted,hatless,नफरत वाला,बिना हैट
have,abstain,पास होना,बचना
have,decline,पास होना,गिरावट
have,desist,पास होना,रोकना
have,lack,पास होना,कमी
have,miss,पास होना,याद
have,pass up,पास होना,हाथ से जाने देना
have,refrain,पास होना,रोकना
have,refuse,पास होना,अस्वीकार करना
have,reject,पास होना,अस्वीकार करना
have,turn down,पास होना,अस्वीकार करें
hawk,dove,बाज़,कबूतर
hawk,peacenik,बाज़,युद्ध कामुख़ालिफ़
hawkishness,dovishness,झगड़ाहट,मताधर्म
head,foot,सिर,पैर
head,rear,सिर,पिछला
head,tail,सिर,पूँछ
headed,headless,अध्यक्षता,नेतृत्वहीन
headed,unheaded,अध्यक्षता,अचूक
headless,headed,नेतृत्वहीन,अध्यक्षता
health,illness,स्वास्थ्य,बीमारी
health,malady,स्वास्थ्य,रोग
health,sickness,स्वास्थ्य,रोग
health,unwellness,स्वास्थ्य,असमानता
health problem,good health,स्वास्थ्य समस्या,अच्छा स्वास्थ्य
health problem,healthiness,स्वास्थ्य समस्या,स्वास्थ्यवर्धकता
healthful,insanitary,स्वस्थ,अस्वास्थ्यकर
healthful,unhealthful,स्वस्थ,अस्वाभाविक
healthful,unsanitary,स्वस्थ,मैला
healthfulness,unhealthfulness,स्वास्थ्यप्रदता,अस्वीकृति
healthiness,health problem,स्वास्थ्यवर्धकता,स्वास्थ्य समस्या
healthiness,ill health,स्वास्थ्यवर्धकता,बीमार स्वास्थ्य
healthiness,unhealthiness,स्वास्थ्यवर्धकता,अस्वास्थ्यकरता
healthy,unhealthy,स्वस्थ,बीमार
hearable,inaudible,सुगंधित,अश्राव्य
hearable,unhearable,सुगंधित,अनभिज्ञ
hearing,deaf,सुनवाई,बहरा
hearten,dishearten,प्रशंसा करना,उत्साह भंग करना
hearten,put off,प्रशंसा करना,बंद करो
heartless,soft-boiled,बेरहम,उबला हुआ
heartless,softhearted,बेरहम,सभ्य
heat,anestrum,गर्मी,एक प्रकार का होना
heat,anestrus,गर्मी,एक प्रकार का
heat,anoestrum,गर्मी,वंशावली
heat,anoestrus,गर्मी,एक प्रकार का
heat,chill,गर्मी,सर्द
heat,cold,गर्मी,ठंडा
heat,coldness,गर्मी,शीतलता
heat,cool,गर्मी,ठंडा
heat,cool down,गर्मी,शांत हो जाओ
heat,frigidity,गर्मी,फ्रिक
heat,frigidness,गर्मी,भयावहता
heat,low temperature,गर्मी,हल्का तापमान
heat up,chill,गरम करना,सर्द
heat up,cool,गरम करना,ठंडा
heat up,cool down,गरम करना,शांत हो जाओ
heat-absorbing,exothermal,गर्मी अवशोषित,एक्ज़ोथिर्मिक
heat-absorbing,exothermic,गर्मी अवशोषित,एक्ज़ोथिर्मिक
heat-absorbing,heat-releasing,गर्मी अवशोषित,गर्मी जारी
heat-releasing,endothermal,गर्मी जारी,एंडोथर्मल
heat-releasing,endothermic,गर्मी जारी,एन्दोठेर्मिक
heat-releasing,heat-absorbing,गर्मी जारी,गर्मी अवशोषित
heavenly,earthly,स्वर्गीय,सांसारिक
heavily,lightly,भारी,हलकी हलकी
heaviness,lightness,जड़ता,लपट
heaviness,weightlessness,जड़ता,भारहीनता
heavy,light,भारी,रोशनी
heavy-duty,light-duty,अत्यधिक टिकाऊ,भार रहित
heavy-footed,light-footed,भारी टांगों,हल्के से
heed,heedlessness,सावधानी,अनवधानता
heed,inattentiveness,सावधानी,अशिष्टता
heedful,heedless,सावधान,असावधान
heedful,unheeding,सावधान,बेपरवाह
heedfully,inadvertently,सावधानी से,अनजान
heedfully,unknowingly,सावधानी से,अनजाने में
heedfully,unmindfully,सावधानी से,बेमिसाल से
heedfully,unwittingly,सावधानी से,बेइरादा
heedfulness,heedlessness,ध्यान,अनवधानता
heedfulness,inadvertence,ध्यान,अनजान
heedfulness,inadvertency,ध्यान,अनजानता
heedfulness,unmindfulness,ध्यान,असभ्यता
heedless,attentive,असावधान,सचेत
heedless,heedful,असावधान,सावधान
heedless,paying attention,असावधान,ध्यान देना
heedless,thoughtful,असावधान,विचारमग्न
heedlessness,attentiveness,अनवधानता,सावधानी
heedlessness,heed,अनवधानता,सावधानी
heedlessness,heedfulness,अनवधानता,ध्यान
heedlessness,mindfulness,अनवधानता,सचेतन
heedlessness,paying attention,अनवधानता,ध्यान देना
heedlessness,regard,अनवधानता,संबद्ध
heir apparent,heir presumptive,उत्तराधिकारी,उत्तराधिकारी
heir presumptive,heir apparent,उत्तराधिकारी,उत्तराधिकारी
heliocentric,geocentric,सूर्य केंद्रीय,पृथ्वी को केन्द्र मानकर विचार किया हुआ
helpful,unhelpful,मददगार,अनुपयोगी
helpfully,unhelpfully,काम आते हुए,अनियंत्रित रूप से
herbivorous,carnivorous,तृणभक्षी,मांसभक्षी
herbivorous,insectivorous,तृणभक्षी,कीट खानेवाला
herbivorous,omnivorous,तृणभक्षी,सर्व-भक्षक
here,at that place,यहाँ,उस स्थान पर
here,in that location,यहाँ,उस स्थान पर
here,there,यहाँ,वहाँ
here,thither,यहाँ,उधर
hereafter,past,इस के बाद,अतीत
hereafter,past times,इस के बाद,बीता हुआ समय
hereafter,yesteryear,इस के बाद,पहल साल
hereditarianism,environmentalism,वंशानुगतता,पर्यावरणवाद
hereness,thereness,भयावहता,सुसंगतता
heresy,orthodoxy,पाषंड,ओथडोक्सी
heritable,nonheritable,पैतृक,अखंड
heritable,noninheritable,पैतृक,अखंड
hesitantly,unhesitatingly,हिचहिचाकर,दृढ़तापूर्वक
hesitatingly,unhesitatingly,हिचहिचाकर,दृढ़तापूर्वक
heterocercal,homocercal,विषम,समरूपता
heterocercal fin,homocercal fin,विषम,होमोकार्सल फिन
heterodactyl,zygodactyl,हेटेरोडैक्टाइल,ज़ीगोडैक्टाइल
heterodactyl foot,zygodactyl foot,हेटेरोडैक्टाइल फुट,ज़ीगोडैक्टाइल फुट
heterodoxy,orthodoxy,विधर्म,ओथडोक्सी
heteroecious,autoecious,विषम,स्वाभाविक
heteroecious,homoecious,विषम,एक प्रकार का
heterogeneity,homogeneity,विविधता,समरूपता
heterogeneity,homogeneousness,विविधता,समरूपता
heterogeneous,autogenic,विजातीय,शराबी
heterogeneous,autogenous,विजातीय,गैस से झाल लगाना
heterogeneous,homogeneous,विजातीय,सजातीय
heterogeneous,homogenous,विजातीय,समरूप
heterogeneousness,homogeneity,विषमता,समरूपता
heterogeneousness,homogeneousness,विषमता,समरूपता
heterogenous,autogenic,विषम,शराबी
heterogenous,autogenous,विषम,गैस से झाल लगाना
heterogenous,homogeneous,विषम,सजातीय
heterogenous,homogenous,विषम,समरूप
heterologic,analogous,हेटेरोलॉजिकल,अनुरूप
heterologic,homologous,हेटेरोलॉजिकल,मुताबिक़
heterological,analogous,विषमलैंगिक,अनुरूप
heterological,homologous,विषमलैंगिक,मुताबिक़
heterologous,analogous,heterologous,अनुरूप
heterologous,autologous,heterologous,ऑटोलॉगस
heterologous,homologous,heterologous,मुताबिक़
heterosexual,bisexual,हेटेरोसेक्सयल,उभयलिंगी
heterosexual,homosexual,हेटेरोसेक्सयल,समलैंगिक
heterotrophic,autophytic,परपोषी,आठ -संबंधी
heterotrophic,autotrophic,परपोषी,स्वपोषी
heterozygosity,homozygosity,विषमयुग्मजी,समरूपता
heterozygous,homozygous,विषमयुग्मजी,समयुग्मक
heuristic,algorithmic,अनुमानी,एल्गोरिथम
hi-tech,low-tech,उच्च तकनीक,कम तकनीक
hibernate,aestivate,सीतनिद्रा में होना,सौंदर्य करना
hibernate,estivate,सीतनिद्रा में होना,ग्रीष्मकालिन
hide,show,छिपाना,दिखाओ
hie,dawdle,जल्दी करना,डर्मल
hie,linger,जल्दी करना,झपकी लेना
hierarchal,nonhierarchic,पदानुक्रम,अनहित
hierarchal,nonhierarchical,पदानुक्रम,अनहिन्दी
hierarchic,nonhierarchic,पदानुक्रमिक,अनहित
hierarchic,nonhierarchical,पदानुक्रमिक,अनहिन्दी
hierarchical,nonhierarchic,श्रेणीबद्ध,अनहित
hierarchical,nonhierarchical,श्रेणीबद्ध,अनहिन्दी
high,low,उच्च,कम
high,low spirits,उच्च,कम स्पिरिट्स
high,low-pitched,उच्च,अकुशादा
high blood pressure,hypotension,उच्च रक्तचाप,अल्प रक्त-चाप
high explosive,low explosive,उच्च विस्फोटक,कम विस्फोटक
high frequency,low frequency,उच्च आवृत्ति,कम बार होना
high frequency,low pitch,उच्च आवृत्ति,कम पिच
high pitch,low frequency,उच्च पिच,कम बार होना
high pitch,low pitch,उच्च पिच,कम पिच
high quality,inferiority,उच्च गुणवत्ता,हीनता
high quality,low quality,उच्च गुणवत्ता,खराब क्वालिटी
high relief,bas relief,उच्च राहत,आधार राहत
high relief,basso relievo,उच्च राहत,कम प्रासंगिकता
high relief,basso rilievo,उच्च राहत,कम राहत
high relief,low relief,उच्च राहत,कम राहत
high sea,territorial waters,उच्च समुद्र,प्रादेशिक जल
high season,off-season,व्यस्त अवधि,मौसम के बाद या पहले
high status,low status,ऊंचा ओहदा,निम्न स्थिति
high status,lowliness,ऊंचा ओहदा,दीनता
high status,lowness,ऊंचा ओहदा,भयावह
high temperature,cold,उच्च तापमान,ठंडा
high temperature,coldness,उच्च तापमान,शीतलता
high temperature,frigidity,उच्च तापमान,फ्रिक
high temperature,frigidness,उच्च तापमान,भयावहता
high temperature,low temperature,उच्च तापमान,हल्का तापमान
high tide,low tide,ज्वार,कम ज्वार
high tide,low water,ज्वार,निचला पानी
high water,low tide,उच्च जल,कम ज्वार
high water,low water,उच्च जल,निचला पानी
high-interest,low-interest,भारी ब्याज,निम्न ब्याज
high-pitched,low,अनिमेष,कम
high-pitched,low-pitched,अनिमेष,अकुशादा
high-resolution,low-resolution,उच्च संकल्प,कम रिज़ॉल्यूशन
high-rise,low-rise,गगनचुंबी इमारत,कम ऊंचाई वाला
high-sudsing,low-sudsing,उच्च sudsing,कम sudsing
high-tech,low-tech,हाई टेक,कम तकनीक
high-tension,low-tension,उच्च तनाव,कम तनाव
high-tension,low-voltage,उच्च तनाव,कम वोल्टेज
higher up,at a lower place,ऊंचे,एक निचले स्थान पर
higher up,below,ऊंचे,नीचे
higher up,beneath,ऊंचे,नीचे
higher up,to a lower place,ऊंचे,एक निचले स्थान पर
higher-up,inferior,ऊंचे,अवर
highland,lowland,अधित्यका,समतल नीचा भूमि
highlight,background,प्रमुखता से दिखाना,पृष्ठभूमि
highlight,downplay,प्रमुखता से दिखाना,नीचे गिरना
highlight,play down,प्रमुखता से दिखाना,कम करके दिखाना
highness,lowness,महारानी,भयावह
highwater,low tide,हाइवॉटर,कम ज्वार
highwater,low water,हाइवॉटर,निचला पानी
hipless,hipped,कूल्हे का,म्लान
hipped,gabled,म्लान,नुकीला
hipped,hipless,म्लान,कूल्हे का
hire,can,किराये पर लेना,कर सकना
hire,dismiss,किराये पर लेना,नकार देना
hire,displace,किराये पर लेना,विस्थापित
hire,fire,किराये पर लेना,आग
hire,force out,किराये पर लेना,बलपूर्वक बाहर निकालो
hire,give notice,किराये पर लेना,नोटिस देना
hire,give the axe,किराये पर लेना,कुल्हाड़ी देना
hire,give the sack,किराये पर लेना,छुट्टी करदो
hire,sack,किराये पर लेना,थैला
hire,send away,किराये पर लेना,दूर भेजें
hire,terminate,किराये पर लेना,बर्खास्त
hired,unchartered,काम पर रखा,अज्ञात
hirsute,hairless,झबरा,गंजा
hiss,acclaim,फुफकार,एक्लेम
hiss,applaud,फुफकार,सराहना
hiss,clap,फुफकार,ताली
hiss,spat,फुफकार,झगड़ा
historical,ahistorical,ऐतिहासिक,अनैतिहासिक
historical,synchronic,ऐतिहासिक,समकाल का
hit,miss,मार,याद
hit the hay,arise,घास का मारो,उठना
hit the hay,get up,घास का मारो,उठना
hit the hay,rise,घास का मारो,उठना
hit the hay,turn out,घास का मारो,उपस्थित होना
hit the hay,uprise,घास का मारो,असुरक्षित
hit the sack,arise,बोरी को मार,उठना
hit the sack,get up,बोरी को मार,उठना
hit the sack,rise,बोरी को मार,उठना
hit the sack,turn out,बोरी को मार,उपस्थित होना
hit the sack,uprise,बोरी को मार,असुरक्षित
hitch,unhitch,अड़चन,अनहोनी
hither,there,इधर,वहाँ
hither,thither,इधर,उधर
hold,differ,पकड़ना,अलग होना
hold,disagree,पकड़ना,असहमत
hold,dissent,पकड़ना,मतभेद
hold,let go,पकड़ना,जाने देना
hold,let go of,पकड़ना,जाने देना
hold,release,पकड़ना,मुक्त करना
hold,relinquish,पकड़ना,त्यागना
hold,take issue,पकड़ना,तर्क करना
hold on,lose,पकड़ना,खोना
hold out,give up,प्रतिरोध करना,छोड़ देना
hold out,surrender,प्रतिरोध करना,समर्पण
hold up,hurry,लूट,जल्दी
hold up,rush,लूट,जल्दबाज़ी करना
hole up,aestivate,छेद करो,सौंदर्य करना
hole up,estivate,छेद करो,ग्रीष्मकालिन
holiness,unholiness,परम पूज्य,अपवित्रता
holism,atomic theory,साकल्यवाद,आणविक सिद्धांत
holism,atomism,साकल्यवाद,परमाणु सिद्धान्त
holism,atomist theory,साकल्यवाद,परमाणुवादी सिद्धांत
holism,atomistic theory,साकल्यवाद,परमाणु सिद्धांत
holistic,atomistic,संपूर्ण रूप से,परमाणु
holistic,atomistical,संपूर्ण रूप से,परमाणु -संबंधी
holistic theory,atomic theory,समग्र सिद्धांत,आणविक सिद्धांत
holistic theory,atomism,समग्र सिद्धांत,परमाणु सिद्धान्त
holistic theory,atomist theory,समग्र सिद्धांत,परमाणुवादी सिद्धांत
holistic theory,atomistic theory,समग्र सिद्धांत,परमाणु सिद्धांत
hollow,solid,खोखला,ठोस
hollowness,sincerity,खोखलेपन,ईमानदारी
hollowness,solidity,खोखलेपन,दृढ़ता
holophytic,holozoic,होलोफाइटिक,होलोज़ोइक
holozoic,holophytic,होलोज़ोइक,होलोफाइटिक
holy,unhallowed,पवित्र,एकरम
holy,unholy,पवित्र,अपवित्र
home,away,घर,दूर
home game,away game,घर केंद्रित कम्प्यूटर खेल,दूर खेल
home game,road game,घर केंद्रित कम्प्यूटर खेल,सड़क का खेल
homemade,factory-made,घर का बना,फैक्ट्री में बना हुआ
homeopathic,allopathic,समाचिकित्सा का,एलोपैथिक
homeopathy,allopathy,होम्योपैथी,सभी
homocentric,eccentric,एककेंद्रीय,विलक्षण व्यक्ति
homocentric,nonconcentric,एककेंद्रीय,अकारण
homocercal,heterocercal,समरूपता,विषम
homocercal fin,heterocercal fin,होमोकार्सल फिन,विषम
homochromatic,polychromatic,होमोक्रोमेटिक,अनेक रंगों का
homoecious,heteroecious,एक प्रकार का,विषम
homoeopathy,allopathy,होम्योपैथी,सभी
homogeneity,heterogeneity,समरूपता,विविधता
homogeneity,heterogeneousness,समरूपता,विषमता
homogeneous,heterogeneous,सजातीय,विजातीय
homogeneous,heterogenous,सजातीय,विषम
homogeneousness,heterogeneity,समरूपता,विविधता
homogeneousness,heterogeneousness,समरूपता,विषमता
homogenise,clabber,एकत्रित करना,दधि
homogenise,clot,एकत्रित करना,थक्का
homogenise,curdle,एकत्रित करना,जमाना
homogenize,clabber,एकत्रित करना,दधि
homogenize,clot,एकत्रित करना,थक्का
homogenize,curdle,एकत्रित करना,जमाना
homogenous,heterogeneous,समरूप,विजातीय
homogenous,heterogenous,समरूप,विषम
homologous,analogous,मुताबिक़,अनुरूप
homologous,autologous,मुताबिक़,ऑटोलॉगस
homologous,heterologic,मुताबिक़,हेटेरोलॉजिकल
homologous,heterological,मुताबिक़,विषमलैंगिक
homologous,heterologous,मुताबिक़,heterologous
homosexual,bisexual,समलैंगिक,उभयलिंगी
homosexual,heterosexual,समलैंगिक,हेटेरोसेक्सयल
homozygosity,heterozygosity,समरूपता,विषमयुग्मजी
homozygous,heterozygous,समयुग्मक,विषमयुग्मजी
honest,dishonest,ईमानदार,बेईमान
honest,dishonorable,ईमानदार,नीच
honestly,deceitfully,ईमानदारी से,छल से
honestly,dishonestly,ईमानदारी से,बेईमानी से
honestly,venally,ईमानदारी से,वंश के रूप में
honestness,dishonesty,ईमानदारी,बेईमानी
honesty,dishonesty,ईमानदारी,बेईमानी
honk,keep down,हार्न,नीचे रखें
honor,attaint,सम्मान,बेइज़्ज़ती
honor,disgrace,सम्मान,अपमान
honor,dishonor,सम्मान,बेईमानी करना
honor,dishonour,सम्मान,बेईमानी करना
honor,disrespect,सम्मान,अपमानित करना
honor,shame,सम्मान,शर्म करो
honorable,dishonest,माननीय,बेईमान
honorable,dishonorable,माननीय,नीच
honorable,dishonourable,माननीय,असंतुष्ट माननीय
honorableness,dishonorableness,मान्यता,बेईमानी
honorableness,dishonourableness,मान्यता,बेईमानी
honorably,dishonorably,सम्मानपूर्वक,बेईमानी से
honoring,nonobservance,का सम्मान,अवलोकन
honour,attaint,सम्मान,बेइज़्ज़ती
honour,disgrace,सम्मान,अपमान
honour,dishonor,सम्मान,बेईमानी करना
honour,dishonour,सम्मान,बेईमानी करना
honour,disrespect,सम्मान,अपमानित करना
honour,shame,सम्मान,शर्म करो
honourable,dishonorable,माननीय,नीच
honourable,dishonourable,माननीय,असंतुष्ट माननीय
honourableness,dishonorableness,सुगंधितता,बेईमानी
honourableness,dishonourableness,सुगंधितता,बेईमानी
honourably,dishonorably,सम्मानपूर्वक,बेईमानी से
hoofed,unguiculate,फुलाया हुआ,अस्वीकार करना
hoofed,unguiculated,फुलाया हुआ,अनियंत्रित
hook,undercharge,अंकुश,हलकी तरफ मुकदमा चलाना
hook,unhook,अंकुश,घृणाजनक
hooved,unguiculate,आंगन,अस्वीकार करना
hooved,unguiculated,आंगन,अनियंत्रित
hop on,get off,चढ़ना,उतर जाओ
hop on,hop out,चढ़ना,रोकना
hop out,bestride,रोकना,प्रतियोगिता
hop out,climb on,रोकना,चढ़ना
hop out,get on,रोकना,मिल कर रहना
hop out,hop on,रोकना,चढ़ना
hop out,jump on,रोकना,कूदना
hop out,mount,रोकना,पर्वत
hop out,mount up,रोकना,चढ़ाना
hope,despair,आशा,निराशा
hopeful,hopeless,आशावान,निराशाजनक
hopefully,hopelessly,उम्मीद है,बुरी
hopefulness,hopelessness,आशावाद,निराशा
hopeless,hopeful,निराशाजनक,आशावान
hopelessly,hopefully,बुरी,उम्मीद है
hopelessness,hopefulness,निराशा,आशावाद
horizontal,inclined,क्षैतिज,इच्छुक
horizontal,perpendicular,क्षैतिज,सीधा
horizontal,vertical,क्षैतिज,खड़ा
horned,hornless,सींग वाला,सींगहीन
hornless,horned,सींगहीन,सींग वाला
hospitable,inhospitable,मेहमाननवाज़,असत्कारशील
hospitableness,inhospitableness,धर्मपरायणता,अयोग्यता
hospitably,inhospitably,धर्मपरायणता से,अयोग्य ढंग से
hospitality,inhospitality,मेहमाननवाज़ी,असंबद्धता
host,parasite,मेज़बान,परजीवी
hostile,amicable,शत्रुतापूर्ण,मैत्रीपूर्ण
hostile,friendly,शत्रुतापूर्ण,दोस्ताना
hot,cold,गर्म,ठंडा
hot up,chill,मस्त,सर्द
hot up,cool,मस्त,ठंडा
hot up,cool down,मस्त,शांत हो जाओ
hot war,cold war,गर्म युद्ध,शीत -युद्ध
hotfoot,dawdle,जल्दबाज़ी से,डर्मल
hotfoot,linger,जल्दबाज़ी से,झपकी लेना
hotness,cold,hotness,ठंडा
hotness,coldness,hotness,शीतलता
hotness,frigidity,hotness,फ्रिक
hotness,frigidness,hotness,भयावहता
hotness,low temperature,hotness,हल्का तापमान
hubby,married woman,पति,शादीशुदा महिला
hubby,wife,पति,पत्नी
human,nonhuman,इंसान,गैर-
humane,inhumane,दयालु,अमानवीय
humanely,inhumanely,मानवता का,अमानवीयता से
humaneness,inhumaneness,मानवता,अमानवीयता
humaneness,inhumanity,मानवता,बेदर्दी
humanise,dehumanise,मानवीकरण,अमानवीयता
humanise,dehumanize,मानवीकरण,वहशी बनाना
humanize,dehumanise,मानवीय बनाना,अमानवीयता
humanize,dehumanize,मानवीय बनाना,वहशी बनाना
humble,proud,विनम्र,गर्व
humbleness,conceit,शील,दंभ
humbleness,conceitedness,शील,अवलोकन
humbleness,pride,शील,गर्व
humbleness,pridefulness,शील,गर्व
humbleness,vanity,शील,घमंड
humidify,dehumidify,भिगोना,अस्त -व्यस्त करना
humility,conceit,विनम्रता,दंभ
humility,conceitedness,विनम्रता,अवलोकन
humility,pride,विनम्रता,गर्व
humility,pridefulness,विनम्रता,गर्व
humility,vanity,विनम्रता,घमंड
humorless,humorous,humorless,रस लेनेवाला
humorless,humourous,humorless,विनोदी
humorlessly,humorously,हास्यपूर्वक,हास्यपूर्वक
humorous,humorless,रस लेनेवाला,humorless
humorous,humourless,रस लेनेवाला,humorless
humorous,unhumorous,रस लेनेवाला,अयोग्य
humorously,humorlessly,हास्यपूर्वक,हास्यपूर्वक
humorously,humourlessly,हास्यपूर्वक,विनम्रता से
humourless,humorous,humorless,रस लेनेवाला
humourless,humourous,humorless,विनोदी
humourlessly,humorously,विनम्रता से,हास्यपूर्वक
humourous,humorless,विनोदी,humorless
humourous,humourless,विनोदी,humorless
humourous,unhumorous,विनोदी,अयोग्य
hunger,be full,भूख,पूर्ण होना
hungry,thirsty,भूखा,प्यासा
hurried,unhurried,जल्दी में हुआ,धीरा
hurriedly,unhurriedly,हड़बड़ी,अयोग्य ढंग से
hurry,delay,जल्दी,देरी
hurry,detain,जल्दी,गिरफ्तारी
hurry,hold up,जल्दी,लूट
hurt,be well,आहत,ठीक रहें
husband,blow,पति,फूँक मारना
husband,married woman,पति,शादीशुदा महिला
husband,squander,पति,गंवाना
husband,waste,पति,बरबाद करना
husband,wife,पति,पत्नी
husbandly,uxorial,पति,उक्सोरियल
husbandly,wifelike,पति,वाइफेलिक
husbandly,wifely,पति,बीवी का
hush,louden,चुप रहना,विश्राम कक्ष
hush up,louden,शांत होना,विश्राम कक्ष
hydrate,dehydrate,हाइड्रेट,निर्जलीकरण
hydrate,desiccate,हाइड्रेट,सूखना
hydrate,dry up,हाइड्रेट,सूखा
hydrate,exsiccate,हाइड्रेट,शुष्क करना
hydrated,anhydrous,हाइड्रेटेड,निर्जल
hydric,mesic,हाइड्रिक,मेस -संबंधी
hydric,xeric,हाइड्रिक,ज़िंदगी
hydrogenate,dehydrogenate,हाइड्रोजनीट करना,निर्जलीकरण
hydrokinetic,hydrostatic,हाइड्रोकाइनेटिक,द्रवस्थैतिक
hydrophilic,hydrophobic,हाइड्रोफिलिक,जल विरोधी
hydrophobic,hydrophilic,जल विरोधी,हाइड्रोफिलिक
hydrostatic,hydrokinetic,द्रवस्थैतिक,हाइड्रोकाइनेटिक
hydrous,anhydrous,जलीय,निर्जल
hygienically,unhygienically,शुचिता,अनभिज्ञता से
hyperbolise,downplay,हाइपरबोलिस,नीचे गिरना
hyperbolise,minimise,हाइपरबोलिस,छोटा करना
hyperbolise,minimize,हाइपरबोलिस,छोटा करना
hyperbolise,understate,हाइपरबोलिस,परदा डालना
hyperbolize,downplay,हाइपरबोलिंग करना,नीचे गिरना
hyperbolize,minimise,हाइपरबोलिंग करना,छोटा करना
hyperbolize,minimize,हाइपरबोलिंग करना,छोटा करना
hyperbolize,understate,हाइपरबोलिंग करना,परदा डालना
hypercalcaemia,hypocalcaemia,अतिकैल्शियमरक्तता,हाइपोकैलेसीमिया
hypercalcaemia,hypocalcemia,अतिकैल्शियमरक्तता,hypocalcemia
hypercalcemia,hypocalcaemia,अतिकैल्शियमरक्तता,हाइपोकैलेसीमिया
hypercalcemia,hypocalcemia,अतिकैल्शियमरक्तता,hypocalcemia
hypercapnia,acapnia,हाइपरकेपनिया,एक प्रकार का
hypercapnia,hypocapnia,हाइपरकेपनिया,hypocapnia
hypercarbia,acapnia,हाइपरकार्बिया,एक प्रकार का
hypercarbia,hypocapnia,हाइपरकार्बिया,hypocapnia
hypercatalectic,acatalectic,अतिवृष्टि संबंधी,एक प्रकार का
hypercatalectic,catalectic,अतिवृष्टि संबंधी,उत्प्रेरक
hyperglycaemia,hypoglycaemia,अतिवृद्धि,रक्त ग्लूकोस
hyperglycaemia,hypoglycemia,अतिवृद्धि,हाइपोग्लाइसेमिया
hyperglycemia,hypoglycaemia,hyperglycemia,रक्त ग्लूकोस
hyperglycemia,hypoglycemia,hyperglycemia,हाइपोग्लाइसेमिया
hyperkalemia,hypokalemia,हाइपरकलेमिया,hypokalemia
hypermetropia,myopia,hypermetropia,खीस
hypermetropia,nearsightedness,hypermetropia,nearsightedness
hypermetropia,shortsightedness,hypermetropia,कमज़ोरता
hypermetropy,myopia,अतिवृद्धि,खीस
hypermetropy,nearsightedness,अतिवृद्धि,nearsightedness
hypermetropy,shortsightedness,अतिवृद्धि,कमज़ोरता
hypernatremia,hyponatremia,hypernatremia,हाइपोनट्रेमिया
hyperopia,myopia,पास का साफ़-साफ़ न दिखना,खीस
hyperopia,nearsightedness,पास का साफ़-साफ़ न दिखना,nearsightedness
hyperopia,shortsightedness,पास का साफ़-साफ़ न दिखना,कमज़ोरता
hyperparathyroidism,hypoparathyroidism,अतिपरिहाई,हाइपोपैथ्रायडिज्म
hyperpigmentation,hypopigmentation,hyperpigmentation,हाइपोपिग्मेंटेशन
hyperpnea,hypopnea,हाइपरपनीया,हाइपोपेनिया
hypersomnia,insomnia,हाइपरसोम्निया,अनिद्रा
hypertension,hypotension,उच्च रक्तचाप,अल्प रक्त-चाप
hypertensive,hypotensive,उच्च रक्तचाप से ग्रस्त,रक्तचाप
hypertensive,normotensive,उच्च रक्तचाप से ग्रस्त,मानदंड का
hyperthermia,hypothermia,अतिताप,हाइपोथर्मिया
hyperthermy,hypothermia,अतितापूर्ण,हाइपोथर्मिया
hyperthyroidism,hypothyroidism,अतिव्यापीता,हाइपोथायरायडिज्म
hypertonia,hypotonia,उच्च रक्तचाप,हाइपोटोनिया
hypertonia,hypotonicity,उच्च रक्तचाप,हाइपोट्रोनिटी
hypertonia,hypotonus,उच्च रक्तचाप,हाइपोटोनस
hypertonic,hypotonic,हाइपरटोनिक,हाइपोटोनिक
hypertonic,isosmotic,हाइपरटोनिक,समवर्ती
hypertonic,isotonic,हाइपरटोनिक,समस्थानिक
hypertonicity,hypotonia,हाइपरटोनिटी,हाइपोटोनिया
hypertonicity,hypotonicity,हाइपरटोनिटी,हाइपोट्रोनिटी
hypertonicity,hypotonus,हाइपरटोनिटी,हाइपोटोनस
hypertonus,hypotonia,हाइपरटोनस,हाइपोटोनिया
hypertonus,hypotonicity,हाइपरटोनस,हाइपोट्रोनिटी
hypertonus,hypotonus,हाइपरटोनस,हाइपोटोनस
hypertrophied,atrophied,अतिवृद्धि,कमज़ोर हो गया
hypertrophied,diminished,अतिवृद्धि,कम
hypertrophied,wasted,अतिवृद्धि,बर्बाद
hypervolaemia,hypovolaemia,अतिवृद्धि,hypovolemia
hypervolaemia,hypovolemia,अतिवृद्धि,hypovolemia
hypervolemia,hypovolaemia,अतिवृद्धि,hypovolemia
hypervolemia,hypovolemia,अतिवृद्धि,hypovolemia
hypocalcaemia,hypercalcaemia,हाइपोकैलेसीमिया,अतिकैल्शियमरक्तता
hypocalcaemia,hypercalcemia,हाइपोकैलेसीमिया,अतिकैल्शियमरक्तता
hypocalcemia,hypercalcaemia,hypocalcemia,अतिकैल्शियमरक्तता
hypocalcemia,hypercalcemia,hypocalcemia,अतिकैल्शियमरक्तता
hypocapnia,hypercapnia,hypocapnia,हाइपरकेपनिया
hypocapnia,hypercarbia,hypocapnia,हाइपरकार्बिया
hypoglycaemia,hyperglycaemia,रक्त ग्लूकोस,अतिवृद्धि
hypoglycaemia,hyperglycemia,रक्त ग्लूकोस,hyperglycemia
hypoglycemia,hyperglycaemia,हाइपोग्लाइसेमिया,अतिवृद्धि
hypoglycemia,hyperglycemia,हाइपोग्लाइसेमिया,hyperglycemia
hypognathous,opisthognathous,हंसी -संबंधी,ओपिसथोगनैथस
hypokalemia,hyperkalemia,hypokalemia,हाइपरकलेमिया
hyponatremia,hypernatremia,हाइपोनट्रेमिया,hypernatremia
hypoparathyroidism,hyperparathyroidism,हाइपोपैथ्रायडिज्म,अतिपरिहाई
hypopigmentation,hyperpigmentation,हाइपोपिग्मेंटेशन,hyperpigmentation
hypopnea,hyperpnea,हाइपोपेनिया,हाइपरपनीया
hypotension,high blood pressure,अल्प रक्त-चाप,उच्च रक्तचाप
hypotension,hypertension,अल्प रक्त-चाप,उच्च रक्तचाप
hypotensive,hypertensive,रक्तचाप,उच्च रक्तचाप से ग्रस्त
hypotensive,normotensive,रक्तचाप,मानदंड का
hypothermia,hyperthermia,हाइपोथर्मिया,अतिताप
hypothermia,hyperthermy,हाइपोथर्मिया,अतितापूर्ण
hypothyroidism,hyperthyroidism,हाइपोथायरायडिज्म,अतिव्यापीता
hypothyroidism,thyrotoxicosis,हाइपोथायरायडिज्म,थायरोटोक्सीकोसिस
hypotonia,hypertonia,हाइपोटोनिया,उच्च रक्तचाप
hypotonia,hypertonicity,हाइपोटोनिया,हाइपरटोनिटी
hypotonia,hypertonus,हाइपोटोनिया,हाइपरटोनस
hypotonic,hypertonic,हाइपोटोनिक,हाइपरटोनिक
hypotonic,isosmotic,हाइपोटोनिक,समवर्ती
hypotonic,isotonic,हाइपोटोनिक,समस्थानिक
hypotonicity,hypertonia,हाइपोट्रोनिटी,उच्च रक्तचाप
hypotonicity,hypertonicity,हाइपोट्रोनिटी,हाइपरटोनिटी
hypotonicity,hypertonus,हाइपोट्रोनिटी,हाइपरटोनस
hypotonus,hypertonia,हाइपोटोनस,उच्च रक्तचाप
hypotonus,hypertonicity,हाइपोटोनस,हाइपरटोनिटी
hypotonus,hypertonus,हाइपोटोनस,हाइपरटोनस
hypovolaemia,hypervolaemia,hypovolemia,अतिवृद्धि
hypovolaemia,hypervolemia,hypovolemia,अतिवृद्धि
hypovolemia,hypervolaemia,hypovolemia,अतिवृद्धि
hypovolemia,hypervolemia,hypovolemia,अतिवृद्धि
identical,biovular,समान,द्विभाजक
identical,fraternal,समान,भाईचारे का
identifiable,unidentifiable,पहचान योग्य,न पहचाने
idiographic,nomothetic,मूर्खतापूर्ण,नामांकित
idle,busy,निठल्ला,व्यस्त
idle,run,निठल्ला,दौड़ना
idle,work,निठल्ला,काम
igneous,aqueous,आतशी,जलीय
igneous,sedimentary,आतशी,गाद का
ignite,blow out,आग लगना,बुझाना
ignite,extinguish,आग लगना,बुझा
ignite,quench,आग लगना,बुझाना
ignite,snuff out,आग लगना,सूँघना
ignoble,noble,नीच,महान
ignore,cognise,अनदेखा करना,संज्ञाना
ignore,cognize,अनदेखा करना,जानना
ignore,know,अनदेखा करना,जानना
ignore,mark,अनदेखा करना,निशान
ignore,note,अनदेखा करना,टिप्पणी
ignore,notice,अनदेखा करना,सूचना
ill,good,बीमार,अच्छा
ill,well,बीमार,कुंआ
ill health,good health,बीमार स्वास्थ्य,अच्छा स्वास्थ्य
ill health,healthiness,बीमार स्वास्थ्य,स्वास्थ्यवर्धकता
ill humor,amiability,असभ्य हास्य,सुशीलता
ill humor,good humor,असभ्य हास्य,अच्छी मनोवृत्ति
ill humor,good humour,असभ्य हास्य,अच्छा हास्य
ill humor,good temper,असभ्य हास्य,अच्छा गुस्सा
ill humour,amiability,असभ्य हास्य,सुशीलता
ill humour,good humor,असभ्य हास्य,अच्छी मनोवृत्ति
ill humour,good humour,असभ्य हास्य,अच्छा हास्य
ill humour,good temper,असभ्य हास्य,अच्छा गुस्सा
ill luck,good fortune,मुसीबत,शुभ भविष्य
ill luck,good luck,मुसीबत,आपको कामयाबी मिले
ill luck,luckiness,मुसीबत,सौभाग्य
ill nature,good nature,अशिष्ट स्वभाव,अच्छा स्व्भाव
ill service,service,बीमार सेवा,सेवा
ill turn,service,बुरी तरह से मोड़ना,सेवा
ill-advised,advised,मूर्ख,सलाह दी
ill-advised,well-advised,मूर्ख,होशियार
ill-being,eudaemonia,बीमार से किया जा रहा,बुद्धिमान
ill-being,eudaimonia,बीमार से किया जा रहा,यूडिमोनिया
ill-being,upbeat,बीमार से किया जा रहा,उत्साहित
ill-being,welfare,बीमार से किया जा रहा,कल्याण
ill-being,well-being,बीमार से किया जा रहा,भलाई
ill-being,wellbeing,बीमार से किया जा रहा,भलाई
ill-defined,clear,ख़राब ढंग से परिभाषित,स्पष्ट
ill-defined,well-defined,ख़राब ढंग से परिभाषित,अच्छी तरह से परिभाषित
ill-formed,grammatical,बीमार का गठन,व्याकरण
ill-formed,well-formed,बीमार का गठन,सुडौल
ill-natured,good-natured,बद,सुगंधित
ill-smelling,fragrant,बीमार महक,सुगंधित
ill-treated,unabused,बीमार का इलाज,अयोग्य
illegal,legal,गैरकानूनी,कानूनी
illegalise,decriminalise,अवैध रूप से,de-अपराध
illegalise,decriminalize,अवैध रूप से,decriminalize
illegalise,legalise,अवैध रूप से,वैध बनाना
illegalise,legalize,अवैध रूप से,वैध बनाना
illegalise,legitimate,अवैध रूप से,वैध
illegalise,legitimatise,अवैध रूप से,वैध करना
illegalise,legitimatize,अवैध रूप से,वैध बनाना
illegalise,legitimise,अवैध रूप से,वैधता
illegalise,legitimize,अवैध रूप से,वैधता
illegality,legality,अवैधता,वैधता
illegalize,decriminalise,अवैध घोषित,de-अपराध
illegalize,decriminalize,अवैध घोषित,decriminalize
illegalize,legalise,अवैध घोषित,वैध बनाना
illegalize,legalize,अवैध घोषित,वैध बनाना
illegalize,legitimate,अवैध घोषित,वैध
illegalize,legitimatise,अवैध घोषित,वैध करना
illegalize,legitimatize,अवैध घोषित,वैध बनाना
illegalize,legitimise,अवैध घोषित,वैधता
illegalize,legitimize,अवैध घोषित,वैधता
illegally,lawfully,अवैध रूप से,क़ानूनी तौर पर
illegally,legitimately,अवैध रूप से,वैध तरीके से
illegally,licitly,अवैध रूप से,अनुचित तरीके से
illegibility,legibility,अपठनीयता,स्पष्टता
illegibility,readability,अपठनीयता,पठनीयता
illegible,legible,अस्पष्ट,पढ़ने योग्य
illegibly,decipherably,घसीट,स्पष्ट रूप से
illegibly,legibly,घसीट,स्पष्टता से
illegibly,readably,घसीट,पठनीय रूप से
illegitimacy,legitimacy,हरामीपन,वैधता
illegitimate,legitimate,अवैध,वैध
illegitimately,lawfully,अवैधानिक ढंग से,क़ानूनी तौर पर
illegitimately,legitimately,अवैधानिक ढंग से,वैध तरीके से
illegitimately,licitly,अवैधानिक ढंग से,अनुचित तरीके से
illiberality,liberality,अचूकता,उदारता
illiberality,liberalness,अचूकता,उदारता
illicit,licit,अवैध,जायज
illicitly,lawfully,अवैध रूप से,क़ानूनी तौर पर
illicitly,legitimately,अवैध रूप से,वैध तरीके से
illicitly,licitly,अवैध रूप से,अनुचित तरीके से
illicitness,licitness,अवैधता,संगम
illiteracy,literacy,निरक्षरता,साक्षरता
illiterate,literate,निरक्षर,साहित्यिक
illness,health,बीमारी,स्वास्थ्य
illness,wellness,बीमारी,कल्याण
illogic,logicality,अचूक,तार्किकता
illogic,logicalness,अचूक,तार्किकता
illogical,logical,विसंगत,तार्किक
illogicality,logicality,विसंगति,तार्किकता
illogicality,logicalness,विसंगति,तार्किकता
illogically,logically,असंगतता से,तर्क में
illogicalness,logicality,अटूटता,तार्किकता
illogicalness,logicalness,अटूटता,तार्किकता
illuminating,unenlightening,रोशन,अनियंत्रित
illuminating,unilluminating,रोशन,एकतरफा
imaginatively,unimaginatively,कल्पनाशीलता,कल्पनाशीलता के अभाव में
imbalance,balance,असंतुलन,संतुलन
imbalance,correspondence,असंतुलन,पत्र-व्यवहार
imbalance,symmetricalness,असंतुलन,सममितता
imbalance,symmetry,असंतुलन,समरूपता
imbalanced,balanced,असंतुलित,बैलेंस्ड
imbiber,abstainer,डुबाना,परहेजगार
imbiber,abstinent,डुबाना,संयमी
imbiber,nondrinker,डुबाना,नोड्रिंकर
imitation,formalism,नकल,नियम-निष्ठता
imitative,echt,कृत्रिम,असली
imitative,genuine,कृत्रिम,असली
imitative,nonechoic,कृत्रिम,अखंड
imitative,nonimitative,कृत्रिम,अविभाज्य
immanent,transeunt,निरंतर,उत्तीर्ण
immanent,transient,निरंतर,क्षणिक
immaterial,corporeal,अमूर्त,मूर्त
immaterial,material,अमूर्त,सामग्री
immateriality,corporality,अपरिपक्वता,कॉरपोरेलिटी
immateriality,corporeality,अपरिपक्वता,भौतिकता
immateriality,materiality,अपरिपक्वता,माद्दा
immateriality,physicalness,अपरिपक्वता,शारीरिकता
immature,fledged,अपरिपक्व,विकसित
immature,mature,अपरिपक्व,परिपक्व
immature,old,अपरिपक्व,पुराना
immature,ripe,अपरिपक्व,पका हुआ
immaturely,maturely,नासमझी,परिपक्वता
immatureness,matureness,अचूकता,परिपक्वता
immatureness,maturity,अचूकता,परिपक्वता
immaturity,matureness,अपरिपक्वता,परिपक्वता
immaturity,maturity,अपरिपक्वता,परिपक्वता
immeasurable,measurable,बहुत बड़ा,औसत दर्जे का
immeasurable,mensurable,बहुत बड़ा,औसत दर्जे का
immeasurably,measurably,कहीं,कुछ हद तक
immediacy,mediacy,तुरंत्ता,मिडियासी
immediacy,mediateness,तुरंत्ता,मध्यस्थता
immediate,mediate,तुरंत,मीडिएट
immediate payment,credit,तत्काल भुगतान,श्रेय
immediate payment,deferred payment,तत्काल भुगतान,आस्थगित भुगतान
immediateness,mediacy,तात्कालिक,मिडियासी
immediateness,mediateness,तात्कालिक,मध्यस्थता
immensurable,measurable,अविभाज्य,औसत दर्जे का
immensurable,mensurable,अविभाज्य,औसत दर्जे का
immersion,egress,विसर्जन,निकास
immersion,emersion,विसर्जन,प्रकट होना
immigrate,emigrate,परदेश में बसना,बसने
immiscible,miscible,मिलाने के लिए योग्य नहीं,विलेयशील
immiscible,mixable,मिलाने के लिए योग्य नहीं,मिश्रण करने योग्य
immobile,mobile,स्थिर,गतिमान
immobilise,free,विस्मरण करना,मुक्त
immobilise,release,विस्मरण करना,मुक्त करना
immobilise,unblock,विस्मरण करना,अनब्लॉ
immobilise,unfreeze,विस्मरण करना,अनफ़्रीज़
immobility,mobility,स्थिरता,गतिशीलता
immobilize,free,स्थिर,मुक्त
immobilize,release,स्थिर,मुक्त करना
immobilize,unblock,स्थिर,अनब्लॉ
immobilize,unfreeze,स्थिर,अनफ़्रीज़
immoderate,moderate,बिना संयम के,मध्यम
immoderately,fairly,बिना संयम के,अच्छी तरह से
immoderately,jolly,बिना संयम के,जॉली
immoderately,middling,बिना संयम के,मंझला
immoderately,moderately,बिना संयम के,मध्यम
immoderately,passably,बिना संयम के,कामचलाऊ
immoderately,pretty,बिना संयम के,सुंदर
immoderately,reasonably,बिना संयम के,यथोचित
immoderately,somewhat,बिना संयम के,कुछ हद तक
immoderateness,moderateness,अनमलता,मध्यमता
immoderateness,moderation,अनमलता,संयम
immoderation,moderateness,इमोडेशन,मध्यमता
immoderation,moderation,इमोडेशन,संयम
immodest,modest,निर्लज्ज,मामूली
immodestly,modestly,अभद्रता से,विनय
immodesty,modestness,बेशर्मी,विनय
immodesty,modesty,बेशर्मी,नम्रता
immoral,moral,अनैतिक,नैतिक
immorality,morality,अनैतिकता,नैतिकता
immorally,morally,अनैतिक,नैतिक रूप से
immorally,virtuously,अनैतिक,नेकी
immortal,mortal,अमर,नश्वर
immortality,mortality,अमरता,मृत्यु दर
immotility,motility,अचूकता,गतिशीलता
immovability,movability,अचल स्थिति,सुस्ती
immovability,movableness,अचल स्थिति,चलता
immovableness,movability,अपरिवर्तनीयता,सुस्ती
immovableness,movableness,अपरिवर्तनीयता,चलता
immunity,susceptibility,रोग प्रतिरोधक क्षमता,संवेदनशीलता
immunity,susceptibleness,रोग प्रतिरोधक क्षमता,अतिसंवेदनशीलता
immunocompetence,immunodeficiency,प्रतिरक्षाविज्ञानी,इम्यूनो
immunocompetent,immunodeficient,असुरक्षित,immunodeficient
immunodeficiency,immunocompetence,इम्यूनो,प्रतिरक्षाविज्ञानी
immunodeficient,immunocompetent,immunodeficient,असुरक्षित
immutability,mutability,अचल स्थिति,अस्थिरता
immutability,mutableness,अचल स्थिति,संभोगता
immutable,changeable,अडिग,अस्थिर
immutable,mutable,अडिग,परिवर्तनशील
immutableness,mutability,अयोग्यता,अस्थिरता
immutableness,mutableness,अयोग्यता,संभोगता
impaired,unimpaired,बिगड़ा,अछूता
impalpability,palpability,अस्पृश्यता,प्रत्यक्षता
impalpability,tangibility,अस्पृश्यता,वास्तविकता
impalpability,tangibleness,अस्पृश्यता,स्पर्श
impalpable,palpable,अस्पृश्य,स्पर्शनीय
impalpable,tangible,अस्पृश्य,मूर्त
impalpable,touchable,अस्पृश्य,महसूस हो सकनेवाला
impartial,discriminatory,निष्पक्ष,भेदभावपूर्ण
impartial,partial,निष्पक्ष,आंशिक
impartial,prejudiced,निष्पक्ष,पक्षपातपूर्ण
impartiality,partiality,निष्पक्षता,पक्षपात
impartiality,partisanship,निष्पक्षता,पक्षपात
impassable,passable,अगम्य,प्रचलित
impatience,forbearance,अधीरता,सहनशीलता
impatience,longanimity,अधीरता,कष्ट सहने की शक्ति
impatience,patience,अधीरता,धैर्य
impatient,patient,अधीर,मरीज़
impatiently,patiently,बेसब्री से,धैर्यपूर्वक
impede,disengage,बाधा,छुड़ाना
impede,free,बाधा,मुक्त
impenetrability,penetrability,अभेद्यता,पेंटेबिलिटी
impenetrability,perviousness,अभेद्यता,अवहेलना
impenetrable,penetrable,अभेद्य,दिखाऊ
impenitent,penitent,प्रेरणा,अनुतापी
impenitent,repentant,प्रेरणा,पश्चाताप
impenitently,penitentially,अधूरेपन से,तपस्या से
impenitently,penitently,अधूरेपन से,तपस्या से
impenitently,repentantly,अधूरेपन से,पश्चाताप
imperative,beseeching,अनिवार्य,बिनती करनेवाला
imperative,imploring,अनिवार्य,निंदा करना
imperative,pleading,अनिवार्य,प्रार्थना का
imperceptibility,perceptibility,अपरिहार्यता,प्रत्यक्षता
imperceptible,perceptible,अगोचर,प्रत्याक्ष
imperceptibly,noticeably,अपरिहार्य रूप से,काफ़ी
imperceptibly,observably,अपरिहार्य रूप से,अवलोकन से
imperceptibly,perceptibly,अपरिहार्य रूप से,प्रत्यक्ष रूप से
imperfect,perfect,अपूणर्,उत्तम
imperfectibility,perfectibility,अपूर्णता,पूर्णता
imperfection,flawlessness,अपूर्णता,शुचिता
imperfection,ne plus ultra,अपूर्णता,कोई और अल्ट्रा नहीं
imperfection,perfection,अपूर्णता,पूर्णता
imperfectly,perfectly,अपूर्ण,पूरी तरह से
imperfectness,flawlessness,अपूर्णता,शुचिता
imperfectness,ne plus ultra,अपूर्णता,कोई और अल्ट्रा नहीं
imperfectness,perfection,अपूर्णता,पूर्णता
imperishable,perishable,अविनाशी,नष्ट होनेवाला
impermanence,permanence,अनस्थिरता,स्थायित्व
impermanence,permanency,अनस्थिरता,स्थायित्व
impermanency,permanence,अभद्रता,स्थायित्व
impermanency,permanency,अभद्रता,स्थायित्व
impermanent,lasting,अनस्थिर,तक चलने वाले
impermanent,permanent,अनस्थिर,स्थायी
impermeability,permeability,अछिद्रता,भेद्यता
impermeability,permeableness,अछिद्रता,पारगम्यता
impermeable,permeable,अभेद्य,पारगम्य
impermeableness,permeability,अभद्रता,भेद्यता
impermeableness,permeableness,अभद्रता,पारगम्यता
impermissibility,permissibility,अभेद्यता,अनुज्ञेय
impermissible,allowable,नाजायज,स्वीकार्य
impermissible,permissible,नाजायज,जायज़
impermissibly,allowably,अपूर्णता से,अचूक रूप से
impermissibly,permissibly,अपूर्णता से,अनुज्ञेय ढंग से
impersonal,personal,अवैयक्तिक,निजी
impersonally,personally,अव्यक्तिगत,व्यक्तिगत रूप से
imperviable,pervious,अभेद्य,प्रवेशक
impervious,pervious,प्रबल,प्रवेशक
imperviousness,penetrability,निविड़ता,पेंटेबिलिटी
imperviousness,perviousness,निविड़ता,अवहेलना
impiety,piety,नास्तिकता,शील
impiety,piousness,नास्तिकता,कुशलता
impinge on,miss,परत करना,याद
impious,pious,बेईमान,धर्मनिष्ठ
impiousness,piety,अयोग्यता,शील
impiousness,piousness,अयोग्यता,कुशलता
implacable,placable,संगदिल,विनीत
implausibility,plausibility,अयोग्यता,दिखावट
implausibility,plausibleness,अयोग्यता,प्रतिष्ठितता
implausible,plausible,अकल्पनीय,प्रशंसनीय
implausibleness,plausibility,अयोग्यता,दिखावट
implausibleness,plausibleness,अयोग्यता,प्रतिष्ठितता
implausibly,believably,संदिग्ध रूप से,विश्वासपूर्वक
implausibly,credibly,संदिग्ध रूप से,विश्वसनीयता की दृष्टि
implausibly,plausibly,संदिग्ध रूप से,अनुग्राह्यतापूर्वक
implausibly,probably,संदिग्ध रूप से,शायद
implement,exempt,अमल में लाना,मुक्त करें
implement,free,अमल में लाना,मुक्त
implement,relieve,अमल में लाना,राहत देना
implemented,unenforced,कार्यान्वित,अनियंत्रित
implicit,explicit,अंतर्निहित,मुखर
implicit,expressed,अंतर्निहित,व्यक्त
implicitly,explicitly,उलझाव से,स्पष्ट रूप से
implode,burst,फटना,फोड़ना
implode,explode,फटना,विस्फोट करना
imploring,imperative,निंदा करना,अनिवार्य
impolite,polite,असभ्य,विनम्र
impolitely,courteously,अशिष्टता,शिष्टता से
impolitely,politely,अशिष्टता,शिष्टतापूर्वक
impoliteness,niceness,अभद्रता,सुंदरता
impoliteness,politeness,अभद्रता,शील
impolitic,politic,अभद्र,व्यवहार-कुशल
imponderable,ponderable,हलका,चिंतन योग्य
import,export,आयात,निर्यात
import,exportation,आयात,निर्यात
import,inconsequence,आयात,परिणामस्वरूप
importance,unimportance,महत्त्व,अयोग्यता
important,insignificant,महत्वपूर्ण,तुच्छ
important,noncrucial,महत्वपूर्ण,असंबद्ध
important,unimportant,महत्वपूर्ण,बेकार
importation,export,आयात,निर्यात
importation,exportation,आयात,निर्यात
imposingly,unimpressively,धाक जमाते हुए,बेकार
impossibility,possibility,असंभावना,संभावना
impossibility,possibleness,असंभावना,संभोगता
impossible,possible,असंभव,संभव
impossibleness,possibility,असंभवता,संभावना
impossibleness,possibleness,असंभवता,संभोगता
impossibly,possibly,असंभावना से,संभवत:
impotence,potence,नपुंसकता,तना
impotence,potency,नपुंसकता,शक्ति
impotence,power,नपुंसकता,शक्ति
impotence,powerfulness,नपुंसकता,शक्तिहीनता
impotency,potence,नपुंसकता,तना
impotency,potency,नपुंसकता,शक्ति
impotency,power,नपुंसकता,शक्ति
impotency,powerfulness,नपुंसकता,शक्तिहीनता
impotent,potent,नपुंसक,प्रबल
impotent,stiff,नपुंसक,अकड़न
impotent,strong,नपुंसक,मज़बूत
impotent,virile,नपुंसक,मर्द का
impoverish,enrich,शक्तिहीन करना,समृद्ध करना
impoverishment,wealth,दरिद्रता,संपत्ति
impoverishment,wealthiness,दरिद्रता,धन
impracticability,practicability,अव्यवहारिकता,साध्यता
impracticability,practicableness,अव्यवहारिकता,व्यावहारिकता
impracticableness,practicability,अव्यवहार्यता,साध्यता
impracticableness,practicableness,अव्यवहार्यता,व्यावहारिकता
impractical,practical,अव्यवहारिक,व्यावहारिक
impracticality,practicality,अव्यवहारिकता,व्यावहारिकता
imprecate,bless,कोसना,आशीर्वाद
imprecise,precise,अनिश्चित,सटीक
imprecisely,exactly,असंगत रूप से,बिल्कुल
imprecisely,incisively,असंगत रूप से,भेदते हुए
imprecisely,precisely,असंगत रूप से,एकदम सही
impreciseness,preciseness,निष्ठा,यथातथ्यता
impreciseness,precision,निष्ठा,शुद्धता
imprecision,preciseness,अस्पष्टता,यथातथ्यता
imprecision,precision,अस्पष्टता,शुद्धता
impressible,unimpressionable,प्रभाव डालने वाला,अयोग्य
impressionable,unimpressionable,प्रभावित,अयोग्य
impressive,unimpressive,प्रभावशाली,अप्रभावी
impressively,unimpressively,प्रभावशाली,बेकार
improbability,probability,असंभवता,संभावना
improbable,likely,असंभव,संभावित
improbable,probable,असंभव,संभावित
improbableness,probability,अनुचितता,संभावना
improbably,believably,असंभवत,विश्वासपूर्वक
improbably,credibly,असंभवत,विश्वसनीयता की दृष्टि
improbably,plausibly,असंभवत,अनुग्राह्यतापूर्वक
improbably,probably,असंभवत,शायद
improper,proper,अनुचित,उचित
improperly,decent,अनुचित,शालीन
improperly,decently,अनुचित,सभ्यता से
improperly,in good order,अनुचित,अच्छे क्रम में
improperly,properly,अनुचित,ठीक से
improperly,right,अनुचित,सही
improperly,the right way,अनुचित,सही तरीका
improperness,correctitude,अनुचितता,अभियोग
improperness,properness,अनुचितता,उचितता
improperness,propriety,अनुचितता,औचित्य
impropriety,correctitude,अनौचित्य,अभियोग
impropriety,properness,अनौचित्य,उचितता
impropriety,propriety,अनौचित्य,औचित्य
improve,aggravate,सुधार,छेड़ना
improve,decline,सुधार,गिरावट
improve,exacerbate,सुधार,ख़राब करना
improve,exasperate,सुधार,चिढ़ाना
improve,worsen,सुधार,खराब
improved,unimproved,उन्नत,असंशोधित
improvement,declination,सुधार,झुकाव
improvement,decline,सुधार,गिरावट
improvidence,providence,उड़ाऊता,मितव्ययिती
improvident,provident,उड़ाऊ,चौकस
improvidently,providently,अदूरदर्शिता,प्रचलित रूप से
imprudence,prudence,नासमझी,प्रूडेंस
imprudent,prudent,ढीठ,विवेकपूर्ण
imprudently,providentially,अविवेक के साथ,ईश्वरेच्छया
imprudently,prudently,अविवेक के साथ,बुद्धिमानी से
impure,clean,अशुद्ध,साफ
impure,pure,अशुद्ध,शुद्ध
impureness,pureness,अशिष्टता,अनमेलता
impureness,purity,अशिष्टता,पवित्रता
impurity,pureness,अपवित्रता,अनमेलता
impurity,purity,अपवित्रता,पवित्रता
in a higher place,at a lower place,एक उच्च स्थान पर,एक निचले स्थान पर
in a higher place,below,एक उच्च स्थान पर,नीचे
in a higher place,beneath,एक उच्च स्थान पर,नीचे
in a higher place,to a lower place,एक उच्च स्थान पर,एक निचले स्थान पर
in both ears,in one ear,दोनों कानों में,एक कान में
in both ears,monaurally,दोनों कानों में,मोनौर की दृष्टि से
in both ears,to one ear,दोनों कानों में,एक कान तक
in camera,in public,कैमरे में,जनता में
in camera,publically,कैमरे में,पब्लिक की तरह
in camera,publicly,कैमरे में,सार्वजनिक रूप
in general,specifically,सामान्य रूप से,विशेष रूप से
in good order,improperly,अच्छे क्रम में,अनुचित
in hand,beyond control,हाथ में,परे नियंत्रण
in hand,out of hand,हाथ में,हाथ से बाहर
in haste,unhurriedly,जल्दबाजी में,अयोग्य ढंग से
in one ear,binaurally,एक कान में,द्विध्रुवीय रूप से
in one ear,in both ears,एक कान में,दोनों कानों में
in one ear,to both ears,एक कान में,दोनों कानों को
in private,in public,निजी तौर पर,जनता में
in private,publically,निजी तौर पर,पब्लिक की तरह
in private,publicly,निजी तौर पर,सार्वजनिक रूप
in public,in camera,जनता में,कैमरे में
in public,in private,जनता में,निजी तौर पर
in public,privately,जनता में,निजी तौर पर
in that location,here,उस स्थान पर,यहाँ
in the first place,secondarily,पहले स्थान पर,गौणतः
in the main,specifically,मुख्य रूप से,विशेष रूप से
in vitro,in vivo,कृत्रिम परिवेशीय,व्यर्थ
in vivo,ex vivo,व्यर्थ,पूर्व जीवित
in vivo,in vitro,व्यर्थ,कृत्रिम परिवेशीय
in-basket,out-basket,टोकरी में,बास्केट
in-basket,out-tray,टोकरी में,टाल
in-tray,out-basket,तय करना,बास्केट
in-tray,out-tray,तय करना,टाल
inability,ability,अक्षमता,क्षमता
inability,power,अक्षमता,शक्ति
inaccessibility,accessibility,अप्राप्यता,अभिगम्यता
inaccessibility,availability,अप्राप्यता,उपलब्धता
inaccessibility,availableness,अप्राप्यता,उपलब्धता
inaccessibility,handiness,अप्राप्यता,हाथ
inaccessible,accessible,पर पहुंच-योग्य,पहुंच योग्य
inaccuracy,accuracy,अशुद्धता,शुद्धता
inaccuracy,truth,अशुद्धता,सच
inaccurate,accurate,ग़लत,शुद्ध
inaccurately,accurately,गलत ढंग से,सही रूप में
inaction,action,निष्क्रियता,कार्रवाई
inaction,activeness,निष्क्रियता,सक्रियता
inaction,activity,निष्क्रियता,गतिविधि
inactivate,activate,निष्क्रिय,सक्रिय करना
inactivate,call up,निष्क्रिय,कॉल करें
inactivate,mobilise,निष्क्रिय,को जुटाने
inactivate,mobilize,निष्क्रिय,को जुटाने
inactivate,rally,निष्क्रिय,रैली
inactivation,activation,निष्क्रियता,सक्रियण
inactive,active,निष्क्रिय,सक्रिय
inactive,operational,निष्क्रिय,आपरेशनल
inactiveness,action,सक्रिय निष्क्रियता,कार्रवाई
inactiveness,activeness,सक्रिय निष्क्रियता,सक्रियता
inactiveness,activity,सक्रिय निष्क्रियता,गतिविधि
inactivity,action,निष्क्रियता,कार्रवाई
inactivity,activeness,निष्क्रियता,सक्रियता
inactivity,activity,निष्क्रियता,गतिविधि
inadequacy,adequacy,अनुविता,पर्याप्तता
inadequacy,adequateness,अनुविता,पर्याप्तता
inadequacy,sufficiency,अनुविता,प्रचुरता
inadequate,adequate,अपर्याप्त,पर्याप्त
inadequate,equal,अपर्याप्त,बराबर
inadequately,adequately,अपर्याप्त,पर्याप्त रूप से
inadequateness,adequacy,अपर्याप्तता,पर्याप्तता
inadequateness,adequateness,अपर्याप्तता,पर्याप्तता
inadmissibility,admissibility,अमान्यता,स्वीकार्यता
inadmissible,admissible,अस्वीकार्य,स्वीकायर्
inadvertence,heedfulness,अनजान,ध्यान
inadvertence,mindfulness,अनजान,सचेतन
inadvertency,heedfulness,अनजानता,ध्यान
inadvertency,mindfulness,अनजानता,सचेतन
inadvertently,advertently,अनजान,विज्ञापन से
inadvertently,heedfully,अनजान,सावधानी से
inadvertently,knowingly,अनजान,जानबूझकर
inadvertently,mindfully,अनजान,मन से
inadvertently,wittingly,अनजान,उग्रता से
inadvisability,advisability,अविभाज्यता,औचित्य
inadvisable,advisable,बेअदब,उचित
inadvisably,inexpediently,अनिच्छुक रूप से,बेवजह
inaesthetic,aesthetic,अयोग्य,सौंदर्य संबंधी
inaesthetic,aesthetical,अयोग्य,aesthetical
inaesthetic,esthetic,अयोग्य,सौंदर्यशास्र-संबंधी
inaesthetic,esthetical,अयोग्य,संस्थापक
inalienable,alienable,अविच्छेद्य,बदलने के योग्य
inalterable,alterable,निरंतर,परिवर्तन के योग्य
inanimate,animate,अचेतन,चेतन
inanimateness,aliveness,अविभाज्यता,जीवंतता
inanimateness,animateness,अविभाज्यता,अनमोलता
inanimateness,liveness,अविभाज्यता,जीवंतता
inapplicability,applicability,नामुनासिबत,प्रयोज्यता
inapplicability,pertinence,नामुनासिबत,यथार्थता
inapplicability,pertinency,नामुनासिबत,यथार्थता
inappositeness,appositeness,अयोग्यता,संगति
inappositeness,aptness,अयोग्यता,उपयुक्तता
inappropriate,appropriate,अनुचित,उपयुक्त
inappropriately,appropriately,अनुपयुक्त,उचित रूप से
inappropriately,befittingly,अनुपयुक्त,बेशुमार से
inappropriately,fitly,अनुपयुक्त,अनुकूल ढंग से
inappropriately,fittingly,अनुपयुक्त,संयोग
inappropriately,suitably,अनुपयुक्त,उपयुक्त रूप से
inappropriateness,appropriateness,अनुपयुक्तता,संगति
inappropriateness,rightness,अनुपयुक्तता,सच्चाई
inaptitude,aptitude,अक्षमता,कौशल
inaptness,appositeness,अयोग्यता,संगति
inaptness,aptness,अयोग्यता,उपयुक्तता
inarticulate,articulate,धीरे से बोलना,स्पष्ट करना
inarticulately,articulately,मूक रूप से,कलंक से
inarticulately,eloquently,मूक रूप से,अर्थपूर्ण
inattention,attending,आनाकानी,उपस्थित हो रहे हैं
inattention,attention,आनाकानी,ध्यान
inattentive,attentive,असंगत,सचेत
inattentiveness,attentiveness,अशिष्टता,सावधानी
inattentiveness,heed,अशिष्टता,सावधानी
inattentiveness,paying attention,अशिष्टता,ध्यान देना
inattentiveness,regard,अशिष्टता,संबद्ध
inaudibility,audibility,अश्राव्यता,श्रवणता
inaudibility,audibleness,अश्राव्यता,श्रवणता
inaudible,audible,अश्राव्य,सुनाई देने योग्य
inaudible,hearable,अश्राव्य,सुगंधित
inaudibleness,audibility,अयोग्यता,श्रवणता
inaudibleness,audibleness,अयोग्यता,श्रवणता
inaudibly,audibly,अश्रव्यतापर्वक,सुनने में
inaugural,exaugural,उद्घाटन,भंगुर
inauspicious,auspicious,अशिष्ट,शुभ
inauspiciously,auspiciously,अशिष्टता से,स्वच्छता से
inauspiciously,propitiously,अशिष्टता से,प्रचुरता से
inauspiciousness,auspiciousness,अमंगल,शुभ
inauspiciousness,propitiousness,अमंगल,प्रचंडता
inboard,outboard,भीतर,जहाज़ के बाहर
inbred,outbred,जन्मजात,गला घोंटना
incalculable,calculable,बेहिसाब,गणना योग्य
incapability,capability,असमर्थता,क्षमता
incapability,capableness,असमर्थता,आयुक्तता
incapability,potentiality,असमर्थता,संभावना
incapable,capable,अक्षम,काबिल
incapableness,capability,अयोग्यता,क्षमता
incapableness,capableness,अयोग्यता,आयुक्तता
incapableness,potentiality,अयोग्यता,संभावना
incapacitate,enable,अशक्त करना,सक्षम
incapacity,capacity,अक्षमता,क्षमता
incapacity,mental ability,अक्षमता,मानसिक क्षमता
incarnate,disincarnate,अवतार लेना,विघटित करना
incaution,carefulness,अवलोकन,सतर्कता
incaution,caution,अवलोकन,सावधानी
incaution,cautiousness,अवलोकन,सतर्क
incautious,cautious,असावधान,सावधान
incautiously,carefully,असावधानी से,सावधानी से
incautiously,cautiously,असावधानी से,सतर्कता से
incautiousness,carefulness,अवसाद,सतर्कता
incautiousness,caution,अवसाद,सावधानी
incautiousness,cautiousness,अवसाद,सतर्क
incentive,deterrence,प्रोत्साहन,डिटरेन्स
incentive,disincentive,प्रोत्साहन,निस्र्त्साहित
incertain,certain,ढुलमुल,निश्चित
incertain,sure,ढुलमुल,ज़रूर
incertitude,certainty,अनिश्चितता,निश्चितता
incident,basic,घटना,बुनियादी
incidental,basic,आकस्मिक,बुनियादी
incisively,imprecisely,भेदते हुए,असंगत रूप से
incisively,inexactly,भेदते हुए,बेवजह
incivility,civility,कटुता,शिष्टाचार
inclemency,good weather,सख़्ती,अच्छा मौसम
inclement,clement,कठोर,क्लेमेंत
inclementness,good weather,अवलोकन,अच्छा मौसम
inclination,disinclination,झुकाव,अनिच्छा
incline,disincline,इच्छा,डिसिएंटिन
incline,indispose,इच्छा,अस्वस्थता
inclined,disinclined,इच्छुक,विमुख
inclined,horizontal,इच्छुक,क्षैतिज
inclined,perpendicular,इच्छुक,सीधा
inclined,vertical,इच्छुक,खड़ा
include,except,शामिल करना,के अलावा
include,exclude,शामिल करना,बाहर करना
include,keep out,शामिल करना,दूर रहो
include,leave off,शामिल करना,छोड़ना
include,leave out,शामिल करना,चोर दिया
include,omit,शामिल करना,छोड़ देना
include,shut,शामिल करना,बंद
include,shut out,शामिल करना,निकाल देना
include,take out,शामिल करना,साथ ले जाएं
inclusion,exclusion,समावेश,बहिष्करण
inclusive,exclusive,सहित,अनन्य
incognizance,awareness,अविकसितता,जागरूकता
incognizance,cognisance,अविकसितता,संज्ञाना
incognizance,cognizance,अविकसितता,संज्ञाना
incognizance,consciousness,अविकसितता,चेतना
incognizance,knowingness,अविकसितता,ज्ञान
incognizant,aware,भेस बदले हुए,जागरूक
incognizant,cognisant,भेस बदले हुए,जानकार
incognizant,cognizant,भेस बदले हुए,जानकार
incoherence,coherence,बेतरतीबी,जुटना
incoherence,coherency,बेतरतीबी,जुटना
incoherence,cohesion,बेतरतीबी,एकजुटता
incoherence,cohesiveness,बेतरतीबी,सामंजस्य
incoherency,coherence,असंबद्धता,जुटना
incoherency,coherency,असंबद्धता,जुटना
incoherency,cohesion,असंबद्धता,एकजुटता
incoherency,cohesiveness,असंबद्धता,सामंजस्य
incoherent,coherent,बेतुका,सुसंगत
incoherent,consistent,बेतुका,सुसंगत
incoherent,logical,बेतुका,तार्किक
incoherent,ordered,बेतुका,आदेश दिया
incoherently,coherently,असंगति से,जुड़कर
incombustible,combustible,अग्निरोधक,दहनशील
income,expenditure,आय,व्यय
income,outgo,आय,रवानगी
income,outlay,आय,परिव्यय
income,spending,आय,खर्च
incoming,outgoing,आने वाली,जावक
incommensurate,commensurate,बेडौल,अनुरूप
incommodious,commodious,असुविधाजनक,विशाल
incommodious,convenient,असुविधाजनक,सुविधाजनक
incommunicative,communicative,एकांतप्रिय,मिलनसार
incommunicative,communicatory,एकांतप्रिय,परिचयात्मक
incommutable,commutable,अयोग्य,विनिमेय
incomparable,comparable,बेमिसाल,तुलनीय
incomparably,comparably,अतुलनीय,तुलनात्मक रूप से
incompatibility,compatibility,असंगति,अनुकूलता
incompatible,compatible,असंगत,अनुकूल
incompatible,congenial,असंगत,अनुकूल
incompatible,interactive,असंगत,इंटरएक्टिव
incompatible,synergistic,असंगत,सहक्रियात्मक
incompatibly,compatibly,असंगत रूप से,अनुरूपता से
incompetence,competence,अक्षमता,क्षमता
incompetence,competency,अक्षमता,क्षमता
incompetency,competence,अक्षमता,क्षमता
incompetency,competency,अक्षमता,क्षमता
incompetent,competent,अक्षम,सक्षम
incompetently,ably,अयोग्यतापूर्वक,प्रवीणता से
incompetently,aptly,अयोग्यतापूर्वक,जिसे उपयुक्त
incompetently,capably,अयोग्यतापूर्वक,कुशलता के साथ
incompetently,competently,अयोग्यतापूर्वक,सुयोग्य
incomplete,complete,अधूरा,पूरा
incompleteness,completeness,अपूर्णता,पूर्णता
incomprehensibility,comprehensibility,अचिंतनीयता,समझदारी
incomprehensibility,understandability,अचिंतनीयता,understandability
incomprehensible,comprehendible,समझ से बाहर,समझदार
incomprehensible,comprehensible,समझ से बाहर,सुबोध
incomprehensible,explicable,समझ से बाहर,समझाने के योग्य
incomprehension,comprehension,अज्ञेयत्व,समझ
incomprehensive,comprehensive,असभ्य,विस्तृत
incompressibility,compressibility,असंपीड्यता,दबाव
incompressibility,sponginess,असंपीड्यता,झिरझिरापन
incompressibility,squeezability,असंपीड्यता,निचोड़ने का काम
incompressible,compressible,अपरिमेय,सिकुड़ाया हुआ
inconclusive,conclusive,दुविधा में पड़ा हुआ,निर्णयात्मक
inconclusively,conclusively,अनिर्णीत रूप से,अंतिम तौर से
inconclusively,once and for all,अनिर्णीत रूप से,हमेशा के लिये
inconclusiveness,conclusiveness,अनिर्णीतता,निष्कर्ष
inconclusiveness,decisiveness,अनिर्णीतता,निश्चितता
inconclusiveness,finality,अनिर्णीतता,अन्तिम स्थिति
incongruent,congruent,असंगत,अनुकूल
incongruity,congruence,अयोग्यता,अनुरूपता
incongruity,congruity,अयोग्यता,सभा
incongruity,congruousness,अयोग्यता,बधाई
incongruous,congruent,बेमेल,अनुकूल
incongruous,congruous,बेमेल,मुताबिक़
incongruousness,congruence,असंगति,अनुरूपता
incongruousness,congruity,असंगति,सभा
incongruousness,congruousness,असंगति,बधाई
inconsequence,consequence,परिणामस्वरूप,परिणाम
inconsequence,import,परिणामस्वरूप,आयात
inconsequence,logicality,परिणामस्वरूप,तार्किकता
inconsequence,logicalness,परिणामस्वरूप,तार्किकता
inconsequence,moment,परिणामस्वरूप,पल
inconsequentially,consequentially,असंगत रूप से,तदनुसार
inconsequently,consequentially,अप्रासंगिक रूप से,तदनुसार
inconsiderable,considerable,विचारशून्य,विचारणीय
inconsiderate,considerate,अविवेकी,विचारशील
inconsiderately,considerately,असंगत रूप से,दूसरों के लिहाज से
inconsiderateness,considerateness,असंगतता,विचार -विमर्श
inconsiderateness,consideration,असंगतता,सोच-विचार
inconsiderateness,thoughtfulness,असंगतता,सावधानी
inconsideration,considerateness,असंगति,विचार -विमर्श
inconsideration,consideration,असंगति,सोच-विचार
inconsideration,thoughtfulness,असंगति,सावधानी
inconsistency,consistence,बेजोड़ता,सामंजस्य
inconsistency,consistency,बेजोड़ता,स्थिरता
inconsistent,consistent,असंगत,सुसंगत
inconsistently,consistently,असंगत,लगातार
inconsistently,systematically,असंगत,व्यवस्थित
inconsolable,consolable,गमगीन,कंसोल करने योग्य
inconspicuous,conspicuous,अगोचर,विशिष्ट
inconspicuously,conspicuously,inconspicuously,सुस्पष्ट
inconspicuousness,conspicuousness,असंगतता,स्पष्टता
inconstancy,constancy,चंचलता,भक्ति
inconstancy,stability,चंचलता,स्थिरता
inconstant,constant,अस्थिर,स्थिर
incontestable,contestable,निर्विवाद,कड़ा
incontestible,contestable,अव्यवस्थित,कड़ा
incontinent,continent,असंयमी,महाद्वीप
inconvenience,convenience,असुविधा,सुविधा
inconvenient,convenient,असुविधाजनक,सुविधाजनक
inconveniently,conveniently,बेढंगेपन,आसानी से
inconveniently,handily,बेढंगेपन,हाथ से
inconvertibility,convertibility,अनपेक्षितता,बदल सकना
inconvertible,convertible,बेबदल,परिवर्तनीय
inconvertible,exchangeable,बेबदल,बदलानेवाला
incoordination,coordination,असमन्वय,समन्वय
incorporate,disintegrate,शामिल,टुकड़े टुकड़े करना
incorporeal,corporeal,निराकार,मूर्त
incorporeal,material,निराकार,सामग्री
incorporeality,corporality,समापन,कॉरपोरेलिटी
incorporeality,corporeality,समापन,भौतिकता
incorporeality,materiality,समापन,माद्दा
incorporeality,physicalness,समापन,शारीरिकता
incorrect,correct,गलत,सही
incorrect,right,गलत,सही
incorrectly,aright,गलत तरीके से,दाहिनी ओर
incorrectly,correctly,गलत तरीके से,सही ढंग से
incorrectly,right,गलत तरीके से,सही
incorrectness,correctness,अशुद्धता,यथार्थता
incorrectness,rightness,अशुद्धता,सच्चाई
incorrigible,corrigible,असंशोधनीय,संकोच्य
incorrupt,corrupt,ईमानदार,भ्रष्ट
incorruptibility,corruptibility,अदूषणीयता,भ्रष्टता
incorruption,corruption,अमरता,भ्रष्टाचार
incorruption,corruptness,अमरता,भ्रष्टता
incorruptness,corruption,अयोग्यता,भ्रष्टाचार
incorruptness,corruptness,अयोग्यता,भ्रष्टता
increase,decrease,बढ़ोतरी,घटाना
increase,decrement,बढ़ोतरी,घटती
increase,diminish,बढ़ोतरी,घटाना
increase,diminution,बढ़ोतरी,कमी
increase,drop-off,बढ़ोतरी,बाहर निकलना
increase,fall,बढ़ोतरी,गिरना
increase,lessen,बढ़ोतरी,कम
increase,lessening,बढ़ोतरी,कम होना
increase,minify,बढ़ोतरी,छोटा करना
increase,reduction,बढ़ोतरी,कमी
increase,step-down,बढ़ोतरी,त्यागपत्र देना
increased,decreased,बढ़ा हुआ,की कमी हुई
increased,reduced,बढ़ा हुआ,कम किया हुआ
increasing,decreasing,की बढ़ती,घटते
incredibility,believability,अविश्वसनीयता,विश्वसनीयता
incredibility,credibility,अविश्वसनीयता,साख
incredibility,credibleness,अविश्वसनीयता,विश्वसनीयता
incredible,believable,अविश्वसनीय,मुमकिन
incredible,credible,अविश्वसनीय,विश्वसनीय
incredibleness,believability,अविश्वसनीयता,विश्वसनीयता
incredibleness,credibility,अविश्वसनीयता,साख
incredibleness,credibleness,अविश्वसनीयता,विश्वसनीयता
incredibly,believably,अविश्वसनीय रूप से,विश्वासपूर्वक
incredibly,credibly,अविश्वसनीय रूप से,विश्वसनीयता की दृष्टि
incredibly,plausibly,अविश्वसनीय रूप से,अनुग्राह्यतापूर्वक
incredibly,probably,अविश्वसनीय रूप से,शायद
incredulous,credulous,अविश्वसनीय,विश्रंभी
incredulously,believingly,अविश्वसनीय रूप से,विश्वासपूर्वक
incredulously,credulously,अविश्वसनीय रूप से,विश्वसनीयता से
increment,decrease,वेतन वृद्धि,घटाना
increment,decrement,वेतन वृद्धि,घटती
inculpative,exculpatory,प्रतिवादी,रिहाई का
inculpatory,exculpatory,अभियोगात्मक,रिहाई का
incurability,curability,लाइलाजता,सुगंधे की योग्यता
incurability,curableness,लाइलाजता,घमंड
incurable,curable,असमान,इलाज संभव
incurableness,curability,अयोग्यता,सुगंधे की योग्यता
incurableness,curableness,अयोग्यता,घमंड
incurious,curious,विचारशून्य,जिज्ञासु
indecency,decency,अशिष्टता,शिष्टता
indecent,decent,अभद्र,शालीन
indecently,decently,अशिष्टता से,सभ्यता से
indecision,decision,अनिर्णय,फ़ैसला
indecision,decisiveness,अनिर्णय,निश्चितता
indecisive,decisive,दुविधा में पड़ा हुआ,निर्णयक
indecisively,decisively,अनिश्चय से,दृढ़ता से
indecisively,resolutely,अनिश्चय से,सख्ती
indecisiveness,decision,अनिश्चितता,फ़ैसला
indecisiveness,decisiveness,अनिश्चितता,निश्चितता
indecorous,decorous,गंदा,शिष्ट
indecorously,decorously,अशिष्टता से,सजावट के साथ
indecorousness,decorousness,अशिष्टता,सजावट
indecorousness,decorum,अशिष्टता,शिष्टाचार
indecorum,decorousness,बेजा,सजावट
indecorum,decorum,बेजा,शिष्टाचार
indefeasible,defeasible,मदद करने योग्य,ग्रहण करने योग्य
indefinite,definite,अनिश्चितकालीन,निश्चित
indehiscent,dehiscent,अस्फोटी,खुल जानेवाला
indelicate,decorous,असभ्य,शिष्ट
independent,dependent,स्वतंत्र,आश्रित
independent,subordinate,स्वतंत्र,अधीनस्थ
indestructibility,destructibility,अक्षयता,विनाश्यता
indestructible,destructible,अक्षय,destructible
indeterminable,determinable,दुविधा में पड़ा हुआ,निर्धार्य
indeterminate,determinate,दुविधा में पड़ा हुआ,पक्का
indicate,contraindicate,संकेत देना,ख़िलाफ़
indication,contraindication,संकेत,विपरीत संकेत
indigestibility,digestibility,अपच,पाचन क्षमता
indigestibility,digestibleness,अपच,पाचनशीलता
indigestible,digestible,अपचनीय,सुपाच्य
indigestibleness,digestibility,अपचनीयता,पाचन क्षमता
indigestibleness,digestibleness,अपचनीयता,पाचनशीलता
indirect,direct,अप्रत्यक्ष,प्रत्यक्ष
indirect,lineal,अप्रत्यक्ष,नज़दीकी
indirect discourse,direct discourse,अप्रत्यक्ष प्रवचन,प्रत्यक्ष प्रवचन
indirect discourse,direct quotation,अप्रत्यक्ष प्रवचन,प्रत्यक्ष उद्धरण
indirect evidence,direct evidence,अप्रत्यक्ष साक्ष्य,प्रत्यक्ष साक्ष्य
indirectly,directly,परोक्ष रूप से,सीधे
indirectly,flat,परोक्ष रूप से,समतल
indirectly,straight,परोक्ष रूप से,सीधा
indirectness,directness,परोक्षता,सादगी
indirectness,straightness,परोक्षता,सीधा
indiscernible,discernable,अप्रत्यक्ष,विवेकाधीन
indiscernible,discernible,अप्रत्यक्ष,नमूदार
indiscipline,discipline,अनुशासनहीन,अनुशासन
indiscreet,discreet,असावधानीपूर्ण,विचार करना
indiscreetly,discreetly,बेतहाशा,सावधानी से
indiscreetness,judiciousness,अविवेक,न्यायसंगतता
indiscriminate,discriminate,अविवेकी,भेदभाव करना
indiscriminating,discriminating,अंधाधुंध,भेदभाव
indispensability,dispensability,एक भड़काया द्वारा इंगित किया गया,प्रचंडता
indispensability,dispensableness,एक भड़काया द्वारा इंगित किया गया,विघटन
indispensable,dispensable,अपरिहार्य,नगण्य
indispensableness,dispensability,अपरिहार्यता,प्रचंडता
indispensableness,dispensableness,अपरिहार्यता,विघटन
indispose,dispose,अस्वस्थता,निपटान
indispose,incline,अस्वस्थता,इच्छा
indispose,qualify,अस्वस्थता,अर्हता
indissoluble,soluble,स्थायी,घुलनशील
indistinct,distinct,अस्पष्ट,विशिष्ट
indistinctness,distinctness,अस्पष्टता,स्पष्टता
indistinctness,sharpness,अस्पष्टता,कुशाग्रता
indistinguishable,distinguishable,अविवेच्य,साफ़
individual,common,व्यक्ति,सामान्य
individualise,depersonalise,अकेला होना,प्रतिद्वंद्वी
individualise,depersonalize,अकेला होना,प्रतिध्वनित करना
individualise,objectify,अकेला होना,जीता-जागता कारण देना
individualism,commonality,व्यक्तिवाद,समानता
individualism,commonness,व्यक्तिवाद,मामूल
individuality,commonality,व्यक्तित्व,समानता
individuality,commonness,व्यक्तित्व,मामूल
individualize,depersonalise,अकेला होना,प्रतिद्वंद्वी
individualize,depersonalize,अकेला होना,प्रतिध्वनित करना
individualize,objectify,अकेला होना,जीता-जागता कारण देना
individuation,commonality,एक प्रकार का होना,समानता
individuation,commonness,एक प्रकार का होना,मामूल
indivisible,divisible,अभाज्य,भाज्य
indoor,out-of-door,इनडोर,दरवाजे से बाहर
indoor,outdoor,इनडोर,बाहरी
indoor,outside,इनडोर,बाहर
indoors,alfresco,घर के अंदर,खुली हवा में
indoors,out of doors,घर के अंदर,दरवाजे से बाहर
indoors,outdoors,घर के अंदर,सड़क पर
indoors,outside,घर के अंदर,बाहर
induced,self-generated,प्रेरित किया,स्वयं उत्पन्न
induced,spontaneous,प्रेरित किया,अविरल
inducement,deterrence,प्रलोभन,डिटरेन्स
inducement,disincentive,प्रलोभन,निस्र्त्साहित
inductee,military volunteer,अनुगम,सैनिक स्वयंसेवक
inductee,voluntary,अनुगम,स्वैच्छिक
inductee,volunteer,अनुगम,स्वयंसेवक
inductive,deductive,अधिष्ठापन का,वियोजक
indulgent,nonindulgent,कृपालु,अविभाज्य
indulgent,strict,कृपालु,कठोर
indurate,soften,कड़ा हो जाना,नरम
industrial,nonindustrial,औद्योगिक,अनिच्छुक
inebriated,sober,नशे में धुत,गंभीर
inebriation,soberness,मद्यपान,स्फटिकता
inebriation,sobriety,मद्यपान,संयम
inebriety,soberness,मद्यपान,स्फटिकता
inebriety,sobriety,मद्यपान,संयम
inedible,comestible,अखाद्य,खाद्य
inedible,eatable,अखाद्य,खाने योग्य
inedible,edible,अखाद्य,खाद्य
ineffective,effective,अप्रभावी,असरदार
ineffective,effectual,अप्रभावी,क्रियाशील
ineffective,efficacious,अप्रभावी,प्रभावोत्पादक
ineffectively,effectively,अप्रभावी,प्रभावी रूप से
ineffectively,efficaciously,अप्रभावी,प्रभाव के साथ
ineffectiveness,effectiveness,बेअसर,प्रभावशीलता
ineffectiveness,effectivity,बेअसर,effectivity
ineffectiveness,effectuality,बेअसर,प्रभावशालीता
ineffectiveness,effectualness,बेअसर,प्रभाव
ineffectual,effective,अप्रभावी,असरदार
ineffectual,effectual,अप्रभावी,क्रियाशील
ineffectual,efficacious,अप्रभावी,प्रभावोत्पादक
ineffectuality,effectiveness,अप्रभावीता,प्रभावशीलता
ineffectuality,effectivity,अप्रभावीता,effectivity
ineffectuality,effectuality,अप्रभावीता,प्रभावशालीता
ineffectuality,effectualness,अप्रभावीता,प्रभाव
ineffectually,effectually,अप्रभावी रूप से,असर में
ineffectualness,effectiveness,अप्रभावीता,प्रभावशीलता
ineffectualness,effectivity,अप्रभावीता,effectivity
ineffectualness,effectuality,अप्रभावीता,प्रभावशालीता
ineffectualness,effectualness,अप्रभावीता,प्रभाव
inefficacious,efficacious,बेअसर,प्रभावोत्पादक
inefficaciously,effectively,अखंडता से,प्रभावी रूप से
inefficaciously,efficaciously,अखंडता से,प्रभाव के साथ
inefficaciousness,efficaciousness,अयोग्यता,प्रभावहीनता
inefficaciousness,efficacy,अयोग्यता,प्रभावकारिता
inefficacy,efficaciousness,प्रभावहीनता,प्रभावहीनता
inefficacy,efficacy,प्रभावहीनता,प्रभावकारिता
inefficiency,efficiency,अक्षमता,क्षमता
inefficient,efficient,अप्रभावी,कुशल
inefficiently,efficiently,अखंडता से,कुशलता
inefficiently,expeditiously,अखंडता से,शीघ्र
inelastic,elastic,अलचकदार,लोचदार
inelasticity,elasticity,अतन्यकता,लोच
inelasticity,snap,अतन्यकता,स्नैप
inelegance,elegance,असजीलाता,लालित्य
inelegant,elegant,असजीला,सुरुचिपूर्ण
inelegantly,elegantly,अयोग्य रूप से,सुंदर ढंग से
ineligibility,eligibility,अयोग्यता,पात्रता
ineligible,eligible,अनुचित,योग्य
ineloquently,articulately,असंबद्ध रूप से,कलंक से
ineloquently,eloquently,असंबद्ध रूप से,अर्थपूर्ण
ineptitude,worth,अयोग्यता,लायक
ineptness,suitability,मूर्खता,उपयुक्तता
ineptness,suitableness,मूर्खता,ओचित्य
inequality,equality,असमानता,समानता
inequitable,equitable,अन्यायी,न्यायसंगत
inequitable,just,अन्यायी,अभी
inequitably,equitably,असमानता से,समान रूप से
inequity,equity,अन्याय,हिस्सेदारी
inequity,fairness,अन्याय,फेयरनेस
ineradicable,eradicable,जड़ से न उखाड़ने येग्य,उन्मूलन करने योग्य
inerrancy,errancy,अचूकता,भुलावा
inertia,activeness,जड़ता,सक्रियता
inertia,activity,जड़ता,गतिविधि
inessential,essential,नगण्य,आवश्यक
inessential,necessary,नगण्य,ज़रूरी
inessential,necessity,नगण्य,ज़रूरत
inessential,requirement,नगण्य,मांग
inessential,requisite,नगण्य,मांग
inessentiality,essentiality,अयोग्यता,तत्त्व
inessentiality,essentialness,अयोग्यता,अनिवार्यता
inevitable,avertable,अनिवार्य,टालने योग्य
inevitable,avertible,अनिवार्य,टालने योग्य
inevitable,avoidable,अनिवार्य,परिहार्य
inevitable,evitable,अनिवार्य,परिहार्य
inexact,exact,अशुद्ध,एकदम सही
inexactitude,exactitude,अशुद्धता,शुद्धता
inexactitude,exactness,अशुद्धता,शुद्धता
inexactly,exactly,बेवजह,बिल्कुल
inexactly,incisively,बेवजह,भेदते हुए
inexactly,precisely,बेवजह,एकदम सही
inexactness,exactitude,अशुद्धता,शुद्धता
inexactness,exactness,अशुद्धता,शुद्धता
inexcusable,excusable,अक्षम्य,क्षम्य
inexcusably,excusably,अक्षम्य,उत्साहपूर्वक
inexcusably,forgivably,अक्षम्य,माफ करते हुए
inexcusably,justifiably,अक्षम्य,उचित
inexcusably,pardonably,अक्षम्य,क्षमा कर
inexhaustible,exhaustible,अटूट,उदारता से
inexpedience,expedience,अयोग्य,मुनाफ़ा
inexpedience,expediency,अयोग्य,मुनाफ़ा
inexpediency,expedience,अचूकता,मुनाफ़ा
inexpediency,expediency,अचूकता,मुनाफ़ा
inexpedient,expedient,बेमतलब,उपाय
inexpediently,expediently,बेवजह,निर्लज्जता
inexpediently,inadvisably,बेवजह,अनिच्छुक रूप से
inexpensive,expensive,सस्ता,महँगा
inexpensively,expensively,सभ्य रूप से,बड़ी लागत
inexpensiveness,expensiveness,सस्ताता,महंगाई
inexperience,experience,अनुभव का हीनता,अनुभव
inexperienced,experienced,अनुभवहीन,अनुभवी
inexperienced,experient,अनुभवहीन,अनुभव करना
inexperient,experienced,बेवजह,अनुभवी
inexperient,experient,बेवजह,अनुभव करना
inexplicable,explicable,अकथनीय,समझाने के योग्य
inexplicit,explicit,अनुभवहीन,मुखर
inexplicit,expressed,अनुभवहीन,व्यक्त
inexplicitness,explicitness,अस्पष्टता,मुखरता
inexpressible,expressible,अकथनीय,व्याख्या योग्य
inexpressively,expressively,बेवजह,अर्थपूर्ण ढंग से
inextensible,extensible,अयोग्य,एक्सटेंसिबल
inextensible,extensile,अयोग्य,तननेवाला
inextinguishable,extinguishable,सदा जलानेवाला,बुझाने योग्य
inextricable,extricable,विकट,अखिल
infallibility,fallibility,अभ्रांतता,अशुद्ध
infallible,fallible,अचूक,अविश्वसनीय
infamy,celebrity,कुख्यात,प्रसिद्ध व्यक्ति
infamy,fame,कुख्यात,यश
infamy,renown,कुख्यात,यश
infeasibility,feasibility,infeasibility,व्यवहार्यता
infeasibility,feasibleness,infeasibility,दासता
infect,disinfect,संक्रमित,कीटाणुरहित
infected,antiseptic,संक्रमित,एंटीसेप्टिक
infectious,noninfectious,संक्रामक,अनभिज्ञ
infelicitous,felicitous,ख़राब,परम सुखी
infelicitously,felicitously,असंगत रूप से,सुख से
infelicity,felicitousness,अनमलता,निष्ठा
infelicity,felicity,अनमलता,परम सुख
inferior,adscript,अवर,विज्ञापन -पत्र
inferior,higher-up,अवर,ऊंचे
inferior,superior,अवर,बेहतर
inferior,superordinate,अवर,उच्चकोटी
inferior,superscript,अवर,ऊपर की ओर लिखा हुआ
inferiority,high quality,हीनता,उच्च गुणवत्ता
inferiority,superiority,हीनता,श्रेष्ठता
infernal,supernal,राक्षसी,दैवी
infernal region,Heaven,हीन क्षेत्र,स्वर्ग
infertile,fertile,अनुपजाऊ,उपजाऊ
infertility,fecundity,बांझपन,उपजाऊपन
infertility,fertility,बांझपन,उपजाऊपन
infidelity,faithfulness,बेवफ़ाई,भक्ति
infidelity,fidelity,बेवफ़ाई,निष्ठा
infield,outfield,आक्रमण करना,दूर का क्षेत्र
infinite,finite,अनंत,परिमित
infinitely,finitely,असीम,परिमित
infiniteness,boundedness,अनन्तता,बधाई
infiniteness,finiteness,अनन्तता,नियत्ता
infiniteness,finitude,अनन्तता,परिमितता
infinitude,boundedness,अनंत,बधाई
infinitude,finiteness,अनंत,नियत्ता
infinitude,finitude,अनंत,परिमितता
inflate,deflate,फुलाना,अपवित्र करना
inflation,deflation,मुद्रा स्फ़ीति,अपस्फीति
inflation,disinflation,मुद्रा स्फ़ीति,विस्फीति
inflationary,deflationary,मुद्रास्फीति,अपस्फीतिकर
inflationary spiral,deflationary spiral,मुद्रास्फीति सर्पिल,अपक्षय सर्पिल
inflected,uninflected,विभक्ति,एकत्रित
inflectional,derivational,लचकदार,धातुज
inflexibility,flexibility,दृढ़ता,FLEXIBILITY
inflexibility,flexibleness,दृढ़ता,लचीलापन
inflexible,compromising,अनम्य,समझौता
inflexible,conciliatory,अनम्य,मिलाप करनेवाला
inflexible,flexible,अनम्य,लचीला
inflexible,flexile,अनम्य,लचीला
inflexibleness,flexibility,अनम्यता,FLEXIBILITY
inflexibleness,flexibleness,अनम्यता,लचीलापन
inflexibly,flexibly,अनमोल रूप से,लचीलेपन
inflow,effluence,शाखा,बहना
inflow,efflux,शाखा,तपका
inflow,outflow,शाखा,निकल भागना
influential,uninfluential,प्रभावशाली,असंबद्ध
influx,effluence,तांता,बहना
influx,efflux,तांता,तपका
influx,outflow,तांता,निकल भागना
informal,formal,अनौपचारिक,औपचारिक
informality,formality,अनौपचारिकता,औपचारिकता
informality,formalness,अनौपचारिकता,औपचारिकता
informally,formally,अनौपचारिक रूप से,औपचारिक रूप से
informative,unenlightening,जानकारीपूर्ण,अनियंत्रित
informative,unilluminating,जानकारीपूर्ण,एकतरफा
informative,uninformative,जानकारीपूर्ण,असभ्य
informative,uninstructive,जानकारीपूर्ण,अनभिज्ञ
informatively,uninformatively,सूचनात्मक रूप से,अनभिज्ञता से
informatively,uninstructively,सूचनात्मक रूप से,अनभिज्ञता से
informatory,uninformative,ज्ञान बढ़ाने वाला,असभ्य
informed,uninformed,सूचित,बेख़बर
infract,keep,ढालना,रखना
infract,observe,ढालना,निरीक्षण
infrequent,frequent,निराला,अक्सर
infrequently,frequently,कभी कभी,बार-बार
infrequently,oft,कभी कभी,ओ एफ टी
infrequently,often,कभी कभी,अक्सर
infrequently,oftentimes,कभी कभी,अक्सर
infrequently,ofttimes,कभी कभी,tottimes
ingenuous,artful,सदाबहार,धूर्त
ingenuous,disingenuous,सदाबहार,कपटी
ingenuousness,disingenuousness,खरापन,असभ्यता
ingest,abstain,निगलना,बचना
ingest,desist,निगलना,रोकना
ingest,refrain,निगलना,रोकना
inglorious,glorious,लज्जाजनक,यशस्वी
ingratitude,gratitude,कृतघ्नता,कृतज्ञता
ingress,egress,प्रवेश,निकास
ingress,emersion,प्रवेश,प्रकट होना
inhabited,uninhabited,बसे हुए,निर्जन
inhale,breathe out,साँस,सांस लेना
inhale,exhale,साँस,साँस लेना
inhale,expire,साँस,समय सीमा समाप्त
inharmonious,harmonious,बेसुरा,सामंजस्यपूर्ण
inheritable,nonheritable,दाय,अखंड
inheritable,noninheritable,दाय,अखंड
inhibited,uninhibited,संकोची,बेहिचक
inhibitor,activator,अवरोधक,उत्प्रेरक
inhospitable,hospitable,असत्कारशील,मेहमाननवाज़
inhospitableness,hospitableness,अयोग्यता,धर्मपरायणता
inhospitably,hospitably,अयोग्य ढंग से,धर्मपरायणता से
inhospitality,cordial reception,असंबद्धता,सौहार्दपूर्ण स्वागत
inhospitality,hospitality,असंबद्धता,मेहमाननवाज़ी
inhumane,humane,अमानवीय,दयालु
inhumanely,humanely,अमानवीयता से,मानवता का
inhumaneness,humaneness,अमानवीयता,मानवता
inhumanity,humaneness,बेदर्दी,मानवता
inhumed,unburied,अमानवीय,असंबद्ध
initiate,uninitiate,आरंभ करना,एकतरफा
injectable,uninjectable,इंजेक्शन,अनियंत्रित
injudiciously,judiciously,बिना विचारे,विवेकपूर्ण तरीके से
injudiciousness,judiciousness,घिनौनापन,न्यायसंगतता
injured,uninjured,घायल,रिहाई
injustice,justice,अन्याय,न्याय
injustice,justness,अन्याय,उचित रूप
inkiness,white,इनहली,सफेद
inkiness,whiteness,इनहली,सफेदी
inland,coastal,अंतर्देशीय,तटीय
inmarriage,exogamy,अस्वस्थता,उकसाने वाला
inmarriage,intermarriage,अस्वस्थता,अंतर्विरोध
inmate,outpatient,कैदी,आउट पेशेंट
innate,conditioned,जन्मजात,वातानुकूलित
innate,learned,जन्मजात,सीखा
inner,outer,आंतरिक,आउटर
innocence,guilt,बेगुनाही,अपराध
innocence,guiltiness,बेगुनाही,अपराधबोध
innocent,guilty,मासूम,अपराधी
innocuous,noxious,अहानिकर,हानिकारक
innumerate,numerate,असंबद्ध,गिना हुआ
inodorous,odorous,गंधरहित,सुगंधित
inoffensive,dysphemistic,निरापद,शिथिलतावादी
inoffensive,offensive,निरापद,अप्रिय
inoffensively,offensively,अन्त: रूप से,आपत्तिजनक रूप
inoperable,operable,बेकार,प्रचलित
inoperative,operative,निष्क्रिय,ऑपरेटिव
inopportune,opportune,बेवक़्त,सामयिक
inopportunely,opportunely,असमय से,ठीक वक्त पर
inopportuneness,opportuneness,असंगतता,अवसाद
inopportuneness,patness,असंगतता,पैटनेस
inopportuneness,timeliness,असंगतता,समयबद्धता
inorganic,organic,अकार्बनिक,जैविक
inorganically,organically,अकार्बनिक रूप से,बवाल
inpatient,outpatient,रोगी,आउट पेशेंट
inquiring,uninquiring,जांच का,एकत्रित करना
inquiring,uninquisitive,जांच का,अनिच्छित
inquiry,answer,जाँच करना,उत्तर
inquisitorial,accusatorial,जिज्ञासु,अभियोजक
insalubriousness,salubriousness,अनिद्रता,सलायमता
insalubriousness,salubrity,अनिद्रता,सलायमता
insalubrity,salubriousness,अस्वाभाविकता,सलायमता
insalubrity,salubrity,अस्वाभाविकता,सलायमता
insane,sane,पागल,एसऐएनई
insanely,sanely,पागलपन की हद तक,सनसनी से
insanitary,healthful,अस्वास्थ्यकर,स्वस्थ
insanitary,sanitary,अस्वास्थ्यकर,सेनेटरी
insanity,saneness,पागलपन,पवित्रता
insanity,sanity,पागलपन,मानसिक स्वास्थ्य
insatiable,satiate,लालची,पूरा करना
insatiable,satiated,लालची,तृप्त
insatiate,satiate,लालची,पूरा करना
insatiate,satiated,लालची,तृप्त
insectivorous,carnivorous,कीट खानेवाला,मांसभक्षी
insectivorous,herbivorous,कीट खानेवाला,तृणभक्षी
insectivorous,omnivorous,कीट खानेवाला,सर्व-भक्षक
insecure,secure,असुरक्षित,सुरक्षित
insecure,unafraid,असुरक्षित,अभीत
insecure,untroubled,असुरक्षित,बेपरवाह
insecurely,securely,असुरक्षित,सुरक्षित रूप से
insecureness,secureness,असुरक्षितता,सुरक्षितता
insecurity,security,असुरक्षा,सुरक्षा
insensate,animate,बेहोश,चेतन
insensate,sentient,बेहोश,संवेदनशील
insensibility,aesthesia,असंवेदनशीलता,सौंदर्यशास्त्र
insensibility,esthesia,असंवेदनशीलता,क्षीणता
insensibility,sensibility,असंवेदनशीलता,संवेदनशीलता
insensible,sensible,बेसुध,समझदार
insensible,sensitive,बेसुध,संवेदनशील
insensitive,sensitive,सुन्न,संवेदनशील
insensitively,sensitively,असंवेदनशील रूप से,संवेदनशीलता
insensitiveness,sensitiveness,असंवेदनशीलता,संवेदनशीलता
insensitiveness,sensitivity,असंवेदनशीलता,संवेदनशीलता
insensitivity,sensitiveness,असंवेदनशीलता,संवेदनशीलता
insensitivity,sensitivity,असंवेदनशीलता,संवेदनशीलता
insentience,sentience,अयोग्यता,चेतना
insentient,animate,बेसुध,चेतन
insentient,sentient,बेसुध,संवेदनशील
inseparably,separably,अविभाज्य रूप से,अलग -अलग
inshore,offshore,नदी के किनारे पर,अपतटीय
inshore,seaward,नदी के किनारे पर,समुद्र की ओर
inside,alfresco,अंदर,खुली हवा में
inside,exterior,अंदर,बाहरी
inside,out of doors,अंदर,दरवाजे से बाहर
inside,outdoors,अंदर,सड़क पर
inside,outside,अंदर,बाहर
inside,outwardly,अंदर,के बाहर
insignificance,significance,निरर्थकता,महत्व
insignificant,important,तुच्छ,महत्वपूर्ण
insignificant,significant,तुच्छ,महत्वपूर्ण
insignificantly,significantly,निरर्थकता से,काफी
insincere,sincere,निष्ठाहीन,ईमानदार
insincerely,sincerely,असंगति से,ईमानदारी से
insincerely,truly,असंगति से,सही मायने में
insincerely,unfeignedly,असंगति से,अधूरा
insincerity,sincerity,निष्ठाहीनता,ईमानदारी
insobriety,soberness,मद्यपान,स्फटिकता
insobriety,sobriety,मद्यपान,संयम
insolubility,solubility,जटिलता,घुलनशीलता
insolubility,solvability,जटिलता,गलने की योग्यता
insoluble,soluble,अघुलनशील,घुलनशील
insolvency,solvency,दिवालियापन,करदानक्षमता
insolvent,solvent,दिवालिया,विलायक
insomnia,hypersomnia,अनिद्रा,हाइपरसोम्निया
inspan,outspan,उपयोग,बाहर की टीम
inspire,breathe out,प्रेरित करना,सांस लेना
inspire,exhale,प्रेरित करना,साँस लेना
inspire,expire,प्रेरित करना,समय सीमा समाप्त
inspiring,uninspiring,प्रेरणादायक,फीके
inspissate,thin,निरीक्षण करना,पतला
instability,balance,अस्थिरता,संतुलन
instability,stability,अस्थिरता,स्थिरता
instability,stableness,अस्थिरता,हताश
institutional,noninstitutional,संस्थागत,अन्त: संस्थागत
institutionalised,noninstitutionalised,समाज का,अविभाज्य
institutionalised,noninstitutionalized,समाज का,अविभाज्य
institutionalized,noninstitutionalised,समाज का,अविभाज्य
institutionalized,noninstitutionalized,समाज का,अविभाज्य
instructive,uninstructive,शिक्षाप्रद,अनभिज्ञ
instructively,uninformatively,अध्यापक रूप से,अनभिज्ञता से
instructively,uninstructively,अध्यापक रूप से,अनभिज्ञता से
instrumental,vocal,वाद्य,स्वर
insubordinate,subordinate,उद्धत,अधीनस्थ
insubordination,subordination,अवज्ञा,अधीनता
insubstantial,material,असाध्य,सामग्री
insubstantial,real,असाध्य,असली
insubstantial,substantial,असाध्य,संतोषजनक
insubstantiality,solidness,असंबद्धता,ठोसता
insubstantiality,substantiality,असंबद्धता,स्थिरता
insubstantiality,substantialness,असंबद्धता,पर्याप्तता
insufficiency,adequacy,कमी,पर्याप्तता
insufficiency,sufficiency,कमी,प्रचुरता
insufficient,sufficient,नाकाफी,पर्याप्त
insufficiently,sufficiently,अपर्याप्त,पर्याप्त रूप से
insulator,conductor,इन्सुलेटर,कंडक्टर
insurability,uninsurability,बीमा,बेवजह
insured,uninsured,बीमा,अपूर्वदृष्ट
insurmountable,surmountable,दुर्गम,जीतने योग्य
insusceptible,susceptible,अयोग्य,अतिसंवेदनशील
intangibility,palpability,अस्पृश्यता,प्रत्यक्षता
intangibility,tangibility,अस्पृश्यता,वास्तविकता
intangibility,tangibleness,अस्पृश्यता,स्पर्श
intangible,tangible,अमूर्त,मूर्त
intangible,touchable,अमूर्त,महसूस हो सकनेवाला
intangibleness,palpability,अनिश्चितता,प्रत्यक्षता
intangibleness,tangibility,अनिश्चितता,वास्तविकता
intangibleness,tangibleness,अनिश्चितता,स्पर्श
integrate,differentiate,एकीकृत करना,अंतर
integrate,disintegrate,एकीकृत करना,टुकड़े टुकड़े करना
integrate,segregate,एकीकृत करना,अलग
integrated,nonintegrated,एकीकृत,असंबद्ध
integrated,segregated,एकीकृत,जुदा
integrated,unintegrated,एकीकृत,अनपेक्षित
integrating,segregation,एकीकृत,पृथक्करण
integrating,sequestration,एकीकृत,ज़ब्ती
integration,segregation,एकीकरण,पृथक्करण
integration,sequestration,एकीकरण,ज़ब्ती
integrative,disintegrative,एकीकृत,विघटित
intellectual,emotional,बौद्धिक,भावनात्मक
intellectual,nonintellectual,बौद्धिक,अकारण
intelligence,stupidity,बुद्धिमत्ता,मूर्खता
intelligent,stupid,बुद्धिमान,मूर्ख
intelligent,unintelligent,बुद्धिमान,मूर्ख
intelligently,unintelligently,समझदारी,अनिच्छुकता से
intelligibility,unintelligibility,बोधगम्यता,अनपेक्षितता
intelligible,unintelligible,सुगम,अस्पष्ट
intelligibly,unintelligibly,बुद्धिमानी से,अनिच्छुक रूप से
intelligibly,ununderstandably,बुद्धिमानी से,अनिश्चित रूप से
intemperance,moderation,असंयमीता,संयम
intemperance,temperance,असंयमीता,TEMPERANCE
intemperate,temperate,असंयमी,शीतोष्ण
intemperately,lightly,सभ्य रूप से,हलकी हलकी
intended,unintended,अभिप्रेत,अनपेक्षित
intense,mild,गहन,हल्का
intensify,de-escalate,तेज,पैमाना
intensify,step down,तेज,त्यागपत्र देना
intensify,weaken,तेज,कमजोर
intensifying,moderating,तेज,मॉडरेट
intensity,softness,तीव्रता,मृदुता
intensive,extensive,गहन,व्यापक
intentional,undesigned,जान-बूझकर,नाहक
intentionally,accidentally,जानबूझकर,अकस्मात
intentionally,by chance,जानबूझकर,संयोगवश
intentionally,circumstantially,जानबूझकर,ब्योरे से
intentionally,unexpectedly,जानबूझकर,अप्रत्याशित रूप से
intentionally,unintentionally,जानबूझकर,अनजाने
interactive,antagonistic,इंटरएक्टिव,विरोधी
interactive,incompatible,इंटरएक्टिव,असंगत
interchangeability,unexchangeability,परस्पर,अनियंत्रितता
interchangeableness,unexchangeability,परस्पर क्रिया,अनियंत्रितता
intercontinental,continental,इंटरकांटिनेंटल,CONTINENTAL
interdepartmental,intradepartmental,शाखाओं के बीच का,अंतर्विरोधीय
interdict,allow,पाबंदी,अनुमति दें
interdict,countenance,पाबंदी,मुखाकृति
interdict,let,पाबंदी,होने देना
interdict,permit,पाबंदी,आज्ञा देना
interest,bore,दिलचस्पी,ऊब पैदा करना
interest,tire,दिलचस्पी,थका देना
interest,uninterestingness,दिलचस्पी,निर्बाधता
interested,uninterested,इच्छुक,रसहीन
interesting,uninteresting,दिलचस्प,रसहीन
interestingly,uninterestingly,सुहावना होते हुए,निर्बाध रूप से
interestingness,uninterestingness,दिलचस्पता,निर्बाधता
interference,noninterference,दखल अंदाजी,हस्तक्षेप न करने का
interference,nonintervention,दखल अंदाजी,अस्वीकार्य
interior,exterior,आंतरिक भाग,बाहरी
interior,outside,आंतरिक भाग,बाहर
interlace,untwine,जिल्द,खोल देना
intermarriage,endogamy,अंतर्विरोध,सगोत्र विवाह
intermarriage,exogamy,अंतर्विरोध,उकसाने वाला
intermarriage,inmarriage,अंतर्विरोध,अस्वस्थता
intermarriage,intermarriage,अंतर्विरोध,अंतर्विरोध
intermediate,terminal,मध्यवर्ती,टर्मिनल
internal,external,आंतरिक,बाहरी
internality,outwardness,अंतर्मतता,बाहर की ओर
internally,externally,आंतरिक रूप,बाहर से
international,national,अंतरराष्ट्रीय,राष्ट्रीय
international flight,domestic flight,अंतरराष्ट्रीय उड़ान,देशीय उड़ान
international law,civil law,अंतरराष्ट्रीय कानून,सिविल कानून
international waters,territorial waters,अंतर्राष्ट्रीय जल,प्रादेशिक जल
internationalism,nationalism,अंतर्राष्ट्रीयवाद,राष्ट्रवाद
interred,unburied,दफनाया,असंबद्ध
interrogation,answer,पूछताछ,उत्तर
interrogative,asserting,प्रश्नवाचक,जोर देकर कहा
interrogative,declarative,प्रश्नवाचक,कथात्मक
interrogative,declaratory,प्रश्नवाचक,निवेदक
interrogatory,asserting,पूछताछ करनेवाला,जोर देकर कहा
interrogatory,declarative,पूछताछ करनेवाला,कथात्मक
interrogatory,declaratory,पूछताछ करनेवाला,निवेदक
interspecies,intraspecies,अंतर्विरोध,इंट्रास्पेसीज
interspecies,intraspecific,अंतर्विरोध,अंतरंगतापूर्ण
interspecific,intraspecies,एक जैसा,इंट्रास्पेसीज
interspecific,intraspecific,एक जैसा,अंतरंगतापूर्ण
interstate,intrastate,अंतरराज्यीय,घुसपैठ करना
intertwine,untwine,एक दूसरे से लिपटना,खोल देना
intervention,noninterference,हस्तक्षेप,हस्तक्षेप न करने का
intervention,nonintervention,हस्तक्षेप,अस्वीकार्य
interweave,unweave,एक दूसरे से लिपटना,खोल देना
intestate,testate,बिना वसीयतनामा मारा हुआ,समाचार पत्र
into the wind,downwind,हवा में,हवा के साथ
intolerable,tolerable,न सहने योग्य,संतोषजनक
intolerably,acceptably,असह्य,स्वीकार्य
intolerably,so-so,असह्य,इतना तो
intolerably,tolerably,असह्य,यों ही
intolerance,tolerance,असहिष्णुता,सहनशीलता
intolerant,tolerant,असहिष्णु,सहिष्णु
intolerantly,tolerantly,असहिष्णुता से,सहनशीलतापूर्वक
intoxicate,cast down,नशा,गिराना
intoxicate,deject,नशा,दिल तोड़ना
intoxicate,demoralise,नशा,नैतिक करना
intoxicate,demoralize,नशा,नैतिक करना
intoxicate,depress,नशा,दबाना
intoxicate,dismay,नशा,बेचैनी
intoxicate,dispirit,नशा,दिल तोड़ना
intoxicate,get down,नशा,नीचे उतरो
intoxicated,sober,नशे में डाल दिया,गंभीर
intoxication,soberness,नशा,स्फटिकता
intoxication,sobriety,नशा,संयम
intra vires,ultra vires,इंट्रा वाइस,अल्ट्रा वाइस
intracellular,extracellular,intracellular,कोशिकी
intractability,flexibility,अकड़,FLEXIBILITY
intractability,tractability,अकड़,शिक्षणीयता
intractability,tractableness,अकड़,तड़पता
intractable,manipulable,असभ्य,जोड़नेवाला
intractable,tractable,असभ्य,विनयशील
intractableness,flexibility,अंतरंगता,FLEXIBILITY
intractableness,tractability,अंतरंगता,शिक्षणीयता
intractableness,tractableness,अंतरंगता,तड़पता
intradepartmental,interdepartmental,अंतर्विरोधीय,शाखाओं के बीच का
intramural,extramural,अंदर का,बाह्य
intransitive,transitive,अकर्मक,संक्रमण संबंधी
intransitively,transitively,अंतरंगता से,संक्रामक
intransitiveness,transitiveness,अंतर्विरोधीयता,संक्रमणीयता
intransitiveness,transitivity,अंतर्विरोधीयता,संक्रामिता
intransitivise,transitivise,अंतरंगता,पारगमन
intransitivise,transitivize,अंतरंगता,पारगमन करना
intransitivity,transitiveness,अंतरंगता,संक्रमणीयता
intransitivity,transitivity,अंतरंगता,संक्रामिता
intransitivize,transitivise,इंट्रान्सिटिव करना,पारगमन
intransitivize,transitivize,इंट्रान्सिटिव करना,पारगमन करना
intraspecies,interspecies,इंट्रास्पेसीज,अंतर्विरोध
intraspecies,interspecific,इंट्रास्पेसीज,एक जैसा
intraspecific,interspecies,अंतरंगतापूर्ण,अंतर्विरोध
intraspecific,interspecific,अंतरंगतापूर्ण,एक जैसा
intrastate,interstate,घुसपैठ करना,अंतरराज्यीय
intrepidly,fearfully,निडरता,भय सहित
intrinsic,extrinsic,आंतरिक,अजनबी
intrinsical,extrinsic,आंतरिक,अजनबी
intromit,refuse,अन्त:,अस्वीकार करना
intromit,reject,अन्त:,अस्वीकार करना
intromit,turn away,अन्त:,लौटाना
intromit,turn down,अन्त:,अस्वीकार करें
intron,coding DNA,इंट्रॉन,कोडिंग डीएनए
intron,exon,इंट्रॉन,बाहर निकलना
introspective,extrospective,आत्मविश्लेषी,अति
introspective,extroverted,आत्मविश्लेषी,बहिर्मुखी
introversion,ambiversion,अंतर्मुखता,अमानवीयता
introversion,extraversion,अंतर्मुखता,बहिर्मुखता
introversion,extroversion,अंतर्मुखता,बहिष्कार
introversive,ambiversive,अंतर्विरोधीय,अम्बुवर्सिव
introversive,extraversive,अंतर्विरोधीय,अतिरिक्त
introversive,extroversive,अंतर्विरोधीय,बहिर्गमन
introvert,extravert,अंतर्मुखी,बहिर्मुखी
introvert,extrovert,अंतर्मुखी,बहिर्मुखी
introverted,extrospective,अंतर्मुखी,अति
introverted,extroverted,अंतर्मुखी,बहिर्मुखी
introvertive,ambiversive,अंतर्मुखी,अम्बुवर्सिव
introvertive,extraversive,अंतर्मुखी,अतिरिक्त
introvertive,extroversive,अंतर्मुखी,बहिर्गमन
intrusive,extrusive,घुसपैठ,गंदे
intrusive,not intrusive,घुसपैठ,घुसपैठ नहीं
intrusive,protrusive,घुसपैठ,फैलने योग्य
intrusive,unintrusive,घुसपैठ,एकतरफा
inutility,usefulness,व्यर्थता,उपयोग
inutility,utility,व्यर्थता,उपयोगिता
invalid,valid,अमान्य,वैध
invalidate,formalise,अमान्य,सजाना
invalidate,formalize,अमान्य,सजाना
invalidate,validate,अमान्य,मान्य
invariability,unevenness,अचलता,असमता
invariability,variability,अचलता,परिवर्तनशीलता
invariability,variableness,अचलता,परिवर्तन हो सकता है
invariability,variance,अचलता,झगड़ा
invariable,variable,अचल,चर
invariableness,variability,परिवर्तनशून्ता,परिवर्तनशीलता
invariableness,variableness,परिवर्तनशून्ता,परिवर्तन हो सकता है
invariableness,variance,परिवर्तनशून्ता,झगड़ा
invariance,variability,निश्चरता,परिवर्तनशीलता
invariance,variableness,निश्चरता,परिवर्तन हो सकता है
invariance,variance,निश्चरता,झगड़ा
invasive,confined,इनवेसिव,सीमाबद्ध
invasive,noninvasive,इनवेसिव,अवेध्य
inverse,direct,श्लोक में,प्रत्यक्ष
invertebrate,vertebrate,अकशेरुकी,हड्डीवाला
inverted,amphitropous,उल्टे,एक प्रकार का
invertible,non-invertible,उलटी,गैर उलटी
invest,disinvest,निवेश करना,विनिवेश
invest,divest,निवेश करना,ले लेना
invigorate,blunt,का लाभ,कुंद
invigorate,deaden,का लाभ,मृत
invigorating,debilitating,स्फूर्तिदायक,दुर्बल
inviolable,violable,पवित्र,उल्लंघन करने योग्य
invisibility,visibility,अदर्शन,दृश्यता
invisibility,visibleness,अदर्शन,विजयता
invisible,conspicuous,अदृश्य,विशिष्ट
invisible,seeable,अदृश्य,परत करने योग्य
invisible,visible,अदृश्य,दृश्यमान
invisibleness,visibility,अविभाज्यता,दृश्यता
invisibleness,visibleness,अविभाज्यता,विजयता
invisibly,visibly,अदृश्य,दिख
inviting,uninviting,आमंत्रण,आमंत्रण रद्द करने
involuntarily,voluntarily,अनायास,स्वेच्छा से
involuntariness,willingness,अनैतिकता,इच्छा
involuntary,voluntary,अनैच्छिक,स्वैच्छिक
involution,non-engagement,पेचीदगी,गैर-उपासना
involution,non-involvement,पेचीदगी,गैर भागीदारी
involution,nonparticipation,पेचीदगी,अस्तित्वहीनता
involve,eliminate,शामिल होना,हटाना
involve,obviate,शामिल होना,मुक्त हो जाना
involve,rid of,शामिल होना,से छुटकारा
involved,uninvolved,शामिल,असंबद्ध
involvement,non-engagement,भागीदारी,गैर-उपासना
involvement,non-involvement,भागीदारी,गैर भागीदारी
involvement,nonparticipation,भागीदारी,अस्तित्वहीनता
invulnerability,vulnerability,अकाटता,भेद्यता
invulnerable,vulnerable,अभेद्य,असुरक्षित
inward,outward,आंतरिक,जावक
inward,outwards,आंतरिक,के बाहर
inwardly,outwardly,अंदर,के बाहर
inwardness,externality,अंदर की ओर,बाह्यता
inwardness,outwardness,अंदर की ओर,बाहर की ओर
inwards,outward,अंदर की ओर,जावक
inwards,outwards,अंदर की ओर,के बाहर
iodinate,de-iodinate,आयोडीन,डी-इडिनेट
iodinating,de-iodinating,आयोडिनेटिंग,डी-आइडिनेटिंग
ionate,de-ionate,उल्लिखित,डी-आयनित
ionic,nonionic,ईओण का,गैर ईओण
ionic,nonpolar,ईओण का,अध्रुवीय
ionised,nonionic,आयनित,गैर ईओण
ionised,nonionised,आयनित,अखंड
ionised,nonionized,आयनित,अखंडित
ionised,unionised,आयनित,संगठित
ionised,unionized,आयनित,संगठित
ionized,nonionic,आयनित,गैर ईओण
ionized,nonionised,आयनित,अखंड
ionized,nonionized,आयनित,अखंडित
ionized,unionised,आयनित,संगठित
ionized,unionized,आयनित,संगठित
ipsilateral,contralateral,इप्सिलैटरल,प्रतिपक्षी
ironed,unironed,इस्त्री,अनिर्दिष्ट
ironed,wrinkled,इस्त्री,झुर्रियों
irrational,rational,तर्कहीन,तर्कसंगत
irrationally,rationally,युक्तिपूर्वक,तर्क से
irreality,realism,अचूकता,यथार्थवाद
irreality,reality,अचूकता,वास्तविकता
irreality,realness,अचूकता,वास्तविकता
irreconcilable,reconcilable,कट्टर विरोधी,अविस्र्द्ध
irrecoverable,recoverable,अप्रतिलभ्य,बचानेवाला
irreducible,reducible,अलघुकरणीय,कम करने योग्य
irregular,regular,अनियमित,नियमित
irregularity,regularity,अनियमितता,नियमितता
irregularly,on a regular basis,अनियमित,एक नियमित आधार पर
irregularly,regularly,अनियमित,नियमित रूप से
irrelevance,relevance,असंबद्धता,प्रासंगिकता
irrelevance,relevancy,असंबद्धता,प्रासंगिकता
irrelevancy,relevance,अप्रासंगिकता,प्रासंगिकता
irrelevancy,relevancy,अप्रासंगिकता,प्रासंगिकता
irrelevant,relevant,अप्रासंगिक,उपयुक्त
irrelevantly,relevantly,बेमतलब,प्रासंगिक
irreligious,religious,अधार्मिक,धार्मिक
irremediable,remediable,लाइलाज,पुनर्विचार योग्य
irremovable,removable,अचल,हटाने योग्य
irreparable,rectifiable,अपूरणीय,शोधनीय
irreparable,reparable,अपूरणीय,मरम्मत योग्य
irreplaceable,replaceable,स्थिर,स्थान लेने योग्य
irreproducible,consistent,अविभाज्य,सुसंगत
irreproducible,reproducible,अविभाज्य,प्रतिलिपि प्रस्तुत करने योग्य
irresistible,resistible,अथक,बाधक
irresolute,resolute,डगमग,दृढ़
irresolutely,resolutely,दुर्बलतापूर्वक,सख्ती
irresoluteness,firmness,अचूकता,दृढ़ता
irresoluteness,firmness of purpose,अचूकता,उद्देश्य की दृढ़ता
irresoluteness,resoluteness,अचूकता,दृढ़ता
irresoluteness,resolution,अचूकता,संकल्प
irresoluteness,resolve,अचूकता,संकल्प
irresolution,firmness,दुबिधा,दृढ़ता
irresolution,firmness of purpose,दुबिधा,उद्देश्य की दृढ़ता
irresolution,resoluteness,दुबिधा,दृढ़ता
irresolution,resolution,दुबिधा,संकल्प
irresolution,resolve,दुबिधा,संकल्प
irresponsibility,responsibility,लापरवाही,ज़िम्मेदारी
irresponsibility,responsibleness,लापरवाही,ज़िम्मेदारी
irresponsible,responsible,गैर -जिम्मेदार,जिम्मेदार
irresponsibleness,responsibility,अचूकता,ज़िम्मेदारी
irresponsibleness,responsibleness,अचूकता,ज़िम्मेदारी
irresponsibly,responsibly,गैर जिम्मेदाराना,जिम्मेदार
irreverence,reverence,अपमान,श्रद्धा
irreverent,reverent,बेअदब,श्रद्धालु
irreverently,reverentially,बेअदबी से,भक्तिभाव
irreverently,reverently,बेअदबी से,आदर
irreversibility,reversibility,अपरिवर्तनीयता,उलटने अथवा पुलटने योग्यता
irreversible,reversible,अचल,प्रतिवर्ती
irreversible process,reversible process,अपरिवर्तनीय प्रक्रिया,प्रतिवर्ती प्रक्रिया
irrevocable,revocable,अटल,खंडन करने योग्य
irrevocable,revokable,अटल,निरर्थक
irrevokable,revocable,अविभाज्य,खंडन करने योग्य
irrevokable,revokable,अविभाज्य,निरर्थक
irritate,soothe,चिढ़ना,शांत करना
isometric,isotonic,सममितीय,समस्थानिक
isosmotic,hypertonic,समवर्ती,हाइपरटोनिक
isosmotic,hypotonic,समवर्ती,हाइपोटोनिक
isotonic,hypertonic,समस्थानिक,हाइपरटोनिक
isotonic,hypotonic,समस्थानिक,हाइपोटोनिक
isotonic,isometric,समस्थानिक,सममितीय
isotropic,anisotropic,समदैशिक,एनिस्ट्रोपिक
isotropous,anisotropic,आइसोट्रोपस,एनिस्ट्रोपिक
isotropy,anisotropy,आइसोट्रॉपी,असमदिग्वर्ती होने की दशा
issue,recall,मुद्दा,याद करना
jade,freshen,जेड,तरोताजा
jade,refresh,जेड,ताज़ा
jade,refreshen,जेड,ताज़ा करना
jam,disengage,जाम,छुड़ाना
jam,free,जाम,मुक्त
jawed,jawless,जावेद,बिना जौ
jawless,jawed,बिना जौ,जावेद
jejunely,maturely,जयजय रूप से,परिपक्वता
jibe,disaccord,हंसी,अयुक्त
jibe,disagree,हंसी,असहमत
jibe,discord,हंसी,कलह
join,disjoin,जोड़ना,जुदा करना
join,disjoint,जोड़ना,विभिन्न करना
joint,separate,संयुक्त,अलग
jointure,disunion,संयुक्त,एकता का अभाव
jolly,immoderately,जॉली,बिना संयम के
jolly,unreasonably,जॉली,अनुचित तरीके से
jolting,smooth,झटका,चिकना
jolty,smooth,धचके देनेवाला,चिकना
joy,sadden,आनंद,काला बनाना
joy,sorrow,आनंद,दु: ख
joyful,sorrowful,हर्षित,उदास
joyfully,joylessly,खुशी-खुशी,बिना खुशी
joyfulness,sorrow,आनन्द,दु: ख
joyless,joyous,उदास,आनंदित
joylessly,gleefully,बिना खुशी,प्रसन्नतापूर्वक
joylessly,joyfully,बिना खुशी,खुशी-खुशी
joylessly,joyously,बिना खुशी,आनंद से
joyous,joyless,आनंदित,उदास
joyously,joylessly,आनंद से,बिना खुशी
joyousness,sorrow,ख़ुशी,दु: ख
jubilantly,unhappily,आनंदपूर्वक,दुख
judgement in personam,judgement in rem,व्यक्ति में निर्णय,रेम में निर्णय
judgement in personam,judgment in rem,व्यक्ति में निर्णय,रेम में निर्णय
judgement in rem,judgement in personam,रेम में निर्णय,व्यक्ति में निर्णय
judgement in rem,judgment in personam,रेम में निर्णय,निर्णय का व्यक्ति
judgement in rem,personal judgement,रेम में निर्णय,व्यक्तिगत निर्णय
judgement in rem,personal judgment,रेम में निर्णय,व्यक्तिगत निर्णय
judgment in personam,judgement in rem,निर्णय का व्यक्ति,रेम में निर्णय
judgment in personam,judgment in rem,निर्णय का व्यक्ति,रेम में निर्णय
judgment in rem,judgement in personam,रेम में निर्णय,व्यक्ति में निर्णय
judgment in rem,judgment in personam,रेम में निर्णय,निर्णय का व्यक्ति
judgment in rem,personal judgement,रेम में निर्णय,व्यक्तिगत निर्णय
judgment in rem,personal judgment,रेम में निर्णय,व्यक्तिगत निर्णय
judgment of conviction,acquittal,सजा का निर्णय,दोषमुक्ति
judgmental,nonjudgmental,अनुमान,अव्यवस्थित
judiciously,injudiciously,विवेकपूर्ण तरीके से,बिना विचारे
judiciousness,indiscreetness,न्यायसंगतता,अविवेक
judiciousness,injudiciousness,न्यायसंगतता,घिनौनापन
juiceless,juicy,रस्मी,रसदार
juicer,abstainer,जूसर,परहेजगार
juicer,abstinent,जूसर,संयमी
juicer,nondrinker,जूसर,नोड्रिंकर
juicy,juiceless,रसदार,रस्मी
jump on,get off,कूदना,उतर जाओ
jump on,hop out,कूदना,रोकना
jumpy,smooth,चिड़चिड़ा,चिकना
junior,senior,कनिष्ठ,वरिष्ठ
just,inequitable,अभी,अन्यायी
just,unfair,अभी,अनुचित
just,unjust,अभी,अन्यायपूर्ण
justice,injustice,न्याय,अन्याय
justice,unjustness,न्याय,अन्याय
justifiably,inexcusably,उचित,अक्षम्य
justifiably,unjustifiably,उचित,अनावश्यक रूप से
justifiedly,unjustly,न्यायपूर्वक,अन्यायपूर्ण ढंग से
justify,blame,औचित्य,दोष
justify,fault,औचित्य,गलती
justly,unjustly,उचित रूप में,अन्यायपूर्ण ढंग से
justness,injustice,उचित रूप,अन्याय
justness,unjustness,उचित रूप,अन्याय
juvenile,adult,किशोर,वयस्क
juvenile,grownup,किशोर,बड़ा हुआ
juvenile person,adult,किशोर व्यक्ति,वयस्क
juvenile person,grownup,किशोर व्यक्ति,बड़ा हुआ
kainogenesis,palingenesis,गुनगुनी,धूर्तता
kainogenesis,recapitulation,गुनगुनी,संक्षिप्त
katabatic,anabatic,अधोगामी,एक प्रकार का
katabolic,anabolic,कैटाबोलिक,उपचय
katabolism,anabolism,अपच,उपसर्ग
katabolism,constructive metabolism,अपच,रचनात्मक चयापचय
katamorphism,anamorphism,कैटामोर्फिज़्म,सताना
keenness,bluntness,इच्छा,मंदबुद्धि
keenness,dullness,इच्छा,मंदता
keep,allow,रखना,अनुमति दें
keep,breach,रखना,उल्लंघन
keep,break,रखना,तोड़ना
keep,discontinue,रखना,बंद
keep,go against,रखना,खिलाफ जाना
keep,infract,रखना,ढालना
keep,let,रखना,होने देना
keep,lose,रखना,खोना
keep,offend,रखना,कष्ट पहुंचाना
keep,permit,रखना,आज्ञा देना
keep,transgress,रखना,उल्लंघन करना
keep,violate,रखना,का उल्लंघन
keep down,barf,नीचे रखें,बारफ
keep down,be sick,नीचे रखें,बीमार हो
keep down,cast,नीचे रखें,ढालना
keep down,cat,नीचे रखें,बिल्ली
keep down,chuck,नीचे रखें,चक
keep down,disgorge,नीचे रखें,उगलना
keep down,honk,नीचे रखें,हार्न
keep down,puke,नीचे रखें,धूर्तता
keep down,purge,नीचे रखें,शुद्ध
keep down,regorge,नीचे रखें,प्रचुर मात्रा में
keep down,regurgitate,नीचे रखें,बहना
keep down,retch,नीचे रखें,उबकना
keep down,sick,नीचे रखें,बीमार
keep down,spew,नीचे रखें,वमन
keep down,spue,नीचे रखें,उगलना
keep down,throw up,नीचे रखें,फेंकना
keep down,upchuck,नीचे रखें,ऊपर उठना
keep down,vomit,नीचे रखें,उल्टी
keep down,vomit up,नीचे रखें,उल्टी करना
keep mum,open up,मम्मी रखना,खुलना
keep one's mouth shut,babble,मुंह बंद रखना,प्रलाप
keep one's mouth shut,babble out,मुंह बंद रखना,बेदखल करना
keep one's mouth shut,blab,मुंह बंद रखना,गप्पी
keep one's mouth shut,blab out,मुंह बंद रखना,बाहर निकलना
keep one's mouth shut,let the cat out of the bag,मुंह बंद रखना,थैली से बिल्ली को बाहर जाने दो
keep one's mouth shut,peach,मुंह बंद रखना,आड़ू
keep one's mouth shut,sing,मुंह बंद रखना,गाओ
keep one's mouth shut,spill the beans,मुंह बंद रखना,भेद खोलना
keep one's mouth shut,talk,मुंह बंद रखना,बात करना
keep one's mouth shut,tattle,मुंह बंद रखना,गपशप
keep out,admit,दूर रहो,स्वीकार करते हैं
keep out,include,दूर रहो,शामिल करना
keep out,let in,दूर रहो,भीतर आएं
keep quiet,babble,चुप रहो,प्रलाप
keep quiet,babble out,चुप रहो,बेदखल करना
keep quiet,blab,चुप रहो,गप्पी
keep quiet,blab out,चुप रहो,बाहर निकलना
keep quiet,let the cat out of the bag,चुप रहो,थैली से बिल्ली को बाहर जाने दो
keep quiet,peach,चुप रहो,आड़ू
keep quiet,sing,चुप रहो,गाओ
keep quiet,spill the beans,चुप रहो,भेद खोलना
keep quiet,talk,चुप रहो,बात करना
keep quiet,tattle,चुप रहो,गपशप
keep track,lose track,पूरी जानकारी रखें,ट्रैक खोना
kenogenesis,palingenesis,केनोजेनेसिस,धूर्तता
kenogenesis,recapitulation,केनोजेनेसिस,संक्षिप्त
kept,broken,रखा,टूटा हुआ
kept,unkept,रखा,unkept
kern,kern,आवारा,आवारा
key,atonalism,चाबी,अणुवाद
key,atonality,चाबी,अटोल
keyed,keyless,बंद,बिना चाबी
keyless,keyed,बिना चाबी,बंद
kick,cheer,लात मारना,खुश करना
kick,cheer up,लात मारना,खुश हो जाओ
kick,chirk up,लात मारना,चहकना
kick downstairs,advance,नीचे किक करना,अग्रिम
kick downstairs,elevate,नीचे किक करना,ऊपर उठाना
kick downstairs,kick upstairs,नीचे किक करना,ऊपर उठना
kick downstairs,promote,नीचे किक करना,पदोन्नति करना
kick downstairs,raise,नीचे किक करना,उठाना
kick downstairs,upgrade,नीचे किक करना,उन्नत करना
kick the bucket,be born,टोकरी में लात मारो,पैदा हो
kick upstairs,break,ऊपर उठना,तोड़ना
kick upstairs,bump,ऊपर उठना,उभार
kick upstairs,demote,ऊपर उठना,अवनत
kick upstairs,kick downstairs,ऊपर उठना,नीचे किक करना
kick upstairs,relegate,ऊपर उठना,बाहर निकाल देना
kickoff,end,शुरू करना,अंत
kickoff,ending,शुरू करना,समाप्ति
kickoff,middle,शुरू करना,मध्य
kid,parent,बच्चा,माता-पिता
kinaesthesia,kinanesthesia,चीनशिशिया,किनानेस्टेसिया
kinaesthesis,kinanesthesia,किनेस्टीसिस,किनानेस्टेसिया
kinanesthesia,kinaesthesia,किनानेस्टेसिया,चीनशिशिया
kinanesthesia,kinaesthesis,किनानेस्टेसिया,किनेस्टीसिस
kinanesthesia,kinesthesia,किनानेस्टेसिया,कीनेस्टीसिया
kinanesthesia,kinesthesis,किनानेस्टेसिया,कीनेस्टीसिस
kinanesthesia,kinesthetics,किनानेस्टेसिया,कीनेस्टहेटिक्स
kinanesthesia,muscle sense,किनानेस्टेसिया,मांसपेशी
kinanesthesia,sense of movement,किनानेस्टेसिया,आंदोलन की भावना
kind,unkind,दयालु,अशिष्ट
kindly,unkindly,कृपया,बेईमानी से
kindness,unkindness,दयालुता,इस कठोरता
kinesthesia,kinanesthesia,कीनेस्टीसिया,किनानेस्टेसिया
kinesthesis,kinanesthesia,कीनेस्टीसिस,किनानेस्टेसिया
kinesthetics,kinanesthesia,कीनेस्टहेटिक्स,किनानेस्टेसिया
king,female monarch,राजा,मादा सम्राट
king,queen,राजा,रानी
king,queen regnant,राजा,रानी
kip,wake,रात बिताने का स्थान,जागो
kip down,arise,झपकी लेना,उठना
kip down,get up,झपकी लेना,उठना
kip down,rise,झपकी लेना,उठना
kip down,turn out,झपकी लेना,उपस्थित होना
kip down,uprise,झपकी लेना,असुरक्षित
knock,praise,दस्तक,प्रशंसा
knot,ravel,गाँठ,प्रसिद्ध हो जाना
knot,ravel out,गाँठ,रगड़ना
knot,unknot,गाँठ,और बनाओ
knot,unpick,गाँठ,फैलाना
knot,unravel,गाँठ,खंडित
knot,unscramble,गाँठ,खोलना
knot,untangle,गाँठ,सुलझाना
know,ignore,जानना,अनदेखा करना
knowable,unknowable,ज्ञेय,अज्ञात
knowingly,inadvertently,जानबूझकर,अनजान
knowingly,unknowingly,जानबूझकर,अनजाने में
knowingly,unwittingly,जानबूझकर,बेइरादा
knowingness,incognizance,ज्ञान,अविकसितता
known,unknown,ज्ञात,अज्ञात
kvetch,cheer,फूल,खुश करना
kvetch,cheer up,फूल,खुश हो जाओ
kvetch,chirk up,फूल,चहकना
labeled,unlabeled,लेबल,लेबल नहीं किया गया
labeled,unlabelled,लेबल,लेबल नहीं किया गया
labeled,untagged,लेबल,टैग नहीं किए गए
labelled,unlabeled,लेबल किए गए,लेबल नहीं किया गया
labelled,unlabelled,लेबल किए गए,लेबल नहीं किया गया
labelled,untagged,लेबल किए गए,टैग नहीं किए गए
lace,untwine,फीता,खोल देना
laced,unlaced,सजी,अछूता हुआ
laced,untied,सजी,खुला
lack,feature,कमी,विशेषता
lack,have,कमी,पास होना
lactate,bottlefeed,लैक्टेट,बॉटल से पिलाना
lactating,dry,स्तनपान कराने वाली,सूखा
laissez-faire economy,non-market economy,अवकाश की अर्थव्यवस्था,गैर-बाजार अर्थव्यवस्था
laity,clergy,समाज,पादरियों
lamented,unlamented,पर खेद व्यक्त किया,अप्राप्य
lamented,unmourned,पर खेद व्यक्त किया,अनमोल किया हुआ
landed,landless,उतर ली,भूमिहीन
landless,landed,भूमिहीन,उतर ली
lap-strake,carvel-built,गोद,कावलबिल्ट
lap-straked,carvel-built,लपेटा हुआ,कावलबिल्ट
lap-streak,carvel-built,गोद में लकीर,कावलबिल्ट
lap-streaked,carvel-built,लपेटा हुआ,कावलबिल्ट
larboard,starboard,फिर से ढांकना,जहाज़ का दाहिना पहलू
large,little,बड़ा,थोड़ा
large,small,बड़ा,छोटा
largeness,littleness,स्थूलता,अल्पता
largeness,smallness,स्थूलता,छोटापन
largeness,unpretentiousness,स्थूलता,सत्यता
lash,unlash,चाबुक,फुज्जी
last,first,अंतिम,पहला
lasting,caducous,तक चलने वाले,समय से पहले गिरा हुआ
lasting,impermanent,तक चलने वाले,अनस्थिर
lasting,shed,तक चलने वाले,ओसारा
lasting,temporary,तक चलने वाले,अस्थायी
late,ahead of time,देर,समय से पहले
late,on time,देर,समय पर
late,early,देर,जल्दी
late,middle,देर,मध्य
late,too soon,देर,बहुत जल्द
lateness,earliness,विलंब,अर्लता
later,early,बाद में,जल्दी
latter,former,बाद वाला,पूर्व
laugh,cry,हँसना,चिल्लाना
laugh,weep,हँसना,रोना
launch,abolish,शुरू करना,समाप्त करना
launch,get rid of,शुरू करना,से छुटकारा
laureled,unlaureled,लॉरेल,अव्यवस्थित
laureled,unlaurelled,लॉरेल,अव्यवस्थित
laurelled,unlaureled,लॉरेल,अव्यवस्थित
laurelled,unlaurelled,लॉरेल,अव्यवस्थित
laurels,dishonor,ख्याति,बेईमानी करना
laurels,dishonour,ख्याति,बेईमानी करना
law of nations,civil law,राष्ट्रों का नियम,सिविल कानून
lawful,unlawful,क़ानूनी,ग़ैरक़ानूनी
lawfully,illegally,क़ानूनी तौर पर,अवैध रूप से
lawfully,illegitimately,क़ानूनी तौर पर,अवैधानिक ढंग से
lawfully,illicitly,क़ानूनी तौर पर,अवैध रूप से
lawfully,lawlessly,क़ानूनी तौर पर,अज्ञात रूप से
lawfully,unlawfully,क़ानूनी तौर पर,अवैध
lawfulness,unlawfulness,वैधता,अवैद
lawlessly,lawfully,अज्ञात रूप से,क़ानूनी तौर पर
lawlessly,legitimately,अज्ञात रूप से,वैध तरीके से
lawlessly,licitly,अज्ञात रूप से,अनुचित तरीके से
lax,tense,ढीला,तनावग्रस्त
laxation,tightening,जाली,कस
laxative,costive,रेचक,महत्त्वपूर्ण
lay claim,forego,दावा करना,त्याघना
lay claim,forfeit,दावा करना,अर्थदंड
lay claim,forgo,दावा करना,त्यागना
lay claim,give up,दावा करना,छोड़ देना
lay claim,throw overboard,दावा करना,पनपना
lay claim,waive,दावा करना,माफ
lay off,bear on,छंटनी,स्म्भालो
lay off,carry on,छंटनी,जारी रखो
lay off,continue,छंटनी,जारी रखना
lay off,preserve,छंटनी,संरक्षित करना
lay off,uphold,छंटनी,कायम रखना
lay witness,expert witness,गवाह,गवाह
layman,clergyman,साधारण व्यक्ति,पादरी
layman,man of the cloth,साधारण व्यक्ति,कपड़े का आदमी
layman,reverend,साधारण व्यक्ति,श्रद्धेय
layperson,clergyman,लेपर्सन,पादरी
layperson,man of the cloth,लेपर्सन,कपड़े का आदमी
layperson,reverend,लेपर्सन,श्रद्धेय
laze,work,लपेटना,काम
lead,deficit,नेतृत्व करना,घाटा
lead,follow,नेतृत्व करना,अनुसरण करना
lead astray,undeceive,भटकना,अव्यवस्थित करना
lead off,end,लाना,अंत
lead off,terminate,लाना,बर्खास्त
leaded,leadless,लीडेड,बिना
leaded,unleaded,लीडेड,अछूता हुआ
leaded gasoline,unleaded gasoline,लसीका गैसोलीन,बिना सीसे वाला गैसोलीन
leaded gasoline,unleaded petrol,लसीका गैसोलीन,अनलेडेड पेट्रोल
leaded petrol,unleaded gasoline,लेडेड पेट्रोल,बिना सीसे वाला गैसोलीन
leaded petrol,unleaded petrol,लेडेड पेट्रोल,अनलेडेड पेट्रोल
leader,follower,नेता,पालन ​​करने वाला
leading,following,अग्रणी,अगले
leadless,leaded,बिना,लीडेड
leafless,leafy,पत्तों,पत्तेदार
leafy,leafless,पत्तेदार,पत्तों
leaky,tight,टपका हुआ,कसा हुआ
lean,fat,दुबला,मोटा
lean,rich,दुबला,अमीर
leanness,avoirdupois,लगन,मोटापन
leanness,blubber,लगन,रोना
leanness,fat,लगन,मोटा
leanness,fatness,लगन,मोटापा
learned,innate,सीखा,जन्मजात
learned,unconditioned,सीखा,असुविधाजनक
learned,unlearned,सीखा,अशिक्षित
leased,unchartered,पट्टे पर,अज्ञात
least,most,कम से कम,अधिकांश
least,to the highest degree,कम से कम,उच्चतम डिग्री तक
leave,arrive,छुट्टी,आना
leave,come,छुट्टी,आना
leave,come in,छुट्टी,अंदर आएं
leave,disinherit,छुट्टी,disinherit
leave,disown,छुट्टी,अस्वीकार
leave,enter,छुट्टी,प्रवेश करना
leave,get,छुट्टी,पाना
leave,get in,छुट्टी,अंदर आना
leave,get into,छुट्टी,में मिलता है
leave,go in,छुट्टी,में जाना
leave,go into,छुट्टी,अंदर जाएं
leave,move into,छुट्टी,में स्थानांतरित
leave off,include,छोड़ना,शामिल करना
leave office,take office,Office छोड़ें,काम करना
leave out,attend to,चोर दिया,में भाग लेने के
leave out,include,चोर दिया,शामिल करना
leave out,take to heart,चोर दिया,दिल से ले लो
leavened,unleavened,ख़मीरवाला,अखमीरी
leavened,unraised,ख़मीरवाला,अनपेक्षित
lee,windward,ली,विंडवार्ड
lee side,windward,ली की ओर,विंडवार्ड
leeward,downwind,हवा का,हवा के साथ
leeward,windward,हवा का,विंडवार्ड
left,center,बाएं,केंद्र
left,right,बाएं,सही
left-handed,ambidextrous,बाएं हाथ से काम करने वाला,कपटी
left-handed,right-handed,बाएं हाथ से काम करने वाला,दांए हाथ से काम करने वाला
left-handed,two-handed,बाएं हाथ से काम करने वाला,दो हाथों से
legal,illegal,कानूनी,गैरकानूनी
legal age,minority,वैध युग,अल्पसंख्यक
legal age,nonage,वैध युग,अवयस्कता
legalise,criminalise,वैध बनाना,अपराध
legalise,criminalize,वैध बनाना,अपराध
legalise,illegalise,वैध बनाना,अवैध रूप से
legalise,illegalize,वैध बनाना,अवैध घोषित
legalise,outlaw,वैध बनाना,डाकू
legality,illegality,वैधता,अवैधता
legalize,criminalise,वैध बनाना,अपराध
legalize,criminalize,वैध बनाना,अपराध
legalize,illegalise,वैध बनाना,अवैध रूप से
legalize,illegalize,वैध बनाना,अवैध घोषित
legalize,outlaw,वैध बनाना,डाकू
legally,unlawfully,कानूनी तौर पर,अवैध
legato,disconnected,लोगाटो,डिस्कनेक्ट किया गया
legato,staccato,लोगाटो,असंबद्ध रीति
legged,legless,टांगों वाला,बिना लेग का
legibility,illegibility,स्पष्टता,अपठनीयता
legible,illegible,पढ़ने योग्य,अस्पष्ट
legibly,illegibly,स्पष्टता से,घसीट
legibly,undecipherably,स्पष्टता से,अविभाज्य रूप से
legibly,unreadably,स्पष्टता से,अपठित रूप से
legitimacy,illegitimacy,वैधता,हरामीपन
legitimate,criminalise,वैध,अपराध
legitimate,criminalize,वैध,अपराध
legitimate,illegalise,वैध,अवैध रूप से
legitimate,illegalize,वैध,अवैध घोषित
legitimate,illegitimate,वैध,अवैध
legitimate,outlaw,वैध,डाकू
legitimately,illegally,वैध तरीके से,अवैध रूप से
legitimately,illegitimately,वैध तरीके से,अवैधानिक ढंग से
legitimately,illicitly,वैध तरीके से,अवैध रूप से
legitimately,lawlessly,वैध तरीके से,अज्ञात रूप से
legitimately,out of wedlock,वैध तरीके से,वंश के बाहर
legitimatise,criminalise,वैध करना,अपराध
legitimatise,criminalize,वैध करना,अपराध
legitimatise,illegalise,वैध करना,अवैध रूप से
legitimatise,illegalize,वैध करना,अवैध घोषित
legitimatise,outlaw,वैध करना,डाकू
legitimatize,criminalise,वैध बनाना,अपराध
legitimatize,criminalize,वैध बनाना,अपराध
legitimatize,illegalise,वैध बनाना,अवैध रूप से
legitimatize,illegalize,वैध बनाना,अवैध घोषित
legitimatize,outlaw,वैध बनाना,डाकू
legitimise,criminalise,वैधता,अपराध
legitimise,criminalize,वैधता,अपराध
legitimise,illegalise,वैधता,अवैध रूप से
legitimise,illegalize,वैधता,अवैध घोषित
legitimise,outlaw,वैधता,डाकू
legitimize,criminalise,वैधता,अपराध
legitimize,criminalize,वैधता,अपराध
legitimize,illegalise,वैधता,अवैध रूप से
legitimize,illegalize,वैधता,अवैध घोषित
legitimize,outlaw,वैधता,डाकू
legless,legged,बिना लेग का,टांगों वाला
lend,borrow,उधार देना,उधार
lend oneself,defy,लाना,अवहेलना
lend oneself,refuse,लाना,अस्वीकार करना
lend oneself,resist,लाना,प्रतिरोध करना
lender,borrower,ऋणदाता,उधार लेने वाला
lengthen,shorten,लंबा,इस प्रकार छोटा
lengthways,crosswise,Genglloways,आड़े
lengthwise,crosswise,लंबा,आड़े
lentic,lotic,लेंटिक,लोटिक
leptorhine,broadnosed,लेप्टोरहाइन,उछाल दिया हुआ
leptorhine,catarrhine,लेप्टोरहाइन,चटपटा
leptorhine,catarrhinian,लेप्टोरहाइन,कैटर्रिहिनियन
leptorhine,platyrhine,लेप्टोरहाइन,पठारहिन
leptorhine,platyrhinian,लेप्टोरहाइन,प्लाटिरहिनियन
leptorhine,platyrrhine,लेप्टोरहाइन,पठार
leptorhine,platyrrhinian,लेप्टोरहाइन,प्लाटिर्रहिनियन
leptorhine,platyrrhinic,लेप्टोरहाइन,पठार -संबंधी
leptorrhine,broadnosed,लेप्ट्रोरिनेशन,उछाल दिया हुआ
leptorrhine,catarrhine,लेप्ट्रोरिनेशन,चटपटा
leptorrhine,catarrhinian,लेप्ट्रोरिनेशन,कैटर्रिहिनियन
leptorrhine,platyrhine,लेप्ट्रोरिनेशन,पठारहिन
leptorrhine,platyrhinian,लेप्ट्रोरिनेशन,प्लाटिरहिनियन
leptorrhine,platyrrhine,लेप्ट्रोरिनेशन,पठार
leptorrhine,platyrrhinian,लेप्ट्रोरिनेशन,प्लाटिर्रहिनियन
leptorrhine,platyrrhinic,लेप्ट्रोरिनेशन,पठार -संबंधी
leptorrhinian,broadnosed,लेप्टोरिहिनियन,उछाल दिया हुआ
leptorrhinian,catarrhine,लेप्टोरिहिनियन,चटपटा
leptorrhinian,catarrhinian,लेप्टोरिहिनियन,कैटर्रिहिनियन
leptorrhinian,platyrhine,लेप्टोरिहिनियन,पठारहिन
leptorrhinian,platyrhinian,लेप्टोरिहिनियन,प्लाटिरहिनियन
leptorrhinian,platyrrhine,लेप्टोरिहिनियन,पठार
leptorrhinian,platyrrhinian,लेप्टोरिहिनियन,प्लाटिर्रहिनियन
leptorrhinian,platyrrhinic,लेप्टोरिहिनियन,पठार -संबंधी
leptorrhinic,broadnosed,लेप्टोरिहानिक,उछाल दिया हुआ
leptorrhinic,catarrhine,लेप्टोरिहानिक,चटपटा
leptorrhinic,catarrhinian,लेप्टोरिहानिक,कैटर्रिहिनियन
leptorrhinic,platyrhine,लेप्टोरिहानिक,पठारहिन
leptorrhinic,platyrhinian,लेप्टोरिहानिक,प्लाटिरहिनियन
leptorrhinic,platyrrhine,लेप्टोरिहानिक,पठार
leptorrhinic,platyrrhinian,लेप्टोरिहानिक,प्लाटिर्रहिनियन
leptorrhinic,platyrrhinic,लेप्टोरिहानिक,पठार -संबंधी
leptosporangiate,eusporangiate,लेप्टोस्पोरजेट,यूसोरफुनेट
less,more,कम,अधिक
less,more than,कम,इससे अधिक
less,to a greater extent,कम,अधिक हद तक
lessen,increase,कम,बढ़ोतरी
lessening,increase,कम होना,बढ़ोतरी
lesser,greater,कमतर,ग्रेटर
let,disallow,होने देना,अनुमति न दें
let,forbid,होने देना,ना करे
let,interdict,होने देना,पाबंदी
let,keep,होने देना,रखना
let,nix,होने देना,सिफ़र
let,prevent,होने देना,रोकना
let,prohibit,होने देना,निषेध
let,proscribe,होने देना,देश से निकालना
let,veto,होने देना,वीटो
let down,bring up,निराशा,ऊपर लाना
let down,elevate,निराशा,ऊपर उठाना
let down,get up,निराशा,उठना
let down,lift,निराशा,उठाना
let down,raise,निराशा,उठाना
let go,hold,जाने देना,पकड़ना
let go,take hold,जाने देना,पकड़ लो
let go of,hold,जाने देना,पकड़ना
let go of,take hold,जाने देना,पकड़ लो
let in,exclude,भीतर आएं,बाहर करना
let in,keep out,भीतर आएं,दूर रहो
let in,refuse,भीतर आएं,अस्वीकार करना
let in,reject,भीतर आएं,अस्वीकार करना
let in,shut,भीतर आएं,बंद
let in,shut out,भीतर आएं,निकाल देना
let in,turn away,भीतर आएं,लौटाना
let in,turn down,भीतर आएं,अस्वीकार करें
let out,take in,बाहर निकालना,ले लेना
let the cat out of the bag,keep one's mouth shut,थैली से बिल्ली को बाहर जाने दो,मुंह बंद रखना
let the cat out of the bag,keep quiet,थैली से बिल्ली को बाहर जाने दो,चुप रहो
let the cat out of the bag,shut one's mouth,थैली से बिल्ली को बाहर जाने दो,मुँह करना
lethargic,energetic,सुस्त,शक्तिशाली
level,erect,स्तर,खड़ा करना
level,put up,स्तर,उम्मीदवार होना
level,raise,स्तर,उठाना
level,rear,स्तर,पिछला
level,set up,स्तर,स्थापित करना
levitation,gravitation,उत्तोलन,आकर्षण-शक्ति
levity,gravity,छिछोरापन,गुरुत्वाकर्षण
levity,solemnity,छिछोरापन,गंभीरता
levorotation,clockwise rotation,लेवोरोटेशन,क्लॉकवाइज रोटेशन
levorotation,dextrorotation,लेवोरोटेशन,घनत्व
lexical ambiguity,monosemy,लेक्सिकल अस्पष्टता,मोनोसेमी
liability,asset,देयता,संपत्ति
liability,plus,देयता,प्लस
liar,square shooter,झूठा,वर्ग शूटर
liar,straight arrow,झूठा,सीधा तीर
liar,straight shooter,झूठा,सीधा शूटर
liberal,conservative,उदार,रूढ़िवादी
liberal,conservativist,उदार,रूढ़िवादी
liberalist,conservative,उदार,रूढ़िवादी
liberalist,conservativist,उदार,रूढ़िवादी
liberality,illiberality,उदारता,अचूकता
liberalness,illiberality,उदारता,अचूकता
liberate,confine,आजाद,सीमित
liberate,detain,आजाद,गिरफ्तारी
liberator,captor,मुक्तिदाता,क़ैदी बनानेवाला
liberator,capturer,मुक्तिदाता,कब्जा
libertarian,necessitarian,मुक्तिवादी,आवश्यक
licence,decertify,लाइसेंस,डिक्रिप्ट करना
licence,derecognise,लाइसेंस,मान्यता रद्द
licence,derecognize,लाइसेंस,समझाना
license,decertify,लाइसेंस,डिक्रिप्ट करना
license,derecognise,लाइसेंस,मान्यता रद्द
license,derecognize,लाइसेंस,समझाना
licit,illicit,जायज,अवैध
licitly,illegally,अनुचित तरीके से,अवैध रूप से
licitly,illegitimately,अनुचित तरीके से,अवैधानिक ढंग से
licitly,illicitly,अनुचित तरीके से,अवैध रूप से
licitly,lawlessly,अनुचित तरीके से,अज्ञात रूप से
licitness,illicitness,संगम,अवैधता
licking,triumph,चाट,विजयोल्लास
licking,victory,चाट,विजय
lidded,lidless,लिडा,ढीला
lidless,lidded,ढीला,लिडा
lie,arise,झूठ,उठना
lie,get up,झूठ,उठना
lie,rise,झूठ,उठना
lie,sit,झूठ,बैठना
lie,sit down,झूठ,बैठना
lie,stand,झूठ,खड़ा होना
lie,stand up,झूठ,खड़े हो जाना
lie,uprise,झूठ,असुरक्षित
lie down,arise,लेट जाओ,उठना
lie down,get up,लेट जाओ,उठना
lie down,rise,लेट जाओ,उठना
lie down,stand up,लेट जाओ,खड़े हो जाना
lie down,uprise,लेट जाओ,असुरक्षित
lifelessness,aliveness,बेजान,जीवंतता
lifelessness,animateness,बेजान,अनमोलता
lifelessness,liveness,बेजान,जीवंतता
lifelessness,motion,बेजान,गति
lift,bring down,उठाना,उतार देना
lift,come down,उठाना,नीचे आओ
lift,descend,उठाना,उतरना
lift,fall,उठाना,गिरना
lift,get down,उठाना,नीचे उतरो
lift,go down,उठाना,नीचे जाना
lift,let down,उठाना,निराशा
lift,lower,उठाना,निचला
lift,take down,उठाना,नीचे करें
lift up,cast down,उठाना,गिराना
lift up,deject,उठाना,दिल तोड़ना
lift up,demoralise,उठाना,नैतिक करना
lift up,demoralize,उठाना,नैतिक करना
lift up,depress,उठाना,दबाना
lift up,dismay,उठाना,बेचैनी
lift up,dispirit,उठाना,दिल तोड़ना
lift up,get down,उठाना,नीचे उतरो
light,blow out,रोशनी,बुझाना
light,dark,रोशनी,अँधेरा
light,darkness,रोशनी,अंधेरा
light,extinguish,रोशनी,बुझा
light,heavy,रोशनी,भारी
light,quench,रोशनी,बुझाना
light,snuff out,रोशनी,सूँघना
light up,cloud,प्रकाशित करना,बादल
light up,overcast,प्रकाशित करना,घटाटोप
light-colored,dark,हल्के रंग का,अँधेरा
light-duty,heavy-duty,भार रहित,अत्यधिक टिकाऊ
light-footed,heavy-footed,हल्के से,भारी टांगों
light-haired,brunet,प्रकाश बालों वाली,श्यामला
light-haired,brunette,प्रकाश बालों वाली,श्यामला
light,heavy,हल्का,भारी
lighted,unlighted,प्रकाशित,अप्रकाशित
lighted,unlit,प्रकाशित,तिमिराच्छन्न
lighten,darken,हल्का,नल
lighten,weigh down,हल्का,तौलना
lighten,weigh on,हल्का,चिंता होना
lighten up,darken,हल्का होना,नल
lighten up,weigh down,हल्का होना,तौलना
lighten up,weigh on,हल्का होना,चिंता होना
lighting,dark,प्रकाश,अँधेरा
lighting,darkness,प्रकाश,अंधेरा
lightly,hard,हलकी हलकी,मुश्किल
lightly,heavily,हलकी हलकी,भारी
lightly,intemperately,हलकी हलकी,सभ्य रूप से
lightly,thickly,हलकी हलकी,घनी
lightness,darkness,लपट,अंधेरा
lightness,heaviness,लपट,जड़ता
lightness,weightiness,लपट,बोझिलता
likable,unappealing,दिलकश,अनाकर्षक
likable,unlikable,दिलकश,नापसंद
likable,unlikeable,दिलकश,अयोग्य
likable,unsympathetic,दिलकश,कुरूप
like,different,पसंद,अलग
like,dislike,पसंद,नापसंद करना
like,dissimilar,पसंद,भिन्न
like,unalike,पसंद,अनलिक
like,unlike,पसंद,भिन्न
like an expert,amateurishly,एक विशेषज्ञ की तरह,शौकिया
likeable,unappealing,दिलकश,अनाकर्षक
likeable,unlikable,दिलकश,नापसंद
likeable,unlikeable,दिलकश,अयोग्य
likeable,unsympathetic,दिलकश,कुरूप
liked,disliked,पसंद किया,नापसंद
likelihood,unlikelihood,संभावना,अव्यवस्थितता
likelihood,unlikeliness,संभावना,अयोग्यता
likeliness,unlikelihood,इस संभावना को,अव्यवस्थितता
likeliness,unlikeliness,इस संभावना को,अयोग्यता
likely,improbable,संभावित,असंभव
likely,unlikely,संभावित,संभावना नहीं
likeness,dissimilitude,समानता,विभिन्नता
likeness,unlikeness,समानता,अनैतिकता
liking,dislike,पसंद,नापसंद करना
limbed,limbless,पंखवाला,रूढ़ि-प्रिय
limbless,limbed,रूढ़ि-प्रिय,पंखवाला
limited,limitless,सीमित,असीम
limited,local,सीमित,स्थानीय
limited,unlimited,सीमित,असीमित
limitless,limited,असीम,सीमित
limitlessness,boundedness,अमानवीयता,बधाई
limitlessness,finiteness,अमानवीयता,नियत्ता
limitlessness,finitude,अमानवीयता,परिमितता
limpidity,abstruseness,पारदर्शकता,बेवजह
limpidity,obscureness,पारदर्शकता,अश्लीलता
limpidity,obscurity,पारदर्शकता,अंधकार
limpidity,reconditeness,पारदर्शकता,समरूपता
limpidity,unclearness,पारदर्शकता,असंबद्धता
line up,skew,पंक्ति बनायें,तिरछा करना
lineal,collateral,नज़दीकी,संपार्श्विक
lineal,indirect,नज़दीकी,अप्रत्यक्ष
linear,cubic,रेखीय,घन
linear,digital,रेखीय,डिजिटल
linear,nonlinear,रेखीय,अरेखीय
linear,planar,रेखीय,प्लानर
linear,three-dimensional,रेखीय,तीन आयामी
linear,two-dimensional,रेखीय,दो आयामी
linearly,geometrically,रैखिक,ज्यामितीय
lined,unlined,पंक्तिवाला,अविभाज्य
linger,belt along,झपकी लेना,बेल्ट के साथ
linger,bucket along,झपकी लेना,साथ में बाल्टी
linger,cannonball along,झपकी लेना,तोप के साथ
linger,hasten,झपकी लेना,जल्दी करना
linger,hie,झपकी लेना,जल्दी करना
linger,hotfoot,झपकी लेना,जल्दबाज़ी से
linger,pelt along,झपकी लेना,साथ देना
linger,race,झपकी लेना,दौड़
linger,rush,झपकी लेना,जल्दबाज़ी करना
linger,rush along,झपकी लेना,साथ जाना
linger,speed,झपकी लेना,रफ़्तार
linger,step on it,झपकी लेना,जल्दी करना
lingual,nonlinguistic,बहुभाषी,अनियंत्रित
linguistic,nonlinguistic,भाषाई,अनियंत्रित
link,decouple,जोड़ना,दसगुणा
link,disconnect,जोड़ना,डिस्कनेक्ट
link,disconnectedness,जोड़ना,असंतुष्टता
link,disconnection,जोड़ना,वियोग
link,disjunction,जोड़ना,अलगाव
link,disjuncture,जोड़ना,अव्यवस्था
link,dissociate,जोड़ना,अलग कर देना
link up,decouple,लिंक करें,दसगुणा
link up,disconnect,लिंक करें,डिस्कनेक्ट
link up,dissociate,लिंक करें,अलग कर देना
lipless,lipped,बिना रंग का,ओंठों का
lipped,lipless,ओंठों का,बिना रंग का
lipped,unlipped,ओंठों का,अछूता हुआ
liquid,gaseous,तरल,गैसीय
liquid,solid,तरल,ठोस
liquid,unmelted,तरल,बेमिसाल
liquified,unmelted,द्रवरूप,बेमिसाल
listed,unlisted,सूचीबद्ध,गैर-सूचीबद्ध
listed security,OTC security,सूचीबद्ध सुरक्षा,ओटीसी सुरक्षा
listed security,over the counter security,सूचीबद्ध सुरक्षा,काउंटर सुरक्षा से अधिक
listed security,unlisted security,सूचीबद्ध सुरक्षा,असंबद्ध प्रतिभूति
lit,unlighted,जगमगाता,अप्रकाशित
lit,unlit,जगमगाता,तिमिराच्छन्न
literacy,analphabetism,साक्षरता,एनालफैबेटिज़्म
literacy,illiteracy,साक्षरता,निरक्षरता
literal,figurative,शाब्दिक,आलंकारिक
literal,nonliteral,शाब्दिक,अनियंत्रित
literalise,spiritualise,साहित्यकार करना,आध्यात्मिक रूप से
literalise,spiritualize,साहित्यकार करना,जोश पैदा करना
literalize,spiritualise,साहित्यिक बनाना,आध्यात्मिक रूप से
literalize,spiritualize,साहित्यिक बनाना,जोश पैदा करना
literally,figuratively,अक्षरशः,आलंकारिक रूप से
literate,illiterate,साहित्यिक,निरक्षर
little,big,थोड़ा,बड़ा
little,large,थोड़ा,बड़ा
little,much,थोड़ा,अधिकता
little,tall,थोड़ा,लंबा
little girl,boy,छोटी लड़की,लड़का
little girl,male child,छोटी लड़की,पुरुष बच्चे
littleness,bigness,अल्पता,बड़ापन
littleness,largeness,अल्पता,स्थूलता
livable,unlivable,बड़े जीवन बाल का,अयोग्य
livable,unliveable,बड़े जीवन बाल का,अयोग्य
live,dead,रहना,मृत
live,recorded,रहना,दर्ज
live birth,miscarriage,लाइव जन्म,गर्भपात
live birth,spontaneous abortion,लाइव जन्म,सहज गर्भपात
live birth,stillbirth,लाइव जन्म,स्टीलबर्थ
live in,live out,में रहते हैं,जिंदा रहना
live in,sleep out,में रहते हैं,सोचना
live out,live in,जिंदा रहना,में रहते हैं
live out,sleep in,जिंदा रहना,में सोना
live up to,fall short of,के अनुसार,कम होना
live-bearing,oviparous,जीना,डिंबप्रसू
live-bearing,ovoviviparous,जीना,ओविविविप्रस
liveable,unlivable,बड़े जीवन बाल का,अयोग्य
liveable,unliveable,बड़े जीवन बाल का,अयोग्य
liveborn infant,stillborn infant,Liveborn infant,स्टिलबोर्न शिशु
lively,dull,जीवंत,उदासीन
liven,blunt,अच्छा हो जाना,कुंद
liven,deaden,अच्छा हो जाना,मृत
liven up,blunt,तक जिंदा रहना,कुंद
liven up,deaden,तक जिंदा रहना,मृत
liveness,inanimateness,जीवंतता,अविभाज्यता
liveness,lifelessness,जीवंतता,बेजान
liveried,unliveried,एक प्रकार के कपड़े को पहनेवाला,अनिच्छुक
living,dead,जीविका,मृत
loaded,unloaded,लोड किया हुआ,उतार
loading,unloading,लोड करना,उतराई
loamless,loamy,लोमहीन,चिकनी बलुई मिट्टी का
loamy,loamless,चिकनी बलुई मिट्टी का,लोमहीन
loan,borrow,ऋृण,उधार
loaner,borrower,उधार लिया हुआ धन,उधार लेने वाला
local,express,स्थानीय,अभिव्यक्त करना
local,general,स्थानीय,सामान्य
local,limited,स्थानीय,सीमित
local,national,स्थानीय,राष्ट्रीय
location,studio,जगह,STUDIO
lock,disengage,ताला,छुड़ाना
lock,unlock,ताला,अनलॉक
lock,withdraw,ताला,निकालना
locomote,stay in place,चलना,जगह पर रहना
lodge,dislodge,लोड करना,जगह देना
lodge,free,लोड करना,मुक्त
loftiness,lowness,वायु,भयावह
log Z's,wake,लॉग जेड,जागो
log in,log off,लॉग इन करें,लॉग ऑफ़
log in,log out,लॉग इन करें,लॉग आउट
log off,log in,लॉग ऑफ़,लॉग इन करें
log off,log on,लॉग ऑफ़,पर लॉग ऑन करें
log off,log-in,लॉग ऑफ़,लॉग इन करें
log on,log off,पर लॉग ऑन करें,लॉग ऑफ़
log on,log out,पर लॉग ऑन करें,लॉग आउट
log out,log in,लॉग आउट,लॉग इन करें
log out,log on,लॉग आउट,पर लॉग ऑन करें
log out,log-in,लॉग आउट,लॉग इन करें
log-in,log off,लॉग इन करें,लॉग ऑफ़
log-in,log out,लॉग इन करें,लॉग आउट
logical,illogical,तार्किक,विसंगत
logical,incoherent,तार्किक,बेतुका
logical,unlogical,तार्किक,अनियंत्रित
logicality,illogic,तार्किकता,अचूक
logicality,illogicality,तार्किकता,विसंगति
logicality,illogicalness,तार्किकता,अटूटता
logicality,inconsequence,तार्किकता,परिणामस्वरूप
logically,illogically,तर्क में,असंगतता से
logicalness,illogic,तार्किकता,अचूक
logicalness,illogicality,तार्किकता,विसंगति
logicalness,illogicalness,तार्किकता,अटूटता
logicalness,inconsequence,तार्किकता,परिणामस्वरूप
long,forgetful,लंबा,भुलक्कड़
long,short,लंबा,छोटा
long,unretentive,लंबा,अयोग्य
long suit,weak point,लम्बा सूट,कमजोर बिंदु
long-spurred,short-spurred,लम्बी,कमज़ोर
longanimity,impatience,कष्ट सहने की शक्ति,अधीरता
longness,shortness,लम्बीपन,तकलीफ
longsightedness,myopia,दूरी की देखना,खीस
longsightedness,nearsightedness,दूरी की देखना,nearsightedness
longsightedness,shortsightedness,दूरी की देखना,कमज़ोरता
look,back,देखना,पीछे
look down on,admire,को तुच्छ समझना,प्रशंसा करना
look down on,look up to,को तुच्छ समझना,झांकना
look up to,look down on,झांकना,को तुच्छ समझना
loop,open circuit,कुंडली,खुला सर्किट
loop,uncoil,कुंडली,खुलना
loose,affixed,ढीला,चिपका हुआ
loose,compact,ढीला,कॉम्पैक्ट
loose,confine,ढीला,सीमित
loose,detain,ढीला,गिरफ्तारी
loose,stiffen,ढीला,ठोस बनाना
loose,tight,ढीला,कसा हुआ
loosely,narrowly,शिथिलता से,बाल बाल
loosen,stiffen,ढीला,ठोस बनाना
loosen up,block,ढीला करो,अवरोध पैदा करना
loosen up,choke up,ढीला करो,गला घोंटना
loosen up,lug,ढीला करो,पीछे पीछे फिरना
loosen up,strain,ढीला करो,छानना
loosen up,stuff,ढीला करो,सामग्री
loosen up,tense,ढीला करो,तनावग्रस्त
loosen up,tense up,ढीला करो,तनाव में आ जाना
looseness,fastness,ढील,स्थिरता
looseness,fixedness,ढील,स्थिरता
looseness,fixity,ढील,स्थिरता
looseness,fixture,ढील,स्थिरता
looseness,secureness,ढील,सुरक्षितता
looseness,tautness,ढील,राष्ट्रीयता
looseness,tightness,ढील,तंगी
loosening,tightening,ढीला,कस
lose,acquire,खोना,अधिग्रहण करना
lose,advance,खोना,अग्रिम
lose,break even,खोना,ब्रेक - ईवन
lose,find,खोना,खोजो
lose,gain,खोना,पाना
lose,gain ground,खोना,जमीन
lose,get ahead,खोना,आगे बढ़ना
lose,hold on,खोना,पकड़ना
lose,keep,खोना,रखना
lose,make headway,खोना,हेडवे बनाना
lose,profit,खोना,लाभ
lose,pull ahead,खोना,आगे बढ़ना
lose,regain,खोना,हासिल
lose,turn a profit,खोना,मुनाफा बारी
lose,win,खोना,जीतना
lose track,keep track,ट्रैक खोना,पूरी जानकारी रखें
lose weight,gain,वजन कम करना,पाना
lose weight,put on,वजन कम करना,लगाओ
loser,achiever,परास्त,अचीवर
loser,succeeder,परास्त,सफल
loser,success,परास्त,सफलता
loser,victor,परास्त,विजेता
loser,winner,परास्त,विजेता
losings,profits,पराजय,मुनाफे
losings,win,पराजय,जीतना
losings,winnings,पराजय,जीत
loss,gain,नुकसान,पाना
losses,profits,हानि,मुनाफे
losses,win,हानि,जीतना
losses,winnings,हानि,जीत
lossless,lossy,दोषरहित,हानिपूर्ण
lossy,lossless,हानिपूर्ण,दोषरहित
lost,found,खो गया,मिला
lost,saved,खो गया,बचा हुआ
lost,won,खो गया,जीत गया
lotic,lentic,लोटिक,लेंटिक
loud,piano,ऊँचा स्वर,पियानो
loud,quietly,ऊँचा स्वर,चुपचाप
loud,soft,ऊँचा स्वर,कोमल
loud,softly,ऊँचा स्वर,नरमी से
louden,hush,विश्राम कक्ष,चुप रहना
louden,hush up,विश्राम कक्ष,शांत होना
louden,pipe down,विश्राम कक्ष,बात बंद करना
louden,quiesce,विश्राम कक्ष,शांत
louden,quiet,विश्राम कक्ष,शांत
louden,quiet down,विश्राम कक्ष,शांत हो जाओ
louden,quieten,विश्राम कक्ष,शांत होना
louden,shut up,विश्राम कक्ष,चुप रहो
louden,silence,विश्राम कक्ष,मौन
louden,still,विश्राम कक्ष,फिर भी
loudly,piano,जोर से,पियानो
loudly,quietly,जोर से,चुपचाप
loudly,softly,जोर से,नरमी से
loudness,softness,प्रबलता,मृदुता
lovable,hateful,प्यारा,घृणित
love,detest,प्यार,घृणा
love,hate,प्यार,घृणा
love,hatred,प्यार,घृणा
loveable,hateful,अयोग्य,घृणित
loved,unloved,पसंद किया हुआ,अप्रिय
loving,unloving,प्यार,प्रेम
low,high,कम,उच्च
low,high-pitched,कम,अनिमेष
low explosive,high explosive,कम विस्फोटक,उच्च विस्फोटक
low frequency,high frequency,कम बार होना,उच्च आवृत्ति
low frequency,high pitch,कम बार होना,उच्च पिच
low pitch,high frequency,कम पिच,उच्च आवृत्ति
low pitch,high pitch,कम पिच,उच्च पिच
low quality,high quality,खराब क्वालिटी,उच्च गुणवत्ता
low quality,superiority,खराब क्वालिटी,श्रेष्ठता
low relief,alto relievo,कम राहत,अल्टो रेलीवो
low relief,alto rilievo,कम राहत,उच्च राहत
low relief,high relief,कम राहत,उच्च राहत
low spirits,high,कम स्पिरिट्स,उच्च
low status,high status,निम्न स्थिति,ऊंचा ओहदा
low temperature,heat,हल्का तापमान,गर्मी
low temperature,high temperature,हल्का तापमान,उच्च तापमान
low temperature,hotness,हल्का तापमान,hotness
low tide,high tide,कम ज्वार,ज्वार
low tide,high water,कम ज्वार,उच्च जल
low tide,highwater,कम ज्वार,हाइवॉटर
low water,high tide,निचला पानी,ज्वार
low water,high water,निचला पानी,उच्च जल
low water,highwater,निचला पानी,हाइवॉटर
low-class,middle-class,निम्न श्रेणी,मध्य वर्ग
low-class,upper-class,निम्न श्रेणी,उच्च श्रेणी
low-interest,high-interest,निम्न ब्याज,भारी ब्याज
low-level,dominant,कम स्तर,प्रमुख
low-pitched,high,अकुशादा,उच्च
low-pitched,high-pitched,अकुशादा,अनिमेष
low-resolution,high-resolution,कम रिज़ॉल्यूशन,उच्च संकल्प
low-rise,high-rise,कम ऊंचाई वाला,गगनचुंबी इमारत
low-sudsing,high-sudsing,कम sudsing,उच्च sudsing
low-tech,hi-tech,कम तकनीक,उच्च तकनीक
low-tech,high-tech,कम तकनीक,हाई टेक
low-tension,high-tension,कम तनाव,उच्च तनाव
low-voltage,high-tension,कम वोल्टेज,उच्च तनाव
lowborn,noble,नीच कुल का,महान
lower,bring up,निचला,ऊपर लाना
lower,elevate,निचला,ऊपर उठाना
lower,get up,निचला,उठना
lower,lift,निचला,उठाना
lower,raise,निचला,उठाना
lower limit,maximum,निचली सीमा,अधिकतम
lower limit,upper limit,निचली सीमा,ऊपरी सीमा
lower-case letter,capital,छोटा अक्षर,पूंजी
lower-case letter,capital letter,छोटा अक्षर,पूंजी पत्र
lower-case letter,majuscule,छोटा अक्षर,अपरकेस
lower-case letter,upper-case letter,छोटा अक्षर,बड़े अक्षर
lower-case letter,uppercase,छोटा अक्षर,अपरकेस
lower-class,middle-class,निचली श्रेणी,मध्य वर्ग
lower-class,upper-class,निचली श्रेणी,उच्च श्रेणी
lowercase,capital,छोटे,पूंजी
lowercase,capital letter,छोटे,पूंजी पत्र
lowercase,majuscule,छोटे,अपरकेस
lowercase,upper-case letter,छोटे,बड़े अक्षर
lowercase,uppercase,छोटे,अपरकेस
lowered,raised,उतारा,उठाया
lowland,highland,समतल नीचा भूमि,अधित्यका
lowland,upland,समतल नीचा भूमि,अपलैंड
lowliness,high status,दीनता,ऊंचा ओहदा
lowness,high status,भयावह,ऊंचा ओहदा
lowness,highness,भयावह,महारानी
lowness,loftiness,भयावह,वायु
loyal,disloyal,वफादार,बेवफ़ा
loyal,unpatriotic,वफादार,अदेशभक्तिपूर्ण
loyally,disloyally,वफादारी,बेवफाई
loyalty,disloyalty,निष्ठा,द्रोह
lubricated,ungreased,चिकनाई,अचूक
lubricated,unlubricated,चिकनाई,अछूता हुआ
lucidity,abstruseness,स्पष्टता,बेवजह
lucidity,obscureness,स्पष्टता,अश्लीलता
lucidity,obscurity,स्पष्टता,अंधकार
lucidity,reconditeness,स्पष्टता,समरूपता
lucidity,unclearness,स्पष्टता,असंबद्धता
lucidness,abstruseness,स्पष्टता,बेवजह
lucidness,obscureness,स्पष्टता,अश्लीलता
lucidness,obscurity,स्पष्टता,अंधकार
lucidness,reconditeness,स्पष्टता,समरूपता
lucidness,unclearness,स्पष्टता,असंबद्धता
luckily,alas,सौभाग्य से,हाय
luckily,regrettably,सौभाग्य से,अफसोस
luckily,unfortunately,सौभाग्य से,दुर्भाग्य से
luckily,unluckily,सौभाग्य से,unluckily
luckiness,bad luck,सौभाग्य,खराब किस्मत
luckiness,ill luck,सौभाग्य,मुसीबत
luckiness,misfortune,सौभाग्य,दुर्भाग्य
luckiness,tough luck,सौभाग्य,दुर्भाग्य
luckless,lucky,अभागा,भाग्यशाली
lucky,luckless,भाग्यशाली,अभागा
lucky,unlucky,भाग्यशाली,बदकिस्मत
lucrativeness,unprofitability,भड़काऊपन,अपव्यवस्था
lucrativeness,unprofitableness,भड़काऊपन,निष्फल
lucubrate,abbreviate,बीतना,संक्षिप्त
lucubrate,abridge,बीतना,संक्षेप करना
lucubrate,contract,बीतना,अनुबंध
lucubrate,cut,बीतना,काटना
lucubrate,foreshorten,बीतना,पूर्वाभास
lucubrate,reduce,बीतना,कम करना
lucubrate,shorten,बीतना,इस प्रकार छोटा
lug,loosen up,पीछे पीछे फिरना,ढीला करो
lug,unstuff,पीछे पीछे फिरना,अनभिज्ञ
lull,agitate,शांति काल,आंदोलन
lull,charge,शांति काल,शुल्क
lull,charge up,शांति काल,शुल्क लगाना
lull,commove,शांति काल,कदम
lull,excite,शांति काल,उत्तेजित
lull,rouse,शांति काल,जगाना
lull,turn on,शांति काल,चालू करो
lumper,divider,पिंड,डिवाइडर
lumper,splitter,पिंड,फाड़नेवाला
lyric,dramatic,गेय,नाटकीय
machine wash,hand-wash,मशीन की धुलाई,हाथ से धोना
machine wash,handwash,मशीन की धुलाई,हाथ से ढँकना
machine-made,hand-crafted,मशीन-निर्मित,हाथ से तैयार
machine-made,handmade,मशीन-निर्मित,हस्तनिर्मित
machine-wash,hand-wash,मशीन की धुलाई,हाथ से धोना
machine-wash,handwash,मशीन की धुलाई,हाथ से ढँकना
made,unmade,बनाया,परिवर्तित
madly,sanely,पागलों की तरह,सनसनी से
magnetic,antimagnetic,चुंबकीय,एंटीमैग्नेटिक
magnetic,geographic,चुंबकीय,ज्योग्राफिक
magnetic,geographical,चुंबकीय,भौगोलिक
magnetic,nonmagnetic,चुंबकीय,असंबद्ध
magnetise,degauss,चुंबक,डराज़
magnetise,demagnetise,चुंबक,डेमैग्नेटिस
magnetise,demagnetize,चुंबक,चुंबक की शक्ति को हटाना
magnetised,antimagnetic,चुंबकित,एंटीमैग्नेटिक
magnetize,degauss,मंगनी,डराज़
magnetize,demagnetise,मंगनी,डेमैग्नेटिस
magnetize,demagnetize,मंगनी,चुंबक की शक्ति को हटाना
magnetized,antimagnetic,चुंबकीय,एंटीमैग्नेटिक
magnification,understatement,बढ़ाई,परदा डालना
magnify,downplay,आवर्धक,नीचे गिरना
magnify,minimise,आवर्धक,छोटा करना
magnify,minimize,आवर्धक,छोटा करना
magnify,reduce,आवर्धक,कम करना
magnify,scale down,आवर्धक,कम करना
magnify,understate,आवर्धक,परदा डालना
main,dependent,मुख्य,आश्रित
main,subordinate,मुख्य,अधीनस्थ
major,minor,प्रमुख,नाबालिग
major,nonaged,प्रमुख,अखंड
major,underage,प्रमुख,अवयस्क
major surgery,minor surgery,प्रमुख सर्जरी,मामूली सर्जरी
majority,minority,बहुमत,अल्पसंख्यक
majority,nonage,बहुमत,अवयस्कता
majuscule,lower-case letter,अपरकेस,छोटा अक्षर
majuscule,lowercase,अपरकेस,छोटे
majuscule,minuscular,अपरकेस,माइनसस्कुलर
majuscule,minuscule,अपरकेस,एक प्रकार का हस्तलेख
majuscule,small letter,अपरकेस,छोटा पत्र
make,break,बनाना,तोड़ना
make,undo,बनाना,पूर्ववत
make,unmake,बनाना,टुकड़े टुकड़े करना
make clean,begrime,साफ करना,प्रांगण
make clean,bemire,साफ करना,बेकार कर देना
make clean,colly,साफ करना,कोल्ली
make clean,dirty,साफ करना,गंदा
make clean,grime,साफ करना,जमी हुई कीट
make clean,soil,साफ करना,मिट्टी
make full,empty,पूरा करना,खाली
make headway,drop off,हेडवे बनाना,बाहर निकलना
make headway,fall back,हेडवे बनाना,मैदान छोड़ना
make headway,fall behind,हेडवे बनाना,पिछड़ना
make headway,lose,हेडवे बनाना,खोना
make headway,recede,हेडवे बनाना,दूर जाना
make it,bomb,इसे बनाएं,बम
make it,fail,इसे बनाएं,असफल
make it,flunk,इसे बनाएं,फुहार
make it,flush it,इसे बनाएं,इसे फ्लश करें
make it,succumb,इसे बनाएं,मर जाना
make it,yield,इसे बनाएं,उपज
make peace,war,शांति बनाओ,युद्ध
make relaxed,strain,आराम करना,छानना
make relaxed,tense,आराम करना,तनावग्रस्त
make relaxed,tense up,आराम करना,तनाव में आ जाना
malacopterygian,acanthopterygian,चालाक,अकाटोप्ट्रीज
malacopterygian,spiny-finned fish,चालाक,स्पाइनी फिन्ड मछली
maladaptive,adaptative,कु-अनुकूलित,अनुकूली
maladaptive,adaptive,कु-अनुकूलित,अनुकूली
maladjusted,adjusted,असमान,समायोजित
maladroit,adroit,अनाड़ी,निपुण
maladroitly,adroitly,अनाड़ी,मुस्तैदी से
malady,health,रोग,स्वास्थ्य
malady,wellness,रोग,कल्याण
malapropos,apropos,गायब हो जाएगा,अनुरूप
malapropos,opportunely,गायब हो जाएगा,ठीक वक्त पर
male,androgynous,पुरुष,उभयलिंगी
male,female,पुरुष,महिला
male,female person,पुरुष,महिला व्यक्ति
male aristocrat,female aristocrat,पुरुष अभिजात,मादा अभिजात
male child,female child,पुरुष बच्चे,मादा बालक
male child,girl,पुरुष बच्चे,लड़की
male child,little girl,पुरुष बच्चे,छोटी लड़की
male monarch,female monarch,नलशूल,मादा सम्राट
male monarch,queen,नलशूल,रानी
male monarch,queen regnant,नलशूल,रानी
male offspring,female offspring,नर संतान,मादा संतान
male parent,female parent,पुरुष माता -पिता,मादा माता -पिता
male parent,mother,पुरुष माता -पिता,माँ
male person,female,पुरुष व्यक्ति,महिला
male person,female person,पुरुष व्यक्ति,महिला व्यक्ति
male sibling,female sibling,नर सिबलिंग,महिला भाई -बहन
maledict,bless,कुशलता,आशीर्वाद
maleficence,beneficence,हानिकरता,उपकार
maleficent,beneficent,नुक़सानदेह,उपकारवाला
maleness,femaleness,दुर्भावना,मादापन
maleness,feminineness,दुर्भावना,नारीपन
malevolence,benevolence,द्वेष,भलाई
malevolently,benevolently,दुर्बलता से,कृपापूर्वक
malfunction,function,खराबी,समारोह
malfunction,go,खराबी,जाना
malfunction,operate,खराबी,प्रचालन
malfunction,run,खराबी,दौड़ना
malfunction,work,खराबी,काम
malfunctioning,functioning,खराब,कामकाज
malicious,unmalicious,दुर्भावनापूर्ण,अनमोल
malign,benign,दुष्ट,सौम्य
malign,benignant,दुष्ट,महरबान
malignance,benignancy,घातक,सौम्यता
malignance,benignity,घातक,अच्छेपन
malignance,graciousness,घातक,कृपा
malignancy,benignancy,द्रोह,सौम्यता
malignancy,benignity,द्रोह,अच्छेपन
malignancy,graciousness,द्रोह,कृपा
malignant,benign,घातक,सौम्य
malignity,benevolence,द्रोह,भलाई
malignity,benignancy,द्रोह,सौम्यता
malignity,benignity,द्रोह,अच्छेपन
malignity,graciousness,द्रोह,कृपा
malleability,unmalleability,बढ़ने की योग्यता,अनैतिकता
malnourished,nourished,कुपोषित,पोषित
malodorous,fragrant,कुशलता -संबंधी,सुगंधित
malodourous,fragrant,कुरूप,सुगंधित
malted,unmalted,माल्टेड,बिना मौल्ट
maltreated,unabused,कुरूप,अयोग्य
man,adult female,आदमी,वयस्क महिला
man,civilian,आदमी,असैनिक
man,woman,आदमी,महिला
man of the cloth,layman,कपड़े का आदमी,साधारण व्यक्ति
man of the cloth,layperson,कपड़े का आदमी,लेपर्सन
man of the cloth,secular,कपड़े का आदमी,धर्मनिरपेक्ष
man-child,female offspring,बालक,मादा संतान
manage,fail,प्रबंधित करना,असफल
manageable,difficult,प्रबंधनीय,कठिन
manageable,unmanageable,प्रबंधनीय,अस्वाभाविक
manageably,unmanageably,संप्रदाय से,अप्रबंधनीय
manful,unmanful,बहादुर,असंबद्ध
manful,unmanlike,बहादुर,अमानवीय
manful,unmanly,बहादुर,डरनेवाला
manfully,unmanfully,मनमोहक रूप से,अनिच्छुक रूप से
manfully,unmanly,मनमोहक रूप से,डरनेवाला
manipulable,intractable,जोड़नेवाला,असभ्य
manlike,unmanful,पुरुष,असंबद्ध
manlike,unmanlike,पुरुष,अमानवीय
manlike,unmanly,पुरुष,डरनेवाला
manly,unmanful,मर्दाना,असंबद्ध
manly,unmanfully,मर्दाना,अनिच्छुक रूप से
manly,unmanlike,मर्दाना,अमानवीय
manly,unmanly,मर्दाना,डरनेवाला
manned,remote-controlled,आबाद,रिमोट-नियंत्रित किया हुआ
manned,unmanned,आबाद,मानव रहित
manual,automatic,नियमावली,स्वत:
many,few,अनेक,कुछ
many-sided,one-sided,बहुमुखी,एकतरफ़ा
many-sided,unilateral,बहुमुखी,एक तरफा
march on,draw back,कूच करना,वापस आ जाना
march on,move back,कूच करना,वापस जाना
march on,pull away,कूच करना,दूर करना
march on,pull back,कूच करना,ठहराना
march on,recede,कूच करना,दूर जाना
march on,retire,कूच करना,रिटायर
march on,retreat,कूच करना,पीछे हटना
march on,withdraw,कूच करना,निकालना
margin account,cash account,संचय खाता,रोकड़ा खाता
marginality,centrality,सीमांतता,केन्द्रीयता
mark,ignore,निशान,अनदेखा करना
mark down,mark up,चिन्हित करना,चिन्हित करना
mark up,mark down,चिन्हित करना,चिन्हित करना
marked,unmarked,चिह्नित,अगोचर
market economy,non-market economy,बाजार अर्थव्यवस्था,गैर-बाजार अर्थव्यवस्था
married,single,विवाहित,अकेला
married,unmarried,विवाहित,अविवाहित
married man,married woman,विवाहित व्यक्ति,शादीशुदा महिला
married man,wife,विवाहित व्यक्ति,पत्नी
married woman,hubby,शादीशुदा महिला,पति
married woman,husband,शादीशुदा महिला,पति
married woman,married man,शादीशुदा महिला,विवाहित व्यक्ति
masculine,feminine,मदार्ना,संज्ञा
masculine,neuter,मदार्ना,नपुंसक
masculinity,femaleness,बहादुरता,मादापन
masculinity,feminineness,बहादुरता,नारीपन
masculinity,femininity,बहादुरता,स्रीत्व
masculinity,muliebrity,बहादुरता,कोमलता
mask,unmask,नकाब,पोल खोलना
masochist,sadist,मासोचिस्ट,पीड़न कामुक
masochistic,sadistic,मसाला,परपीड़क
mat,disentangle,चटाई,सुलझाना
mat,straighten out,चटाई,पता लगाना
mat,unsnarl,चटाई,अस्वाभाविक
match,disaccord,मिलान,अयुक्त
match,disagree,मिलान,असहमत
match,discord,मिलान,कलह
matched,mismatched,मिलान,बेमिसाल
mated,unmated,संभोग किया हुआ,अचूक
material,immaterial,सामग्री,अमूर्त
material,incorporeal,सामग्री,निराकार
material,insubstantial,सामग्री,असाध्य
material,nonmaterial,सामग्री,गैर -सामग्री
material,unreal,सामग्री,अवास्तविक
material,unsubstantial,सामग्री,जिसमें कुछ तत्व न हो
materialise,dematerialise,अमल में लाना,डिमैटरलिस करना
materialise,dematerialize,अमल में लाना,अवमूल्य करना
materiality,immateriality,माद्दा,अपरिपक्वता
materiality,incorporeality,माद्दा,समापन
materialize,dematerialise,अमल में लाना,डिमैटरलिस करना
materialize,dematerialize,अमल में लाना,अवमूल्य करना
maternal,filial,मातृ,बेटा-संबंधी
maternal,paternal,मातृ,पितृ -संबंधी
mathematical,verbal,गणितीय,मौखिक
matriarchal,patriarchal,मातृसत्तात्मक,कुलपति का
maturation,nondevelopment,परिपक्वता,अव्यवस्थित
mature,green,परिपक्व,हरा
mature,immature,परिपक्व,अपरिपक्व
mature,unfledged,परिपक्व,पंखहीन
mature,unripe,परिपक्व,अपरिपक्व
mature,unripened,परिपक्व,अचूक
maturely,immaturely,परिपक्वता,नासमझी
maturely,jejunely,परिपक्वता,जयजय रूप से
matureness,immatureness,परिपक्वता,अचूकता
matureness,immaturity,परिपक्वता,अपरिपक्वता
maturity,immatureness,परिपक्वता,अचूकता
maturity,immaturity,परिपक्वता,अपरिपक्वता
maxi,midi,मैक्सी,मिडी
maxi,mini,मैक्सी,मिनी
maximal,minimal,अधिक से अधिक,न्यूनतम
maximal,minimum,अधिक से अधिक,न्यूनतम
maximally,minimally,ज़्यादा से ज़्यादा,न्यूनतम
maximation,minimisation,अधिकतमकरण,न्यूनतम
maximation,minimization,अधिकतमकरण,न्यूनतम
maximisation,minimisation,मैक्ज़िमाइज़ेशन,न्यूनतम
maximisation,minimization,मैक्ज़िमाइज़ेशन,न्यूनतम
maximise,minimise,अधिकतम,छोटा करना
maximise,minimize,अधिकतम,छोटा करना
maximization,minimisation,अधिकतम,न्यूनतम
maximization,minimization,अधिकतम,न्यूनतम
maximize,minimise,अधिकतम,छोटा करना
maximize,minimize,अधिकतम,छोटा करना
maximum,lower limit,अधिकतम,निचली सीमा
maximum,minimal,अधिकतम,न्यूनतम
maximum,minimum,अधिकतम,न्यूनतम
meager,ample,अल्प,प्रचुर
meagerly,ample,बहुत,प्रचुर
meagerly,amply,बहुत,जिसकी पर्याप्त
meagerly,fully,बहुत,पूरी तरह
meagerly,richly,बहुत,बड़े पैमाने पर
meagre,ample,अल्प,प्रचुर
meagrely,amply,बहुत,जिसकी पर्याप्त
meagrely,fully,बहुत,पूरी तरह
meagrely,richly,बहुत,बड़े पैमाने पर
meaningful,meaningless,सार्थक,व्यर्थ
meaningful,nonmeaningful,सार्थक,अखंड
meaningfulness,meaninglessness,सार्थकता,निरर्थकता
meaningless,meaningful,व्यर्थ,सार्थक
meaninglessness,meaningfulness,निरर्थकता,सार्थकता
meanspirited,generous,कंजूस,उदार
measurable,immeasurable,औसत दर्जे का,बहुत बड़ा
measurable,immensurable,औसत दर्जे का,अविभाज्य
measurable,unmeasurable,औसत दर्जे का,अयोग्य
measurable,unmeasured,औसत दर्जे का,अनापा
measurably,immeasurably,कुछ हद तक,कहीं
meatless,meaty,मांसहीन,भावपूर्ण
meaty,meatless,भावपूर्ण,मांसहीन
mechanical,nonmechanical,यांत्रिक,अखंड
mediacy,immediacy,मिडियासी,तुरंत्ता
mediacy,immediateness,मिडियासी,तात्कालिक
mediate,immediate,मीडिएट,तुरंत
mediateness,immediacy,मध्यस्थता,तुरंत्ता
mediateness,immediateness,मध्यस्थता,तात्कालिक
medical,operative,चिकित्सा,ऑपरेटिव
medical,surgical,चिकित्सा,शल्य चिकित्सा
medulla,cortex,मज्जा,कॉर्टेक्स
medullated,unmyelinated,जासूसी,बिना मेलिनकृत
meet,diverge,मिलो,हट जाना
melanise,white,मेलेनिस,सफेद
melanise,whiten,मेलेनिस,निखारने में सहायक
melanize,white,मेलेन बनाना,सफेद
melanize,whiten,मेलेन बनाना,निखारने में सहायक
meliorate,aggravate,कृषि योग्य बनाना,छेड़ना
meliorate,decline,कृषि योग्य बनाना,गिरावट
meliorate,exacerbate,कृषि योग्य बनाना,ख़राब करना
meliorate,exasperate,कृषि योग्य बनाना,चिढ़ाना
meliorate,worsen,कृषि योग्य बनाना,खराब
melioration,declination,भूमि-सुधार,झुकाव
melioration,decline,भूमि-सुधार,गिरावट
melodic,unmelodic,मधुर,अनमोलोडिक
melodic,unmelodious,मधुर,अनमोल
melodic,unmusical,मधुर,बेसुरा
melodious,tuneless,मधुर,बेसुरा
melodious,unmelodic,मधुर,अनमोलोडिक
melodious,unmelodious,मधुर,अनमोल
melodious,unmusical,मधुर,बेसुरा
melodious,untuneful,मधुर,असंबद्ध
melodiously,unmelodiously,मधुर स्वर से,अनमोल रूप से
melt off,gain,पिघलना,पाना
melt off,put on,पिघलना,लगाओ
melted,unmelted,पिघला हुआ,बेमिसाल
member,nonmember,सदस्य,गैर - सदस्य
membered,memberless,अंग का,बिना सदस्यतापूर्ण
memberless,membered,बिना सदस्यतापूर्ण,अंग का
memorably,unmemorably,ने अविस्मरणीय,अनमोल रूप से
mend,break,रफ़ू किया हुआ छेद,तोड़ना
mend,bust,रफ़ू किया हुआ छेद,छाती
mendaciously,truthfully,शिष्टता से,सत्य रूप से
mendacity,veracity,भिक्षावृति,सच्चाई
mensurable,immeasurable,औसत दर्जे का,बहुत बड़ा
mensurable,immensurable,औसत दर्जे का,अविभाज्य
mensurable,unmeasurable,औसत दर्जे का,अयोग्य
mensurable,unmeasured,औसत दर्जे का,अनापा
mental,physical,मानसिक,भौतिक
mental ability,incapacity,मानसिक क्षमता,अक्षमता
mental disease,mental health,मानसिक रोग,मानसिक स्वास्थ्य
mental health,mental disease,मानसिक स्वास्थ्य,मानसिक रोग
mental health,mental illness,मानसिक स्वास्थ्य,मानसिक बिमारी
mental health,psychopathy,मानसिक स्वास्थ्य,मनोरोग
mental illness,mental health,मानसिक बिमारी,मानसिक स्वास्थ्य
merciful,merciless,कृपालु,बेरहम
merciful,unmerciful,कृपालु,बेदर्द
mercifulness,mercilessness,रहम,बेदर्दी
mercifulness,unmercifulness,रहम,असभ्यता
merciless,merciful,बेरहम,कृपालु
mercilessness,mercifulness,बेदर्दी,रहम
mercilessness,mercy,बेदर्दी,दया
mercy,mercilessness,दया,बेदर्दी
mercy,unmercifulness,दया,असभ्यता
merge,break apart,मर्ज,अलग हुए
merge,disunify,मर्ज,अस्वीकार करना
merit,demerit,योग्यता,अवगुण
merit,fault,योग्यता,गलती
merit system,spoils system,योग्यता प्रणाली,बिगाड़ प्रणाली
merited,unmerited,सराहना,नाहक
merrily,unhappily,ख़ुशी से,दुख
mesh,disengage,जाल,छुड़ाना
mesh,withdraw,जाल,निकालना
mesial,distal,बीच का,बाहर का
mesic,hydric,मेस -संबंधी,हाइड्रिक
mesic,xeric,मेस -संबंधी,ज़िंदगी
mesomorphic,ectomorphic,मेसोमोर्फिक,एक्टोमोर्फिक
mesomorphic,endomorphic,मेसोमोर्फिक,एंडोमोर्फिक
mesomorphic,pyknic,मेसोमोर्फिक,पाइनीक
messiness,neatness,गूढ़ता,स्वच्छता
messiness,tidiness,गूढ़ता,सफ़ाई
metabolic,ametabolic,चयापचय,अमेतर
metabolic,ametabolous,चयापचय,अमीरी
metabolous,ametabolic,चयापचय,अमेतर
metabolous,ametabolous,चयापचय,अमीरी
metal,nonmetal,धातु,परत -संबंधी
metal,nonmetallic,धातु,गैर धात्विक
metallic,nonmetal,धातु का,परत -संबंधी
metallic,nonmetallic,धातु का,गैर धात्विक
metamorphic,nonmetamorphic,रूपांतरित,अनमोल
metier,weak point,धंधा,कमजोर बिंदु
middle,beginning,मध्य,शुरुआत
middle,commencement,मध्य,प्रारंभ
middle,early,मध्य,जल्दी
middle,end,मध्य,अंत
middle,ending,मध्य,समाप्ति
middle,first,मध्य,पहला
middle,get-go,मध्य,शुरुआत से
middle,kickoff,मध्य,शुरू करना
middle,late,मध्य,देर
middle,offset,मध्य,ओफ़्सेट
middle,outset,मध्य,शुरू
middle,showtime,मध्य,शो टाइम
middle,start,मध्य,शुरू
middle,starting time,मध्य,शुरुआती समय
middle-class,low-class,मध्य वर्ग,निम्न श्रेणी
middle-class,lower-class,मध्य वर्ग,निचली श्रेणी
middle-class,upper-class,मध्य वर्ग,उच्च श्रेणी
middling,immoderately,मंझला,बिना संयम के
middling,unreasonably,मंझला,अनुचित तरीके से
midi,maxi,मिडी,मैक्सी
midi,mini,मिडी,मिनी
midsummer,winter solstice,गरमी का मध्य,शीतकालीन अयनांत
migratory,nonmigratory,घुमंतू,अखंड
migratory,resident,घुमंतू,निवासी
mild,intense,हल्का,गहन
militarisation,demobilisation,सैन्यकरण,वियोजन
militarisation,demobilization,सैन्यकरण,वियोजन
militarise,demilitarise,सैन्य -संबंधी,ग़ैरफ़ौजीकरण करना
militarise,demilitarize,सैन्य -संबंधी,ग़ैरफ़ौजीकरण करना
militarization,demobilisation,सैन्यकरण,वियोजन
militarization,demobilization,सैन्यकरण,वियोजन
militarize,demilitarise,सैन्यकरण करना,ग़ैरफ़ौजीकरण करना
militarize,demilitarize,सैन्यकरण करना,ग़ैरफ़ौजीकरण करना
military,civilian,सैन्य,असैनिक
military,nonmilitary,सैन्य,अमीर
military,unmilitary,सैन्य,असंबद्ध
military man,civilian,सैन्य व्यक्ति,असैनिक
military personnel,civilian,सैन्य कर्मचारी,असैनिक
military volunteer,conscript,सैनिक स्वयंसेवक,भरती होनेवाला
military volunteer,draftee,सैनिक स्वयंसेवक,ड्राफ्ट
military volunteer,inductee,सैनिक स्वयंसेवक,अनुगम
mind,forget,दिमाग,भूल जाओ
mindful,forgetful,सावधान,भुलक्कड़
mindful,mindless,सावधान,नासमझ
mindful,unmindful,सावधान,पागल
mindfully,inadvertently,मन से,अनजान
mindfully,unknowingly,मन से,अनजाने में
mindfully,unmindfully,मन से,बेमिसाल से
mindfully,unwittingly,मन से,बेइरादा
mindfulness,heedlessness,सचेतन,अनवधानता
mindfulness,inadvertence,सचेतन,अनजान
mindfulness,inadvertency,सचेतन,अनजानता
mindfulness,unmindfulness,सचेतन,असभ्यता
mindless,aware,नासमझ,जागरूक
mindless,mindful,नासमझ,सावधान
mined,unmined,खनन,अनिर्दिष्ट
mini,maxi,मिनी,मैक्सी
mini,midi,मिनी,मिडी
minify,increase,छोटा करना,बढ़ोतरी
minimal,maximal,न्यूनतम,अधिक से अधिक
minimal,maximum,न्यूनतम,अधिकतम
minimally,maximally,न्यूनतम,ज़्यादा से ज़्यादा
minimisation,maximation,न्यूनतम,अधिकतमकरण
minimisation,maximisation,न्यूनतम,मैक्ज़िमाइज़ेशन
minimisation,maximization,न्यूनतम,अधिकतम
minimise,amplify,छोटा करना,बढ़ाना
minimise,exaggerate,छोटा करना,अतिरंजना करना
minimise,hyperbolise,छोटा करना,हाइपरबोलिस
minimise,hyperbolize,छोटा करना,हाइपरबोलिंग करना
minimise,magnify,छोटा करना,आवर्धक
minimise,maximise,छोटा करना,अधिकतम
minimise,maximize,छोटा करना,अधिकतम
minimise,overdraw,छोटा करना,ओवरड्रॉ
minimise,overstate,छोटा करना,परहेज करना
minimization,maximation,न्यूनतम,अधिकतमकरण
minimization,maximisation,न्यूनतम,मैक्ज़िमाइज़ेशन
minimization,maximization,न्यूनतम,अधिकतम
minimize,amplify,छोटा करना,बढ़ाना
minimize,exaggerate,छोटा करना,अतिरंजना करना
minimize,hyperbolise,छोटा करना,हाइपरबोलिस
minimize,hyperbolize,छोटा करना,हाइपरबोलिंग करना
minimize,magnify,छोटा करना,आवर्धक
minimize,maximise,छोटा करना,अधिकतम
minimize,maximize,छोटा करना,अधिकतम
minimize,overdraw,छोटा करना,ओवरड्रॉ
minimize,overstate,छोटा करना,परहेज करना
minimum,maximal,न्यूनतम,अधिक से अधिक
minimum,maximum,न्यूनतम,अधिकतम
minimum,upper limit,न्यूनतम,ऊपरी सीमा
minor,major,नाबालिग,प्रमुख
minor surgery,major surgery,मामूली सर्जरी,प्रमुख सर्जरी
minority,bulk,अल्पसंख्यक,थोक
minority,legal age,अल्पसंख्यक,वैध युग
minority,majority,अल्पसंख्यक,बहुमत
minus,plus,ऋण,प्लस
minuscular,majuscule,माइनसस्कुलर,अपरकेस
minuscule,capital,एक प्रकार का हस्तलेख,पूंजी
minuscule,capital letter,एक प्रकार का हस्तलेख,पूंजी पत्र
minuscule,majuscule,एक प्रकार का हस्तलेख,अपरकेस
minuscule,upper-case letter,एक प्रकार का हस्तलेख,बड़े अक्षर
minuscule,uppercase,एक प्रकार का हस्तलेख,अपरकेस
mirthfully,unhappily,मिर्च से,दुख
misbehave,behave,दुर्व्यवहार,व्यवहार
misbehave,comport,दुर्व्यवहार,समान होना
miscarriage,live birth,गर्भपात,लाइव जन्म
miscarry,bring home the bacon,असफल होना,वेतन कमाने वाला
miscarry,carry to term,असफल होना,कार्यभार करना
miscarry,come through,असफल होना,के द्वारा आएं
miscarry,deliver the goods,असफल होना,माल वितरित करना
miscarry,succeed,असफल होना,सफल होना
miscarry,win,असफल होना,जीतना
mischief,beneficence,शरारत,उपकार
miscible,immiscible,विलेयशील,मिलाने के लिए योग्य नहीं
miscible,non-miscible,विलेयशील,गैर विलेयशील
miscible,unmixable,विलेयशील,अचूक
misconception,concept,ग़लतफ़हमी,अवधारणा
misconception,conception,ग़लतफ़हमी,धारणा
misconception,construct,ग़लतफ़हमी,CONSTRUCT
misconduct,behave,दुराचार,व्यवहार
misconduct,comport,दुराचार,समान होना
misconstruction,construction,अवसाद,निर्माण
misconstruction,expression,अवसाद,अभिव्यक्ति
misconstruction,grammatical construction,अवसाद,व्याकरणिक निर्माण
misdemean,behave,दुर्व्यवहार,व्यवहार
misdemean,comport,दुर्व्यवहार,समान होना
misfortune,good fortune,दुर्भाग्य,शुभ भविष्य
misfortune,good luck,दुर्भाग्य,आपको कामयाबी मिले
misfortune,luckiness,दुर्भाग्य,सौभाग्य
misfunction,function,गलतफहमी,समारोह
misfunction,go,गलतफहमी,जाना
misfunction,operate,गलतफहमी,प्रचालन
misfunction,run,गलतफहमी,दौड़ना
misfunction,work,गलतफहमी,काम
mismatched,matched,बेमिसाल,मिलान
misogynism,philogyny,कुपोषण,दार्शनिक
misogyny,philogyny,स्री जाति से द्वेष,दार्शनिक
miss,attend,याद,भाग लेना
miss,attend to,याद,में भाग लेने के
miss,collide with,याद,के साथ टकराने
miss,feature,याद,विशेषता
miss,go to,याद,जाओ
miss,have,याद,पास होना
miss,hit,याद,मार
miss,impinge on,याद,परत करना
miss,run into,याद,प्रवेश करना
miss,strike,याद,हड़ताल
miss,take to heart,याद,दिल से ले लो
mistreated,unabused,दुर्व्यवहार करना,अयोग्य
mistrust,bank,संदेह,किनारा
mistrust,rely,संदेह,भरोसा करना
mistrust,swear,संदेह,कसम खाना
mistrust,trust,संदेह,विश्वास
mistrust,trustfulness,संदेह,विश्वसनीयता
mistrust,trustingness,संदेह,विश्वसनीयता
mistrustfully,confidingly,अविश्वास से,विश्वासपूर्वक
mistrustfully,trustfully,अविश्वास से,भरोसे से
mistrustfully,trustingly,अविश्वास से,भोला
misused,used,क्या,इस्तेमाल किया गया
mitigated,unmitigated,कम,निरंतर
mix,segregate,मिक्स,अलग
mixable,immiscible,मिश्रण करने योग्य,मिलाने के लिए योग्य नहीं
mixable,non-miscible,मिश्रण करने योग्य,गैर विलेयशील
mixable,unmixable,मिश्रण करने योग्य,अचूक
mobile,immobile,गतिमान,स्थिर
mobile,stabile,गतिमान,स्थिर
mobilisation,demobilisation,लामबंदी,वियोजन
mobilisation,demobilization,लामबंदी,वियोजन
mobilise,demob,को जुटाने,डिमोब
mobilise,demobilise,को जुटाने,सेना तोड़ देना
mobilise,demobilize,को जुटाने,सेना तोड़ देना
mobilise,inactivate,को जुटाने,निष्क्रिय
mobility,immobility,गतिशीलता,स्थिरता
mobilization,demobilisation,लामबंदी,वियोजन
mobilization,demobilization,लामबंदी,वियोजन
mobilize,demob,को जुटाने,डिमोब
mobilize,demobilise,को जुटाने,सेना तोड़ देना
mobilize,demobilize,को जुटाने,सेना तोड़ देना
mobilize,inactivate,को जुटाने,निष्क्रिय
moderate,immoderate,मध्यम,बिना संयम के
moderately,immoderately,मध्यम,बिना संयम के
moderately,unreasonably,मध्यम,अनुचित तरीके से
moderateness,immoderateness,मध्यमता,अनमलता
moderateness,immoderation,मध्यमता,इमोडेशन
moderating,intensifying,मॉडरेट,तेज
moderation,immoderateness,संयम,अनमलता
moderation,immoderation,संयम,इमोडेशन
moderation,intemperance,संयम,असंयमीता
modern,nonmodern,आधुनिक,अखंड
modern,old style,आधुनिक,पुरानी शैली
modern,old style font,आधुनिक,ओल्ड स्टाइल फ़ॉन्ट
modern font,old style,आधुनिक फ़ॉन्ट,पुरानी शैली
modern font,old style font,आधुनिक फ़ॉन्ट,ओल्ड स्टाइल फ़ॉन्ट
modest,immodest,मामूली,निर्लज्ज
modestly,immodestly,विनय,अभद्रता से
modestness,immodesty,विनय,बेशर्मी
modesty,immodesty,नम्रता,बेशर्मी
modifiable,unmodifiable,परिवर्तनीय,अनमोल
modified,unmodified,संशोधित,असंशोधित
modulated,unmodulated,संग्राहक,अनमोल किया हुआ
moisturise,dehumidify,नम करना,अस्त -व्यस्त करना
moisturize,dehumidify,Moisturize,अस्त -व्यस्त करना
molar,molecular,दाढ़,मोलेकुलर
molecular,molar,मोलेकुलर,दाढ़
moment,inconsequence,पल,परिणामस्वरूप
monaural,biaural,मोनोअल,द्विअर्थी
monaural,binaural,मोनोअल,बाइनॉरल
monaurally,binaurally,मोनौर की दृष्टि से,द्विध्रुवीय रूप से
monaurally,in both ears,मोनौर की दृष्टि से,दोनों कानों में
monaurally,to both ears,मोनौर की दृष्टि से,दोनों कानों को
monecious,dioecian,एक प्रकार का,डियोसियन
monecious,dioecious,एक प्रकार का,dioecious
monetisation,demonetisation,मुद्रीकरण,demonetisation
monetisation,demonetization,मुद्रीकरण,DEMONETIZATION
monetization,demonetisation,मुद्रीकरण,demonetisation
monetization,demonetization,मुद्रीकरण,DEMONETIZATION
moneyed,moneyless,धनी,पैसे बिना
moneyless,moneyed,पैसे बिना,धनी
moneyless,monied,पैसे बिना,भोला -भाला
monied,moneyless,भोला -भाला,पैसे बिना
monism,pluralism,वेदांत,बहुलवाद
monochromatic,polychromatic,एकरंगा,अनेक रंगों का
monoclinic,anorthic,मोनोक्लिनिनिक,एक प्रकार का
monoclinic,triclinic,मोनोक्लिनिनिक,ट्राइक्लिनिनिक
monoclinous,diclinous,मोनोक्लिनस,डाइक्लिनस
monocotyledonous,dicotyledonous,मोनोकोटिडोनस,द्विबीजपत्री
monody,concerted music,एकरूपता,संगीत -संगीत
monody,polyphonic music,एकरूपता,पॉलीफोनिक संगीत
monody,polyphony,एकरूपता,polyphony
monoecious,dioecian,द्विलिंगी,डियोसियन
monoecious,dioecious,द्विलिंगी,dioecious
monogamous,polygamous,एक पत्नीक,बहुविवाही
monoicous,dioecian,मोनोइजिक,डियोसियन
monoicous,dioecious,मोनोइजिक,dioecious
monolingual,multilingual,एकल-,बहुभाषी
mononuclear,binuclear,mononuclear,बिन्यूक्लियर
mononuclear,binucleate,mononuclear,बिन्यूक्लेट
mononuclear,binucleated,mononuclear,बिन्यूक्लेटेड
mononuclear,trinuclear,mononuclear,त्रिन्यूक्लियर
mononuclear,trinucleate,mononuclear,त्रिन्यूक्लेट
mononuclear,trinucleated,mononuclear,त्रिनुचुलाया हुआ
mononucleate,binuclear,मोनोन्यूक्लेट,बिन्यूक्लियर
mononucleate,binucleate,मोनोन्यूक्लेट,बिन्यूक्लेट
mononucleate,binucleated,मोनोन्यूक्लेट,बिन्यूक्लेटेड
mononucleate,trinuclear,मोनोन्यूक्लेट,त्रिन्यूक्लियर
mononucleate,trinucleate,मोनोन्यूक्लेट,त्रिन्यूक्लेट
mononucleate,trinucleated,मोनोन्यूक्लेट,त्रिनुचुलाया हुआ
monophonic,contrapuntal,मोनोफोनिक,कॉन्ट्रापुंटल
monophonic,polyphonic,मोनोफोनिक,पॉलीफोनिक
monophonic music,concerted music,मोनोफोनिक संगीत,संगीत -संगीत
monophonic music,polyphonic music,मोनोफोनिक संगीत,पॉलीफोनिक संगीत
monophonic music,polyphony,मोनोफोनिक संगीत,polyphony
monophony,concerted music,मोनोफनी,संगीत -संगीत
monophony,polyphonic music,मोनोफनी,पॉलीफोनिक संगीत
monophony,polyphony,मोनोफनी,polyphony
monoploid,diploid,मोनोप्लॉइड,द्विगुणित
monoploid,polyploid,मोनोप्लॉइड,बहुपक्षीय
monosemy,lexical ambiguity,मोनोसेमी,लेक्सिकल अस्पष्टता
monosemy,polysemy,मोनोसेमी,अनेक मतलब का गुण
monospaced font,proportional font,मोनोसेप्ड डू,आनुपातिक फ़ॉन्ट
monotheism,polytheism,अद्वैतवाद,बहुदेववाद
monotheistic,polytheistic,अद्वैतवाद-संबंधी,बहुदेय
monotone,nonmonotonic,एक लय,नापने का
monotonic,nonmonotonic,एकरस,नापने का
monotonous,excitement,नीरस,रोमांच
monovalent,multivalent,मोनोवैलेन्ट,बहुस्तरीय
monovalent,polyvalent,मोनोवैलेन्ट,बहुपक्षीय
monovular,biovular,मोनोव्युलर,द्विभाजक
monovular,fraternal,मोनोव्युलर,भाईचारे का
moonless,moonlit,अमावस,चांदनी से भरा
moonless,moony,अमावस,चांद के रूप का
moonlit,moonless,चांदनी से भरा,अमावस
moony,moonless,चांद के रूप का,अमावस
moral,immoral,नैतिक,अनैतिक
morality,immorality,नैतिकता,अनैतिकता
morally,amorally,नैतिक रूप से,मनमोहक रूप से
morally,immorally,नैतिक रूप से,अनैतिक
morbidity,wholesomeness,रोगों की संख्या,स्वास्थ्य-प्रदाता
morbidness,wholesomeness,विकृति,स्वास्थ्य-प्रदाता
more,fewer,अधिक,से कम
more,less,अधिक,कम
more,to a lesser extent,अधिक,एक हद तक कम करने के लिए
more than,less,इससे अधिक,कम
morning,sundown,सुबह,सूर्यास्त
morning,sunset,सुबह,सूर्यास्त
mortal,immortal,नश्वर,अमर
mortal sin,venial sin,नश्वर पाप,के बिना शून्य
mortality,immortality,मृत्यु दर,अमरता
most,fewest,अधिकांश,सबसे कम
most,least,अधिकांश,कम से कम
most,to the lowest degree,अधिकांश,सबसे कम डिग्री तक
mother,begetter,माँ,उकसाने वाला
mother,father,माँ,पिता
mother,male parent,माँ,पुरुष माता -पिता
motility,immotility,गतिशीलता,अचूकता
motion,lifelessness,गति,बेजान
motion,motionlessness,गति,गतिहीनता
motion,stillness,गति,शांति
motionlessness,motion,गतिहीनता,गति
motivated,unmotivated,प्रेरित,अचूक
motivator,deterrence,प्रेरक,डिटरेन्स
motivator,disincentive,प्रेरक,निस्र्त्साहित
motor mower,hand mower,मोटर घास काटने वाला,हाथ की घास काटने वाला
motored,motorless,मोटा,मोटरहीन
motored,unmotorised,मोटा,अनमोल किया हुआ
motored,unmotorized,मोटा,अनमोल किया हुआ
motorial,afferent,मोटरसीन,केंद्र पर पहुंचानेवाला
motorised,motorless,मोटर,मोटरहीन
motorised,unmotorised,मोटर,अनमोल किया हुआ
motorised,unmotorized,मोटर,अनमोल किया हुआ
motorized,motorless,मोटर,मोटरहीन
motorized,unmotorised,मोटर,अनमोल किया हुआ
motorized,unmotorized,मोटर,अनमोल किया हुआ
motorless,motored,मोटरहीन,मोटा
motorless,motorised,मोटरहीन,मोटर
motorless,motorized,मोटरहीन,मोटर
mount,get off,पर्वत,उतर जाओ
mount,hop out,पर्वत,रोकना
mount,wane,पर्वत,पतन
mount up,get off,चढ़ाना,उतर जाओ
mount up,hop out,चढ़ाना,रोकना
mouthless,stomatous,बिना मुंह से,कड़ा
movability,immovability,सुस्ती,अचल स्थिति
movability,immovableness,सुस्ती,अपरिवर्तनीयता
movableness,immovability,चलता,अचल स्थिति
movableness,immovableness,चलता,अपरिवर्तनीयता
move,forbear,कदम,पूर्वज
move,refrain,कदम,रोकना
move,rest,कदम,आराम
move,stand still,कदम,अभी भी खड़े रहना
move,stay,कदम,रहना
move,stay in place,कदम,जगह पर रहना
move,stay put,कदम,यहीं रहो
move,stick,कदम,चिपकना
move,stick around,कदम,पास में रहना
move back,advance,वापस जाना,अग्रिम
move back,go on,वापस जाना,जारी रखें
move back,march on,वापस जाना,कूच करना
move back,move on,वापस जाना,आगे बढ़ो
move back,pass on,वापस जाना,आगे बढ़ना
move back,progress,वापस जाना,प्रगति
move in,get out,में स्थानांतरित,चले जाओ
move in,move out,में स्थानांतरित,घर छोड़ देना
move in,pull out,में स्थानांतरित,बाहर खींचें
move into,exit,में स्थानांतरित,बाहर निकलना
move into,get out,में स्थानांतरित,चले जाओ
move into,go out,में स्थानांतरित,बाहर जाना
move into,leave,में स्थानांतरित,छुट्टी
move on,draw back,आगे बढ़ो,वापस आ जाना
move on,move back,आगे बढ़ो,वापस जाना
move on,pull away,आगे बढ़ो,दूर करना
move on,pull back,आगे बढ़ो,ठहराना
move on,recede,आगे बढ़ो,दूर जाना
move on,retire,आगे बढ़ो,रिटायर
move on,retreat,आगे बढ़ो,पीछे हटना
move on,withdraw,आगे बढ़ो,निकालना
move out,move in,घर छोड़ देना,में स्थानांतरित
move up,come down,बढ़ाना,नीचे आओ
move up,descend,बढ़ाना,उतरना
move up,fall,बढ़ाना,गिरना
move up,go down,बढ़ाना,नीचे जाना
moved,unaffected,ले जाया गया,अप्रभावित
moved,unmoved,ले जाया गया,स्थिर
moved,untouched,ले जाया गया,अछूता
moving,nonmoving,आगे बढ़ने वाला,अखरोट
moving,still,आगे बढ़ने वाला,फिर भी
moving,unmoving,आगे बढ़ने वाला,बेमिसाल
mown,uncut,मातम,काटा हुआ नहीं
mown,unmown,मातम,एकजुट हो जाओ
much,little,अधिकता,थोड़ा
much,slight,अधिकता,थोड़ा
muliebrity,masculinity,कोमलता,बहादुरता
multiculturalism,nationalism,बहुसंस्कृतिवाद,राष्ट्रवाद
multidimensional,one-dimensional,बहुआयामी,एक आयामी
multidimensional,unidimensional,बहुआयामी,एकआयामी
multidimensional language,one-dimensional language,बहुआयामी भाषा,एक आयामी भाषा
multiform,uniform,अनेक आकार का,वर्दी
multiform,unvarying,अनेक आकार का,बदलते
multilane,single-lane,एकाधिक - लेन,एकल लेन
multilateral,one-sided,बहुपक्षीय,एकतरफ़ा
multilateral,unilateral,बहुपक्षीय,एक तरफा
multilaterally,one-sidedly,बहुपक्षीय,एक तरफा
multilaterally,unilaterally,बहुपक्षीय,एकतरफा रूप से
multilingual,monolingual,बहुभाषी,एकल-
multinucleate,uninucleate,बहुमूलक,अनभिज्ञ
multiparous,uniparous,बहुतायत,एकतरफा
multiple,single,एकाधिक,अकेला
multiple-choice,true-false,बहुविकल्पी,सच्चा
multiply,divide,गुणा,विभाजित करना
multiply,fraction,गुणा,अंश
multiply,singly,गुणा,अकेले
multivalent,bivalent,बहुस्तरीय,बीवालेन्त
multivalent,double,बहुस्तरीय,दोहरा
multivalent,monovalent,बहुस्तरीय,मोनोवैलेन्ट
multivalent,univalent,बहुस्तरीय,एकतरफा
mundaneness,extraordinariness,शमन,विशिषटता
mundaneness,naiveness,शमन,भयावहता
mundaneness,naivete,शमन,भोलेपन
mundaneness,naivety,शमन,नौसिखिया
mundanity,extraordinariness,मुंडन,विशिषटता
mundanity,naiveness,मुंडन,भयावहता
mundanity,naivete,मुंडन,भोलेपन
mundanity,naivety,मुंडन,नौसिखिया
muscle sense,kinanesthesia,मांसपेशी,किनानेस्टेसिया
muscular,ectomorphic,मांसल,एक्टोमोर्फिक
muscular,endomorphic,मांसल,एंडोमोर्फिक
muscular,pyknic,मांसल,पाइनीक
mushroom,toadstool,मशरूम,सॉप की छतरी
musical,nonmusical,म्यूजिकल,अकारण
musical,unmelodic,म्यूजिकल,अनमोलोडिक
musical,unmelodious,म्यूजिकल,अनमोल
musical,unmusical,म्यूजिकल,बेसुरा
musically,unmusically,संगीत की दृष्टि से,अनैतिक रूप से
muster in,discharge,जुटाना,स्राव होना
muster in,muster out,जुटाना,जासूसी करना
muster out,draft,जासूसी करना,मसौदा
muster out,enlist,जासूसी करना,प्राप्त करना
muster out,muster in,जासूसी करना,जुटाना
mutability,fixity,अस्थिरता,स्थिरता
mutability,immutability,अस्थिरता,अचल स्थिति
mutability,immutableness,अस्थिरता,अयोग्यता
mutable,changeless,परिवर्तनशील,निरंतर
mutable,immutable,परिवर्तनशील,अडिग
mutableness,fixity,संभोगता,स्थिरता
mutableness,immutability,संभोगता,अचल स्थिति
mutableness,immutableness,संभोगता,अयोग्यता
mutual,nonreciprocal,आपसी,अन्त:
muzzle,unmuzzle,थूथन,अयोग्य
myelinated,unmyelinated,मेलिनकृत,बिना मेलिनकृत
myopia,farsightedness,खीस,दूरदर्शिता
myopia,hypermetropia,खीस,hypermetropia
myopia,hypermetropy,खीस,अतिवृद्धि
myopia,hyperopia,खीस,पास का साफ़-साफ़ न दिखना
myopia,longsightedness,खीस,दूरी की देखना
myopic,farsighted,कमबीन,दूरंदेश
myopic,presbyopic,कमबीन,जराक्षिदोषात्मक
mystify,demystify,रहस्यमय,नहीं रखना
mythicise,demythologise,मिथक,डिमैथोलॉजी करना
mythicise,demythologize,मिथक,डिमैथोलॉजी करना
mythicize,demythologise,मिथक करना,डिमैथोलॉजी करना
mythicize,demythologize,मिथक करना,डिमैथोलॉजी करना
mythologise,demythologise,मिथक,डिमैथोलॉजी करना
mythologise,demythologize,मिथक,डिमैथोलॉजी करना
mythologize,demythologise,मिथक करना,डिमैथोलॉजी करना
mythologize,demythologize,मिथक करना,डिमैथोलॉजी करना
nadir,zenith,नादिर,शीर्षबिंदु
naif,sophisticated,अनुभवहीन,जटिल
naive,sophisticated,अनुभवहीन,जटिल
naiveness,mundaneness,भयावहता,शमन
naiveness,mundanity,भयावहता,मुंडन
naiveness,sophistication,भयावहता,मिलावट
naiveness,worldliness,भयावहता,सांसारिकता
naivete,mundaneness,भोलेपन,शमन
naivete,mundanity,भोलेपन,मुंडन
naivete,sophistication,भोलेपन,मिलावट
naivete,worldliness,भोलेपन,सांसारिकता
naivety,mundaneness,नौसिखिया,शमन
naivety,mundanity,नौसिखिया,मुंडन
naivety,sophistication,नौसिखिया,मिलावट
naivety,worldliness,नौसिखिया,सांसारिकता
nakedness,closeness,नंगापन,निकटता
nakedness,secretiveness,नंगापन,गुप्तता
narrow,branch out,सँकरा,फैलाना
narrow,broad,सँकरा,चौड़ा
narrow,broad-minded,सँकरा,ब्रॉड दिमाग
narrow,broaden,सँकरा,व्यापक बनाने
narrow,diversify,सँकरा,विविधता
narrow,wide,सँकरा,चौड़ा
narrow,widen,सँकरा,चौड़ा
narrow down,branch out,सीमित कर लेना,फैलाना
narrow down,broaden,सीमित कर लेना,व्यापक बनाने
narrow down,diversify,सीमित कर लेना,विविधता
narrow-minded,broad-minded,संकीर्णता,ब्रॉड दिमाग
narrow-minded,unshockable,संकीर्णता,अचूक
narrow-mindedly,broad-mindedly,संकीर्ण-mindedly,व्यापक रूप से
narrow-mindedness,broad-mindedness,विचारसंकीर्णता,व्यापकता
narrowing,broadening,संकुचन,विस्तार
narrowing,widening,संकुचन,चौड़ा
narrowly,broadly,बाल बाल,मोटे तौर पर
narrowly,broadly speaking,बाल बाल,मोटे तौर पर बोलना
narrowly,generally,बाल बाल,आम तौर पर
narrowly,loosely,बाल बाल,शिथिलता से
narrowness,broad-mindedness,संकीर्णता,व्यापकता
narrowness,broadness,संकीर्णता,चौड़ाई
narrowness,wideness,संकीर्णता,चौकसता
nascence,death,कुशलता,मौत
nascence,decease,कुशलता,स्वर्गवास
nascence,expiry,कुशलता,समाप्ति
nascency,death,उठान,मौत
nascency,decease,उठान,स्वर्गवास
nascency,expiry,उठान,समाप्ति
nascent,dying,कुश्ती,मरना
nastiness,niceness,गंदगी,सुंदरता
nasty,nice,बहुत खराब,अच्छा
national,international,राष्ट्रीय,अंतरराष्ट्रीय
national,local,राष्ट्रीय,स्थानीय
nationalisation,denationalisation,शुद्धिकरण,विराष्ट्रीयकरण
nationalisation,denationalization,शुद्धिकरण,निंदा करना
nationalisation,privatisation,शुद्धिकरण,निजीकरण
nationalisation,privatization,शुद्धिकरण,निजीकरण
nationalise,denationalise,राष्ट्रीय बनाना,निंदा करना
nationalise,denationalize,राष्ट्रीय बनाना,निंदा करना
nationalism,internationalism,राष्ट्रवाद,अंतर्राष्ट्रीयवाद
nationalism,multiculturalism,राष्ट्रवाद,बहुसंस्कृतिवाद
nationalization,denationalisation,शुद्धिकरण,विराष्ट्रीयकरण
nationalization,denationalization,शुद्धिकरण,निंदा करना
nationalization,privatisation,शुद्धिकरण,निजीकरण
nationalization,privatization,शुद्धिकरण,निजीकरण
nationalize,denationalise,राष्ट्रीय बनाना,निंदा करना
nationalize,denationalize,राष्ट्रीय बनाना,निंदा करना
native,adopted,देशी,अपनाया
native,adoptive,देशी,गोद लेने योग्य
native,foreign,देशी,विदेश
native,nonnative,देशी,अकारण
native,strange,देशी,अजीब
nativeness,curiousness,नटखट,आक्रामकता
nativeness,foreignness,नटखट,विदेशीता
nativeness,strangeness,नटखट,विचित्रता
nativity,death,क्रिसमस,मौत
nativity,decease,क्रिसमस,स्वर्गवास
nativity,expiry,क्रिसमस,समाप्ति
natural,artificial,प्राकृतिक,कृत्रिम
natural,flat,प्राकृतिक,समतल
natural,sharp,प्राकृतिक,तीखा
natural,supernatural,प्राकृतिक,अलौकिक
natural,unnatural,प्राकृतिक,अस्वाभाविक
natural,unreal,प्राकृतिक,अवास्तविक
natural depression,elevation,प्राकृतिक अवसाद,ऊंचाई
natural depression,natural elevation,प्राकृतिक अवसाद,प्राकृतिक उन्नयन
natural elevation,depression,प्राकृतिक उन्नयन,अवसाद
natural elevation,natural depression,प्राकृतिक उन्नयन,प्राकृतिक अवसाद
natural language,artificial language,प्राकृतिक भाषा,कृत्रिम भाषा
natural object,artefact,प्राकृतिक वस्तु,शिल्पकृति
natural object,artifact,प्राकृतिक वस्तु,विरूपण साक्ष्य
naturalise,denaturalise,स्वाभाविक रूप से,भंग करना
naturalise,denaturalize,स्वाभाविक रूप से,अप्राकृतिक करना
naturalize,denaturalise,घुला-मिला लेना,भंग करना
naturalize,denaturalize,घुला-मिला लेना,अप्राकृतिक करना
naturally,artificially,सहज रूप में,कृत्रिम रूप से
naturally,by artificial means,सहज रूप में,कृत्रिम साधनों से
naturally,unnaturally,सहज रूप में,अप्राकृतिक रूप
naturalness,unnaturalness,सहजता,अप्राप्य
nay,yea,अस्वीकार,हाँ
nazify,denazify,नाजिस करना,डेनजाइज़ करना
ne plus ultra,imperfection,कोई और अल्ट्रा नहीं,अपूर्णता
ne plus ultra,imperfectness,कोई और अल्ट्रा नहीं,अपूर्णता
ne'er,always,नेक,हमेशा
ne'er,e'er,नेक,ई का
ne'er,ever,नेक,कभी
neap,springtide,नीप,स्प्रिंग टाइड
neap tide,springtide,उच्च ज्वार - भाटा,स्प्रिंग टाइड
near,far,पास में,दूर
nearness,farawayness,निकटता,दूरगामीपन
nearness,farness,निकटता,फारसनेस
nearness,remoteness,निकटता,पृथकता
nearsighted,farsighted,कमबीन,दूरंदेश
nearsighted,presbyopic,कमबीन,जराक्षिदोषात्मक
nearsightedness,farsightedness,nearsightedness,दूरदर्शिता
nearsightedness,hypermetropia,nearsightedness,hypermetropia
nearsightedness,hypermetropy,nearsightedness,अतिवृद्धि
nearsightedness,hyperopia,nearsightedness,पास का साफ़-साफ़ न दिखना
nearsightedness,longsightedness,nearsightedness,दूरी की देखना
neatness,messiness,स्वच्छता,गूढ़ता
neatness,untidiness,स्वच्छता,लापरवाही
necessarily,unnecessarily,अनिवार्य रूप से,अनावश्यक रूप से
necessary,inessential,ज़रूरी,नगण्य
necessary,nonessential,ज़रूरी,गैर जरूरी
necessary,unnecessary,ज़रूरी,अनावश्यक
necessary,unneeded,ज़रूरी,अनावश्यक
necessary,unwanted,आवश्यक,अनावश्यक
necessitarian,libertarian,आवश्यक,मुक्तिवादी
necessitate,eliminate,जरूरत,हटाना
necessitate,obviate,जरूरत,मुक्त हो जाना
necessitate,rid of,जरूरत,से छुटकारा
necessity,inessential,ज़रूरत,नगण्य
necessity,nonessential,ज़रूरत,गैर जरूरी
necked,neckless,गर्दन,बिना गर्दन के
neckless,necked,बिना गर्दन के,गर्दन
need,eliminate,ज़रूरत,हटाना
need,obviate,ज़रूरत,मुक्त हो जाना
need,rid of,ज़रूरत,से छुटकारा
needfully,unnecessarily,ज़ोर से,अनावश्यक रूप से
negate,affirm,निगेट,वाणी
negate,confirm,निगेट,पुष्टि करना
negate,corroborate,निगेट,मंडित कतना
negate,substantiate,निगेट,सिद्ध करना
negate,support,निगेट,सहायता
negate,sustain,निगेट,बनाए रखना
negative,affirmative,नकारात्मक,सकारात्मक
negative,affirmatory,नकारात्मक,पुष्टिकरण
negative,confirming,नकारात्मक,इस बात की पुष्टि
negative,neutral,नकारात्मक,तटस्थ
negative,positive,नकारात्मक,सकारात्मक
negative charge,positive charge,ऋणात्मक प्रभार,सकारात्मक प्रभार
negativeness,positiveness,निषेधात्मकता,निश्चय
negativeness,positivism,निषेधात्मकता,यक़ीन
negativeness,positivity,निषेधात्मकता,सकारात्मकता
negativism,positiveness,वास्तविकता का इनकार,निश्चय
negativism,positivism,वास्तविकता का इनकार,यक़ीन
negativism,positivity,वास्तविकता का इनकार,सकारात्मकता
negativity,positiveness,नकारात्मकता,निश्चय
negativity,positivism,नकारात्मकता,यक़ीन
negativity,positivity,नकारात्मकता,सकारात्मकता
neglect,attend to,उपेक्षा करना,में भाग लेने के
neglect,take to heart,उपेक्षा करना,दिल से ले लो
negligent,diligent,लापरवाह,परिश्रमी
negociate,fail,बातचीत के जरिए,असफल
neighborliness,unneighborliness,पड़ोसी,बेकार
neighbourliness,unneighborliness,पड़ोसी,बेकार
nephew,niece,भतीजा,भतीजी
net,gross,जाल,कुल
nether region,Heaven,नीटर क्षेत्र,स्वर्ग
nett,gross,जाल,कुल
neurotic,unneurotic,न्युरोटिक,असंबद्ध
neurotic depression,psychotic depression,न्यूरोटिक अवसाद,मनोवैज्ञानिक अवसाद
neuter,feminine,नपुंसक,संज्ञा
neuter,masculine,नपुंसक,मदार्ना
neutral,chromatic,तटस्थ,रंगीन
neutral,negative,तटस्थ,नकारात्मक
neutral,positive,तटस्थ,सकारात्मक
never,always,कभी नहीं,हमेशा
never,e'er,कभी नहीं,ई का
never,ever,कभी नहीं,कभी
new,old,नया,पुराना
new,worn,नया,पहना हुआ
newness,oldness,नयापन,प्राचीनता
nice,awful,अच्छा,भयंकर
nice,nasty,अच्छा,बहुत खराब
niceness,impoliteness,सुंदरता,अभद्रता
niceness,nastiness,सुंदरता,गंदगी
nidicolous,nidifugous,निडिकोलस,नीच
nidifugous,nidicolous,नीच,निडिकोलस
niece,nephew,भतीजी,भतीजा
nigh,far,समीप,दूर
night,day,रात,दिन
night,daylight,रात,दिन का प्रकाश
night,daytime,रात,दिन
night game,day game,रात का खेल,दिन का खेल
night school,day school,रात का स्कूल,दिन
nighttime,day,रात का समय,दिन
nighttime,daylight,रात का समय,दिन का प्रकाश
nighttime,daytime,रात का समय,दिन
nigrify,white,निद्रा देना,सफेद
nigrify,whiten,निद्रा देना,निखारने में सहायक
nitrify,denitrify,नाइट्रिज करना,निंदा करना
nix,allow,सिफ़र,अनुमति दें
nix,countenance,सिफ़र,मुखाकृति
nix,let,सिफ़र,होने देना
nix,permit,सिफ़र,आज्ञा देना
one,some,एक,कुछ
no,yes,नहीं,हाँ
no longer,still,अब और नहीं,फिर भी
no more,still,अब और नहीं,फिर भी
no-go,go,नही जाओ,जाना
noble,Lady,महान,महिला
noble,ignoble,महान,नीच
noble,lowborn,महान,नीच कुल का
noble,noblewoman,महान,कुलीन
noble,peeress,महान,कुलीन औरत
nobleman,Lady,कुलीन,महिला
nobleman,noblewoman,कुलीन,कुलीन
nobleman,peeress,कुलीन,कुलीन औरत
noblewoman,Lord,कुलीन,भगवान
noblewoman,noble,कुलीन,महान
noblewoman,nobleman,कुलीन,कुलीन
nocturnal,diurnal,रात का,प्रतिदिन
nod off,arouse,सो जाना,उकसाना
nod off,awake,सो जाना,जागना
nod off,awaken,सो जाना,अवेकन
nod off,come alive,सो जाना,जीवित आओ
nod off,wake,सो जाना,जागो
nod off,wake up,सो जाना,जागो
nod off,waken,सो जाना,जागना
node,antinode,नोड,एंटिनोड
noisily,quietly,शोर,चुपचाप
noisy,quiet,कोलाहलयुक्त,शांत
nominal,real,नामांकित,असली
nominative,oblique,कतार्कारक,परोक्ष
nominative,oblique case,कतार्कारक,तिरछी बक्से
nominative case,oblique,नामांकित मामला,परोक्ष
nominative case,oblique case,नामांकित मामला,तिरछी बक्से
nomothetic,idiographic,नामांकित,मूर्खतापूर्ण
non-conducting,conductive,गैर का आयोजन,प्रवाहकीय
non-dedicated file server,dedicated file server,गैर-समर्पित फ़ाइल सर्वर,समर्पित फ़ाइल सर्वर
non-engagement,engagement,गैर-उपासना,सगाई
non-engagement,involution,गैर-उपासना,पेचीदगी
non-engagement,involvement,गैर-उपासना,भागीदारी
non-engagement,participation,गैर-उपासना,भाग लेना
non-finite,finite,नॉन-इन,परिमित
non-invertible,invertible,गैर उलटी,उलटी
non-involvement,engagement,गैर भागीदारी,सगाई
non-involvement,involution,गैर भागीदारी,पेचीदगी
non-involvement,involvement,गैर भागीदारी,भागीदारी
non-involvement,participation,गैर भागीदारी,भाग लेना
non-living,animate,अजीवित,चेतन
non-market economy,free enterprise,गैर-बाजार अर्थव्यवस्था,मुक्त उद्यम
non-market economy,laissez-faire economy,गैर-बाजार अर्थव्यवस्था,अवकाश की अर्थव्यवस्था
non-market economy,market economy,गैर-बाजार अर्थव्यवस्था,बाजार अर्थव्यवस्था
non-market economy,private enterprise,गैर-बाजार अर्थव्यवस्था,निजी उद्यम
non-miscible,miscible,गैर विलेयशील,विलेयशील
non-miscible,mixable,गैर विलेयशील,मिश्रण करने योग्य
non-proliferation,proliferation,अनुशासन,प्रसार
non-volatile storage,volatile storage,गैर-वाष्पशील भंडारण,अस्थिर भंडारण
nonabsorbency,absorbency,नोकसर्बिशन,अवशेषी
nonabsorbent,absorbent,नॉनबसोरबेंट,शोषक
nonabsorbent,absorptive,नॉनबसोरबेंट,अवशोषण
nonabsorptive,absorbent,अखंड,शोषक
nonabsorptive,absorptive,अखंड,अवशोषण
nonaddictive,addictive,अविभाज्य,नशे की लत
nonaddictive,habit-forming,अविभाज्य,आदत बनाने
nonadhesive,adhesive,अखंड,गोंद
nonadsorbent,adsorbent,नॉनडसोरबेंट,पी लेनेवाला पदार्थ
nonadsorbent,adsorptive,नॉनडसोरबेंट,सोखने का
nonadsorbent,surface-assimilative,नॉनडसोरबेंट,सतह-संबंधी
nonadsorptive,adsorbent,अखंड,पी लेनेवाला पदार्थ
nonadsorptive,adsorptive,अखंड,सोखने का
nonadsorptive,surface-assimilative,अखंड,सतह-संबंधी
nonage,legal age,अवयस्कता,वैध युग
nonage,majority,अवयस्कता,बहुमत
nonaged,major,अखंड,प्रमुख
nonaggressive,aggressive,नॉन -साइक्लिंग,आक्रामक
nonalcoholic,alcoholic,गैर - मादक,मादक
nonaligned,aligned,गुट निरपेक्ष,गठबंधन
nonalignment,alignment,अखंड,संरेखण
nonalignment,alinement,अखंड,अदल-बदल कर
nonalignment,alliance,अखंड,गठबंधन
nonalignment,coalition,अखंड,गठबंधन
nonalinement,alignment,मठवासिनी,संरेखण
nonalinement,alinement,मठवासिनी,अदल-बदल कर
nonalinement,alliance,मठवासिनी,गठबंधन
nonalinement,coalition,मठवासिनी,गठबंधन
nonarbitrable,arbitrable,अरेखित,मनोहर
nonarbitrary,arbitrary,नॉनबिट्रिटरी,मनमाना
nonarboreal,arboreal,नॉनबोरियल,वृक्ष-संबंधी
nonarboreal,arboreous,नॉनबोरियल,शराबी
nonarboreal,tree-living,नॉनबोरियल,पेड़ में रहने वाले
nonassociative,associative,अव्यवस्थित,जोड़नेवाला
nonassociative,associatory,अव्यवस्थित,संबद्ध
nonastringent,astringent,अखंड,स्तम्मक
nonattendance,attendance,अवैधता,उपस्थिति
nonattendance,attending,अवैधता,उपस्थित हो रहे हैं
nonbearing,bearing,अखरोट,सहन करना
nonbeing,being,अखरोट,प्राणी
nonbeing,beingness,अखरोट,अस्तित्व
nonbeing,existence,अखरोट,अस्तित्व
nonbiodegradable pollution,biodegradable pollution,अविश्वसनीय प्रदूषण,बायोडिग्रेडेबल प्रदूषण
noncausal,causative,नॉनकौज़ल,प्रेरणा
noncausative,causative,अविभाज्य,प्रेरणा
noncellular,cellular,असंबद्ध,सेलुलर
noncitizen,citizen,नॉनसिटिज़न,नागरिक
noncivilised,civilised,अखंडित,सभ्य
noncivilised,civilized,अखंडित,सभ्य
noncivilized,civilised,अविभाजित,सभ्य
noncivilized,civilized,अविभाजित,सभ्य
nonclassical,classic,अनियंत्रित,क्लासिक
nonclassical,classical,अनियंत्रित,क्लासिक
noncoding DNA,coding DNA,नॉनकोडिंग डीएनए,कोडिंग डीएनए
noncoding DNA,exon,नॉनकोडिंग डीएनए,बाहर निकलना
noncollapsable,collapsable,अयोग्य,खुलने और बंधनेवाला
noncollapsable,collapsible,अयोग्य,खुलने और बंधनेवाला
noncollapsible,collapsable,अकारण,खुलने और बंधनेवाला
noncollapsible,collapsible,अकारण,खुलने और बंधनेवाला
noncolumned,columned,अखंड,स्तंभ का सा
noncombinative,combinative,असंबद्ध,मिश्रित
noncombinative,combinatory,असंबद्ध,संयोजक
noncombustible,combustible,अयोग्य,दहनशील
noncommercial,commercial,गैर वाणिज्यिक,व्यावसायिक
noncommissioned,commissioned,अनियंत्रित,कमीशन
noncompetitive,competitive,गैर - प्रतिस्पर्धी,प्रतिस्पर्धी
noncompetitive,competitory,गैर - प्रतिस्पर्धी,प्रतिद्वंद्वी
noncompetitively,competitively,अस्वस्थता से,प्रतिस्पर्धात्मक
noncompliance,abidance,गैर अनुपालन,पालन
noncompliance,compliance,गैर अनुपालन,अनुपालन
noncompliance,conformation,गैर अनुपालन,रचना
noncompliance,conformity,गैर अनुपालन,अनु
noncompliance,obedience,गैर अनुपालन,आज्ञाकारिता
noncompliance,obeisance,गैर अनुपालन,श्रद्धा
noncompliant,compliant,अनुपालन न करने,अनुपालन
noncomprehensive,comprehensive,अखंड,विस्तृत
noncomprehensively,comprehensively,अनमोल रूप से,व्यापक
nonconcentric,concentric,अकारण,गाढ़ा
nonconcentric,concentrical,अकारण,सांद्रता का
nonconcentric,homocentric,अकारण,एककेंद्रीय
nonconducting,conductive,नॉनकंडक्टिंग,प्रवाहकीय
nonconductive,conductive,अखंड,प्रवाहकीय
nonconductor,conductor,नॉनकंडक्टर,कंडक्टर
nonconformance,abidance,असंबद्धता,पालन
nonconformance,compliance,असंबद्धता,अनुपालन
nonconformance,conformation,असंबद्धता,रचना
nonconformance,conformism,असंबद्धता,अनुपालन
nonconformance,conformity,असंबद्धता,अनु
nonconformism,conformism,अनियंत्रितता,अनुपालन
nonconformism,conformity,अनियंत्रितता,अनु
nonconformist,conformist,संप्रदायवादी,कंफ़मिस्ट
nonconformity,abidance,अवज्ञा,पालन
nonconformity,conformation,अवज्ञा,रचना
nonconformity,conformism,अवज्ञा,अनुपालन
nonconformity,conformity,अवज्ञा,अनु
noncontinuous,continuous,अखंड,निरंतर
noncontinuous,uninterrupted,अखंड,निरंतर
noncontroversial,controversial,अव्यवस्थित,विवादित
noncritical,critical,निरर्थक,गंभीर
noncrucial,critical,असंबद्ध,गंभीर
noncrucial,crucial,असंबद्ध,महत्वपूर्ण
noncrucial,important,असंबद्ध,महत्वपूर्ण
noncrystalline,crystalline,नॉन -क्रिस्टलीय,क्रिस्टलीय
noncurrent,current,अयोग्य,मौजूदा
noncyclic,cyclic,अखंड,चक्रीय
noncyclic,cyclical,अखंड,चक्रीय
noncyclical,cyclic,अखंड,चक्रीय
noncyclical,cyclical,अखंड,चक्रीय
nondeductible,deductible,नोंगदार,घटाया
nondevelopment,development,अव्यवस्थित,विकास
nondevelopment,growing,अव्यवस्थित,बढ़ती
nondevelopment,growth,अव्यवस्थित,विकास
nondevelopment,maturation,अव्यवस्थित,परिपक्वता
nondevelopment,ontogenesis,अव्यवस्थित,ओटोजेनेसिस
nondevelopment,ontogeny,अव्यवस्थित,व्यक्तिवृत्त
nondisposable,disposable,बिना,डिस्पोजेबल
nondrinker,drinker,नोड्रिंकर,वाली
nondrinker,imbiber,नोड्रिंकर,डुबाना
nondrinker,juicer,नोड्रिंकर,जूसर
nondrinker,toper,नोड्रिंकर,पियक्कड़
nondriver,driver,नॉनड्राइवर,चालक
nonechoic,echoic,अखंड,प्रतिध्वनित
nonechoic,imitative,अखंड,कृत्रिम
nonechoic,onomatopoeic,अखंड,ओमोमाटोपोइक
nonechoic,onomatopoeical,अखंड,ओमेटोपोइल
nonechoic,onomatopoetic,अखंड,अनुकरणात्मक
noneffervescent,effervescent,कोई नहीं,चमकता हुआ
noneffervescent,sparkling,कोई नहीं,शानदार
nonenterprising,enterprising,अखंड,उद्यमी
nonentity,being,तुच्छता,प्राणी
nonentity,beingness,तुच्छता,अस्तित्व
nonentity,existence,तुच्छता,अस्तित्व
nonequivalence,equivalence,कोई भी नहीं,समानक
nonessential,essential,गैर जरूरी,आवश्यक
nonessential,necessary,गैर जरूरी,ज़रूरी
nonessential,necessity,गैर जरूरी,ज़रूरत
nonessential,requirement,गैर जरूरी,मांग
nonessential,requisite,गैर जरूरी,मांग
nonexempt,exempt,कोई नहीं,मुक्त करें
nonexempt,nontaxable,कोई नहीं,अयोग्य
nonexistence,being,अनअस्तित्व,प्राणी
nonexistence,beingness,अनअस्तित्व,अस्तित्व
nonexistence,existence,अनअस्तित्व,अस्तित्व
nonexistent,existent,अस्तित्वहीन,मौजूद
nonexistent,existing,अस्तित्वहीन,मौजूदा
nonexplorative,explorative,कोई नहीं,खोजपूर्ण
nonexplorative,exploratory,कोई नहीं,खोजपूर्ण
nonexploratory,explorative,कोई नहीं,खोजपूर्ण
nonexploratory,exploratory,कोई नहीं,खोजपूर्ण
nonexplosive,explosive,कोई नहीं,विस्फोटक
nonextant,extant,कोई भी नहीं,वर्तमान
nonextensile,extensible,कोई भी नहीं,एक्सटेंसिबल
nonextensile,extensile,कोई भी नहीं,तननेवाला
nonfat,fat,नोनफेट,मोटा
nonfat,fatty,नोनफेट,वसायुक्त
nonfatal,fatal,अफ़शति संबंधी,घातक
nonfictional,fictional,असंबद्ध,कल्पित
nonfinancial,financial,अस्वाभाविक,वित्तीय
nonfinancial,fiscal,अस्वाभाविक,राजकोषीय
nonfissile,fissile,अखंड,चीरने योग्य
nonfissionable,fissile,अयोग्य,चीरने योग्य
nonfissionable,fissionable,अयोग्य,विखंडनीय
nonflowering,flowering,अखरोट,कुसुमित
nonfunctional,functional,अक्रिय,कार्यात्मक
nonfunctional,functioning,अक्रिय,कामकाज
nonharmonic,harmonic,बिना,लयबद्ध
nonheritable,heritable,अखंड,पैतृक
nonheritable,inheritable,अखंड,दाय
nonhierarchic,hierarchal,अनहित,पदानुक्रम
nonhierarchic,hierarchic,अनहित,पदानुक्रमिक
nonhierarchic,hierarchical,अनहित,श्रेणीबद्ध
nonhierarchical,hierarchal,अनहिन्दी,पदानुक्रम
nonhierarchical,hierarchic,अनहिन्दी,पदानुक्रमिक
nonhierarchical,hierarchical,अनहिन्दी,श्रेणीबद्ध
nonhuman,human,गैर-,इंसान
nonimitative,imitative,अविभाज्य,कृत्रिम
nonindulgent,indulgent,अविभाज्य,कृपालु
nonindustrial,industrial,अनिच्छुक,औद्योगिक
noninfectious,infectious,अनभिज्ञ,संक्रामक
noninheritable,heritable,अखंड,पैतृक
noninheritable,inheritable,अखंड,दाय
noninstitutional,institutional,अन्त: संस्थागत,संस्थागत
noninstitutionalised,institutionalised,अविभाज्य,समाज का
noninstitutionalised,institutionalized,अविभाज्य,समाज का
noninstitutionalized,institutionalised,अविभाज्य,समाज का
noninstitutionalized,institutionalized,अविभाज्य,समाज का
nonintegrated,integrated,असंबद्ध,एकीकृत
nonintellectual,intellectual,अकारण,बौद्धिक
noninterference,interference,हस्तक्षेप न करने का,दखल अंदाजी
noninterference,intervention,हस्तक्षेप न करने का,हस्तक्षेप
nonintervention,interference,अस्वीकार्य,दखल अंदाजी
nonintervention,intervention,अस्वीकार्य,हस्तक्षेप
noninvasive,invasive,अवेध्य,इनवेसिव
nonionic,ionic,गैर ईओण,ईओण का
nonionic,ionised,गैर ईओण,आयनित
nonionic,ionized,गैर ईओण,आयनित
nonionised,ionised,अखंड,आयनित
nonionised,ionized,अखंड,आयनित
nonionized,ionised,अखंडित,आयनित
nonionized,ionized,अखंडित,आयनित
nonjudgmental,judgmental,अव्यवस्थित,अनुमान
nonlinear,additive,अरेखीय,additive
nonlinear,linear,अरेखीय,रेखीय
nonlinguistic,lingual,अनियंत्रित,बहुभाषी
nonlinguistic,linguistic,अनियंत्रित,भाषाई
nonliteral,literal,अनियंत्रित,शाब्दिक
nonliving,animate,अजीवित,चेतन
nonmagnetic,magnetic,असंबद्ध,चुंबकीय
nonmaterial,material,गैर -सामग्री,सामग्री
nonmeaningful,meaningful,अखंड,सार्थक
nonmechanical,mechanical,अखंड,यांत्रिक
nonmember,fellow member,गैर - सदस्य,साथी सदस्य
nonmember,member,गैर - सदस्य,सदस्य
nonmetal,metal,पेरसेटाल,धातु
nonmetal,metallic,परत -संबंधी,धातु का
nonmetallic,metal,गैर धात्विक,धातु
nonmetallic,metallic,गैर धात्विक,धातु का
nonmetamorphic,metamorphic,अनमोल,रूपांतरित
nonmigratory,migratory,अखंड,घुमंतू
nonmilitary,military,अमीर,सैन्य
nonmodern,modern,अखंड,आधुनिक
nonmonotonic,monotone,नापने का,एक लय
nonmonotonic,monotonic,नापने का,एकरस
nonmoving,moving,अखरोट,आगे बढ़ने वाला
nonmusical,musical,अकारण,म्यूजिकल
nonnative,aboriginal,अकारण,आदिवासी
nonnative,native,अकारण,देशी
nonobservance,honoring,अवलोकन,का सम्मान
nonobservance,observance,अवलोकन,पालन
nonoperational,operational,अनियंत्रित,आपरेशनल
nonparticipation,engagement,अस्तित्वहीनता,सगाई
nonparticipation,involution,अस्तित्वहीनता,पेचीदगी
nonparticipation,involvement,अस्तित्वहीनता,भागीदारी
nonparticipation,participation,अस्तित्वहीनता,भाग लेना
nonparticulate,particulate,अपूर्व,कण
nonpartisan,drumbeater,निष्पक्षीय,टपकने वाला
nonpartisan,partisan,निष्पक्षीय,पक्षपातपूर्ण
nonpartisan,partizan,निष्पक्षीय,पक्षपातपूर्ण
nonpartisan,zealot,निष्पक्षीय,कट्टरपंथी
nonpartisanship,partiality,अपूर्व,पक्षपात
nonpartisanship,partisanship,अपूर्व,पक्षपात
nonpartizan,drumbeater,नॉनपार्टिज़न,टपकने वाला
nonpartizan,partisan,नॉनपार्टिज़न,पक्षपातपूर्ण
nonpartizan,partizan,नॉनपार्टिज़न,पक्षपातपूर्ण
nonpartizan,zealot,नॉनपार्टिज़न,कट्टरपंथी
nonpasserine,passerine,नॉनपैसेरिन,पैसोरिन
nonpayment,defrayal,भुगतान न,अदायगी
nonpayment,defrayment,भुगतान न,अदायगी
nonpayment,payment,भुगतान न,भुगतान
nonperiodic,periodic,नॉनपेरियोडिक,आवधिक
nonperiodic,periodical,नॉनपेरियोडिक,नियत कालीन
nonphotosynthetic,photosynthetic,नोकदार,संश्लेषक
nonpolar,ionic,अध्रुवीय,ईओण का
nonpolitical,political,अयोग्य,राजनीतिक
nonporous,poriferous,अखरोट का,पोरस
nonporous,porous,अखरोट का,झरझरा
nonpregnant,pregnant,अन्त:,गर्भवती
nonprehensile,prehensile,अकारण,समझदार
nonprescription,prescription,अनिच्छुकता,नुस्खा
nonprofessional,professional,गैर-पेशेवर,पेशेवर
nonproliferation,proliferation,अप्रसार,प्रसार
nonproprietary,proprietary,अव्यवस्थित,संपदा
nonprotractile,extensible,अखंड,एक्सटेंसिबल
nonprotractile,extensile,अखंड,तननेवाला
nonpsychoactive,psychoactive,अखंड,साइकोएक्टिव
nonpsychoactive,psychotropic,अखंड,नशीली
nonracial,racial,असंबद्ध,जातीय
nonradioactive,radioactive,अव्यवस्थित,रेडियोधर्मी
nonrandom,random,अजटक,random
nonreciprocal,mutual,अन्त:,आपसी
nonreciprocal,reciprocal,अन्त:,पारस्परिक
nonreflecting,reflective,अपूर्व,चिंतनशील
nonreflective,reflective,अनियंत्रित,चिंतनशील
nonreligious person,religious person,अव्यवस्थित व्यक्ति,धार्मिक व्यक्ति
nonremittal,payment,अनमोल,भुगतान
nonrenewable,renewable,गैर नवीकरणीय,अक्षय
nonrepetitive,repetitious,पुनरावृत्ति रहित,दुहराव का
nonrepetitive,repetitive,पुनरावृत्ति रहित,दोहरावदार
nonrepresentational,representational,गैर निरूपणीय,प्रतिनिधित्ववादी
nonrepresentative,representative,अविभाज्य,प्रतिनिधि
nonresident,occupant,अखंड,निवासी
nonresident,occupier,अखंड,ठेकेदार
nonresident,resident,अखंड,निवासी
nonresidential,residential,अवसाद,आवासीय
nonresonant,reverberant,अखंड,प्रतिध्वनि का
nonreticulate,reticular,अपंग,जालीदार
nonreticulate,reticulate,अपंग,जाल से ढँकना
nonretractable,retractile,अयोग्य,वापस लेने का
nonretractile,retractile,अखंड,वापस लेने का
nonreturnable,returnable,अयोग्य,वापस करने
nonreversible,reversible,अवांछित,प्रतिवर्ती
nonreversible,two-sided,अवांछित,दोस्र्खा
nonrigid,rigid,अविभाज्य,कठोर
nonruminant,ruminant,अयोग्य,जुगाली करने वाला
nonsectarian,sectarian,गैर-साम्प्रदायिक,सांप्रदायिक
nonsexual,sexual,अव्यवस्थित,यौन
nonsignificant,significant,निरर्थक,महत्वपूर्ण
nonsingular matrix,singular matrix,निरर्थक मैट्रिक्स,एकवचन मैट्रिक्स
nonslippery,slippery,नस्ल,फिसलाऊ
nonslippery,slippy,नस्ल,तेज़
nonsmoker,smoker,अशिक्षित,धूम्रपान न करने
nonsmoker,tobacco user,अशिक्षित,तंबाकू उपयोगकर्ता
nonspatial,spacial,निरर्थक,स्थानिक
nonspatial,spatial,निरर्थक,स्थानिक
nonspeaking,speaking,नॉनपैकिंग,बोला जा रहा है
nonspecific,specific,अविशिष्ट,विशिष्ट
nonspherical,spherical,नॉनफेरिक,गोलाकार
nonstandard,received,गैरमानक,प्राप्त
nonstandard,standard,गैरमानक,मानक
nonstarter,achiever,अखंड,अचीवर
nonstarter,succeeder,अखंड,सफल
nonstarter,success,अखंड,सफलता
nonstarter,winner,अखंड,विजेता
nonsteroidal,steroidal,nonsteroidal,स्टेरॉयडल
nonsubjective,subjective,निरर्थक,व्यक्तिपरक
nonsubmergible,submergible,नॉनबमर्जिबल,पनडुब्बी
nonsubmergible,submersible,नॉनबमर्जिबल,पनडुब्बी
nonsubmersible,submergible,निरर्थक,पनडुब्बी
nonsubmersible,submersible,निरर्थक,पनडुब्बी
nonsuppurative,suppurative,अशिक्षित,पकने वाला
nonsurgical,surgical,निरर्थक,शल्य चिकित्सा
nonsweet,sugary,नॉनविट,मीठा
nonsyllabic,syllabic,निरर्थक,शब्दांश का
nontaxable,nonexempt,अयोग्य,कोई नहीं
nontaxable,taxable,अयोग्य,कर योग्य
nontechnical,technical,नॉनक्निकल,तकनीकी
nonterritorial,territorial,अपारण संबंधी,प्रादेशिक
nonthermal,caloric,अस्तित्व संबंधी,गरमी
nonthermal,thermal,अस्तित्व संबंधी,थर्मल
nonthermal,thermic,अस्तित्व संबंधी,उष्मा सम्बंधी
nontoxic,toxic,नॉनटॉक्सिक,विषाक्त
nontraditional,traditional,गैर-पारंपरिक,परंपरागत
nontranslational,translational,अनिर्णीत,अनुवादकीय
nonuniformity,uniformity,असंगतता,एकरूपता
nonuniformity,uniformness,असंगतता,समानता
nonunion,union,अनन्य,मिलन
nonviolent,violent,अहिंसक,हिंसक
nonviolently,violently,अशिष्टता से,बलपूर्वक
nonvolatile,volatile,अस्त -व्यस्त,परिवर्तनशील
nonvolatile storage,volatile storage,अविभाज्य भंडारण,अस्थिर भंडारण
nonvolatilisable,volatile,अयोग्य,परिवर्तनशील
nonvolatilizable,volatile,अयोग्य,परिवर्तनशील
nonvoluntary,voluntary,अनिच्छुक,स्वैच्छिक
nonwashable,washable,अयोग्य,धो सकते हैं
nonwoody,woody,नॉनवुड,वुडी
nonworker,worker,नॉनवर्कर,कार्यकर्ता
normal,abnormal,सामान्य,असामान्य
normal,paranormal,सामान्य,असाधारण
normal,unnatural,सामान्य,अस्वाभाविक
normalcy,abnormalcy,सामान्यता,असामान्य
normalcy,abnormality,सामान्यता,असामान्यता
normality,abnormalcy,साधारण अवस्था,असामान्य
normality,abnormality,साधारण अवस्था,असामान्यता
normally,outstandingly,आम तौर पर,शानदार
normally,remarkably,आम तौर पर,ध्यान से देखने से
normally,unco,आम तौर पर,असमान होना
normally,unusually,आम तौर पर,असामान्य रूप से
normative,descriptive,मानक का,वर्णनात्मक
normotensive,hypertensive,मानदंड का,उच्च रक्तचाप से ग्रस्त
normotensive,hypotensive,मानदंड का,रक्तचाप
north,south,उत्तर,दक्षिण
northern,southern,उत्तरी,दक्षिण
northernness,southernness,उत्तरीपन,दक्षिणीपन
nosed,noseless,नाक,बिना
noseless,nosed,बिना,नाक
not by a blame sight,by all means,एक दोष दृष्टि से नहीं,हर तरह से
not by a long sight,by all means,एक लंबी दृष्टि से नहीं,हर तरह से
not intrusive,intrusive,घुसपैठ नहीं,घुसपैठ
not surprised,surprised,आश्चर्य नहीं हुआ,हैरान
note,ignore,टिप्पणी,अनदेखा करना
nothing,all,कुछ नहीं,सब
nothing,anything,कुछ नहीं,कुछ भी
nothing,all things,कुछ नहीं,सब चीजें
notice,ignore,सूचना,अनदेखा करना
noticeable,unnoticeable,ध्यान देने योग्य,unnoticeable
noticeable,unobtrusive,ध्यान देने योग्य,विनीत
noticeably,imperceptibly,काफ़ी,अपरिहार्य रूप से
noticeably,unnoticeably,काफ़ी,किसी का ध्यान नहीं से
noticed,unnoticed,ध्यान दिया,किसी का ध्यान नहीं
nourished,malnourished,पोषित,कुपोषित
nowness,futurity,नवीनी,भविष्यकाल
nowness,pastness,नवीनी,चराई
noxious,innocuous,हानिकारक,अहानिकर
noxiously,harmlessly,अशिष्टता से,कोई हानि पहुंचाए बिना
nuclear,conventional,नाभिकीय,पारंपरिक
nullify,formalise,मंसूख़,सजाना
nullify,formalize,मंसूख़,सजाना
nullify,validate,मंसूख़,मान्य
numerate,innumerate,गिना हुआ,असंबद्ध
numerical,verbal,न्यूमेरिकल,मौखिक
nurse,bottlefeed,देखभाल करना,बॉटल से पिलाना
obedience,disobedience,आज्ञाकारिता,आज्ञा का उल्लंघन
obedience,noncompliance,आज्ञाकारिता,गैर अनुपालन
obedient,disobedient,आज्ञाकारी,हठी
obediently,disobediently,आज्ञाकारी,अवज्ञा से
obeisance,disobedience,श्रद्धा,आज्ञा का उल्लंघन
obeisance,noncompliance,श्रद्धा,गैर अनुपालन
obey,disobey,आज्ञा का पालन करना,अवज्ञा
obfuscate,clarify,अंधेरा करना,स्पष्ट करना
obfuscate,clear up,अंधेरा करना,साफ़ करो
obfuscate,elucidate,अंधेरा करना,स्पष्ट करना
object program,source program,वस्तु कार्यक्रम,स्रोत कार्यक्रम
objectify,individualise,जीता-जागता कारण देना,अकेला होना
objectify,individualize,जीता-जागता कारण देना,अकेला होना
objectify,personalise,जीता-जागता कारण देना,वैयक्तिकृत करें
objectify,personalize,जीता-जागता कारण देना,वैयक्तिकृत करें
objective,subjective,उद्देश्य,व्यक्तिपरक
objectively,subjectively,निष्पक्ष,आत्मगत
oblate,prolate,सपाट किया,लंबोतरा
oblate,watermelon-shaped,सपाट किया,तरबूज के आकार का
obligate,facultative,लाचार,ऐच्छिक
obligated,unobligated,बाध्य,अनियंत्रित
obligatorily,optionally,अनुचित तरीके से,वैकल्पिक रूप से
obligatory,optional,अनिवार्य,वैकल्पिक
oblige,disoblige,उपकृत,अक्षम
oblique,nominative,परोक्ष,कतार्कारक
oblique,nominative case,परोक्ष,नामांकित मामला
oblique,parallel,परोक्ष,समानांतर
oblique,perpendicular,परोक्ष,सीधा
oblique,subject case,परोक्ष,विषय -वस्तु
oblique angle,right angle,परोक्ष कोण,समकोण
oblique case,nominative,तिरछी बक्से,कतार्कारक
oblique case,nominative case,तिरछी बक्से,नामांकित मामला
oblique case,subject case,तिरछी बक्से,विषय -वस्तु
oblique triangle,right triangle,तिरछी त्रिभुज,सही त्रिकोण
oblique triangle,right-angled triangle,तिरछी त्रिभुज,राइट-एंगल्ड त्रिभुज
obscureness,clarity,अश्लीलता,स्पष्टता
obscureness,clearness,अश्लीलता,स्पष्टता
obscureness,limpidity,अश्लीलता,पारदर्शकता
obscureness,lucidity,अश्लीलता,स्पष्टता
obscureness,lucidness,अश्लीलता,स्पष्टता
obscureness,pellucidity,अश्लीलता,पेलुसीसता
obscurity,clarity,अंधकार,स्पष्टता
obscurity,clearness,अंधकार,स्पष्टता
obscurity,limpidity,अंधकार,पारदर्शकता
obscurity,lucidity,अंधकार,स्पष्टता
obscurity,lucidness,अंधकार,स्पष्टता
obscurity,pellucidity,अंधकार,पेलुसीसता
obscurity,prominence,अंधकार,शोहरत
observably,imperceptibly,अवलोकन से,अपरिहार्य रूप से
observably,unnoticeably,अवलोकन से,किसी का ध्यान नहीं से
observance,nonobservance,पालन,अवलोकन
observe,breach,निरीक्षण,उल्लंघन
observe,break,निरीक्षण,तोड़ना
observe,disrespect,निरीक्षण,अपमानित करना
observe,go against,निरीक्षण,खिलाफ जाना
observe,infract,निरीक्षण,ढालना
observe,offend,निरीक्षण,कष्ट पहुंचाना
observe,transgress,निरीक्षण,उल्लंघन करना
observe,violate,निरीक्षण,का उल्लंघन
obstinate,docile,जिद्दी,विनम्र
obstruct,disengage,बाधा डालती,छुड़ाना
obstruct,free,बाधा डालती,मुक्त
obstructed,unobstructed,बाधित,अबाधित
obtrusive,unnoticeable,निकला हुआ,unnoticeable
obtrusive,unobtrusive,निकला हुआ,विनीत
obtrusively,unobtrusively,अधूरेपन से,unobtrusively
obtrusiveness,unobtrusiveness,बेतकल्लुफ़ी,विनीतता
obturate,disengage,डाटना,छुड़ाना
obturate,free,डाटना,मुक्त
obtuse,acute,कुंठित,तीव्र
obtuseness,acuteness,जड़ता,तीक्ष्णता
obverse,reverse,रक्षात्मक,रिवर्स
obverse,verso,रक्षात्मक,पीठ
obviate,ask,मुक्त हो जाना,पूछना
obviate,call for,मुक्त हो जाना,के लिए कॉल
obviate,demand,मुक्त हो जाना,माँग
obviate,involve,मुक्त हो जाना,शामिल होना
obviate,necessitate,मुक्त हो जाना,जरूरत
obviate,need,मुक्त हो जाना,ज़रूरत
obviate,postulate,मुक्त हो जाना,मांगना
obviate,require,मुक्त हो जाना,ज़रूरत होना
obviate,take,मुक्त हो जाना,लेना
obvious,unobvious,ज़ाहिर,आप राईस
occidentalise,orientalise,पश्चिमी बनाना,ओरिएंटलाइज
occidentalise,orientalize,पश्चिमी बनाना,उन्मुख करना
occidentalize,orientalise,चतुर्थि बनाना,ओरिएंटलाइज
occidentalize,orientalize,चतुर्थि बनाना,उन्मुख करना
occlude,disengage,रोक देना,छुड़ाना
occlude,free,रोक देना,मुक्त
occlusive,continuant,पूर्णावरोधक,CONTINUING
occlusive,continuant consonant,पूर्णावरोधक,सतत व्यंजन
occupant,nonresident,निवासी,अखंड
occupied,unoccupied,कब्ज़ा होना,खुला हुआ
occupier,nonresident,ठेकेदार,अखंड
odd,even,विषम,यहां तक ​​की
odd-toed ungulate,artiodactyl,विषम-पैर,अमीरियोडैक्टाइल
odd-toed ungulate,artiodactyl mammal,विषम-पैर,अमीरियोडैक्टाइल स्तनपायी
odd-toed ungulate,even-toed ungulate,विषम-पैर,यहां तक ​​कि असंबद्ध
odorize,deodorise,दुर्गंध करना,दुर्गन्ध करना
odorize,deodorize,दुर्गंध करना,दुर्गन्ध दूर करना
odorize,deodourise,दुर्गंध करना,दुर्गंध
odorless,odorous,बिना गंध,सुगंधित
odorous,inodorous,सुगंधित,गंधरहित
odorous,odorless,सुगंधित,बिना गंध
odorous,odourless,सुगंधित,बिना गंध
odourise,deodorise,उथल -पुथल करना,दुर्गन्ध करना
odourise,deodorize,उथल -पुथल करना,दुर्गन्ध दूर करना
odourise,deodourise,उथल -पुथल करना,दुर्गंध
odourless,odorous,बिना गंध,सुगंधित
oestrus,anestrum,गोमक्खी,एक प्रकार का होना
oestrus,anestrus,गोमक्खी,एक प्रकार का
oestrus,anoestrum,गोमक्खी,वंशावली
oestrus,anoestrus,गोमक्खी,एक प्रकार का
of course,unnaturally,बिल्कुल,अप्राकृतिक रूप
of import,unimportant,आयात,बेकार
off,on,बंद,पर
off-line,on-line,ऑफ-लाइन,ऑनलाइन
off-line,online,ऑफ-लाइन,ऑनलाइन
off-season,high season,मौसम के बाद या पहले,व्यस्त अवधि
off-season,peak season,मौसम के बाद या पहले,पीक सीजन
off-site,on-site,ऑफ साइट,साइट पर
off-street,on-street,प्रधान मार्ग पर,परत
offence,defence,अपराध,रक्षा
offence,defending team,अपराध,बचाव दल
offence,defense,अपराध,रक्षा
offend,keep,कष्ट पहुंचाना,रखना
offend,observe,कष्ट पहुंचाना,निरीक्षण
offending,unoffending,हमलावर,सीधा
offense,defence,अपराध,रक्षा
offense,defending team,अपराध,बचाव दल
offense,defense,अपराध,रक्षा
offensive,defensive,अप्रिय,बचाव
offensive,euphemistic,अप्रिय,व्यंजनावादी
offensive,inoffensive,अप्रिय,निरापद
offensive,savory,अप्रिय,दिलकश
offensive,savoury,अप्रिय,दिलकश
offensive,unoffending,अप्रिय,सीधा
offensively,defensively,आपत्तिजनक रूप,बचाव
offensively,inoffensively,आपत्तिजनक रूप,अन्त: रूप से
official,unofficial,अधिकारी,अनौपचारिक
officially,unofficially,आधिकारिक तौर पर,अनाधिकारिक
offsaddle,saddle,बंद करना,काठी
offset,end,ओफ़्सेट,अंत
offset,ending,ओफ़्सेट,समाप्ति
offset,middle,ओफ़्सेट,मध्य
offshore,inshore,अपतटीय,नदी के किनारे पर
offshore,onshore,अपतटीय,तटवर्ती
offshore,seaward,अपतटीय,समुद्र की ओर
offshore,shoreward,अपतटीय,किनारे की ओर
offside,onside,ऑफसाइड,ओर
offsides,onside,ऑफ़साइड,ओर
offstage,onstage,गुप्त,स्टेज पर
oft,infrequently,ओ एफ टी,कभी कभी
oft,rarely,ओ एफ टी,कभी-कभार
oft,seldom,ओ एफ टी,कभी-कभी
often,infrequently,अक्सर,कभी कभी
often,rarely,अक्सर,कभी-कभार
often,seldom,अक्सर,कभी-कभी
oftentimes,infrequently,अक्सर,कभी कभी
oftentimes,rarely,अक्सर,कभी-कभार
oftentimes,seldom,अक्सर,कभी-कभी
ofttimes,infrequently,tottimes,कभी कभी
ofttimes,rarely,tottimes,कभी-कभार
ofttimes,seldom,tottimes,कभी-कभी
oiled,unoiled,तेल,निन्दनीय
okay,disapprove,ठीक है,अस्वीकार कर देना
okay,reject,ठीक है,अस्वीकार करना
old,immature,पुराना,अपरिपक्व
old,new,पुराना,नया
old,young,पुराना,युवा
old style,Bodoni,पुरानी शैली,बोडोनी
old style,Bodoni font,पुरानी शैली,फ़ॉन्ट बोडोनी
old style,modern,पुरानी शैली,आधुनिक
old style,modern font,पुरानी शैली,आधुनिक फ़ॉन्ट
old style font,Bodoni,ओल्ड स्टाइल फ़ॉन्ट,बोडोनी
old style font,Bodoni font,ओल्ड स्टाइल फ़ॉन्ट,फ़ॉन्ट बोडोनी
old style font,modern,ओल्ड स्टाइल फ़ॉन्ट,आधुनिक
old style font,modern font,ओल्ड स्टाइल फ़ॉन्ट,आधुनिक फ़ॉन्ट
oldness,newness,प्राचीनता,नयापन
oldness,youngness,प्राचीनता,उग्रता
oleophilic,oleophobic,ओलियोफिलिक,ओलियोफोबिक
oleophobic,oleophilic,ओलियोफोबिक,ओलियोफिलिक
omit,attend to,छोड़ देना,में भाग लेने के
omit,include,छोड़ देना,शामिल करना
omit,take to heart,छोड़ देना,दिल से ले लो
omnidirectional,directional,सर्वदिशात्मक,निर्देशित
omnivorous,carnivorous,सर्व-भक्षक,मांसभक्षी
omnivorous,herbivorous,सर्व-भक्षक,तृणभक्षी
omnivorous,insectivorous,सर्व-भक्षक,कीट खानेवाला
on,cancelled,पर,रद्द
on,off,पर,बंद
on a higher floor,below,एक ऊंची मंजिल पर,नीचे
on a higher floor,down the stairs,एक ऊंची मंजिल पर,सीढ़ियों से नीचे
on a higher floor,downstairs,एक ऊंची मंजिल पर,सीढ़ी के नीचे
on a higher floor,on a lower floor,एक ऊंची मंजिल पर,एक निचली मंजिल पर
on a lower floor,on a higher floor,एक निचली मंजिल पर,एक ऊंची मंजिल पर
on a lower floor,up the stairs,एक निचली मंजिल पर,सीढ़ियों से
on a lower floor,upstairs,एक निचली मंजिल पर,ऊपर
on a regular basis,irregularly,एक नियमित आधार पर,अनियमित
on a regular basis,on an irregular basis,एक नियमित आधार पर,अनियमित आधार पर
on an irregular basis,on a regular basis,अनियमित आधार पर,एक नियमित आधार पर
on an irregular basis,regularly,अनियमित आधार पर,नियमित रूप से
on one hand,but then,एक तरफ़,परन्तु फिर
on one hand,on the other hand,एक तरफ़,वहीं दूसरी ओर
on one hand,then again,एक तरफ़,तो फिर
on purpose,accidentally,जान - बूझकर,अकस्मात
on purpose,by chance,जान - बूझकर,संयोगवश
on purpose,circumstantially,जान - बूझकर,ब्योरे से
on purpose,unexpectedly,जान - बूझकर,अप्रत्याशित रूप से
on purpose,unintentionally,जान - बूझकर,अनजाने
on the one hand,but then,एक ओर,परन्तु फिर
on the one hand,on the other hand,एक ओर,वहीं दूसरी ओर
on the one hand,then again,एक ओर,तो फिर
on the other hand,on one hand,वहीं दूसरी ओर,एक तरफ़
on the other hand,on the one hand,वहीं दूसरी ओर,एक ओर
on time,delayed,समय पर,देरी
on time,late,समय पर,देर से
on time,overdue,समय पर,बकाया
on time,unpunctual,समय पर,अनियमित
on time,untimely,समय पर,असमय
on-line,off-line,ऑनलाइन,ऑफ-लाइन
on-site,off-site,साइट पर,ऑफ साइट
on-street,off-street,परत,प्रधान मार्ग पर
once and for all,inconclusively,हमेशा के लिये,अनिर्णीत रूप से
one-dimensional,cubic,एक आयामी,घन
one-dimensional,multidimensional,एक आयामी,बहुआयामी
one-dimensional,planar,एक आयामी,प्लानर
one-dimensional,three-dimensional,एक आयामी,तीन आयामी
one-dimensional,two-dimensional,एक आयामी,दो आयामी
one-dimensional language,multidimensional language,एक आयामी भाषा,बहुआयामी भाषा
one-piece,three-piece,एक टुकड़ा,थ्री-पीस
one-piece,two-piece,एक टुकड़ा,दो टुकड़े
one-sided,many-sided,एकतरफ़ा,बहुमुखी
one-sided,multilateral,एकतरफ़ा,बहुपक्षीय
one-sided,reversible,एकतरफ़ा,प्रतिवर्ती
one-sided,two-sided,एकतरफ़ा,दोस्र्खा
one-sidedly,multilaterally,एक तरफा,बहुपक्षीय
one-year,biennial,एक वर्ष,द्विवाषिक
one-year,perennial,एक वर्ष,चिरस्थायी
one-year,two-year,एक वर्ष,दो साल का
online,off-line,ऑनलाइन,ऑफ-लाइन
onomatopoeic,nonechoic,ओमोमाटोपोइक,अखंड
onomatopoeical,nonechoic,ओमेटोपोइल,अखंड
onomatopoetic,nonechoic,अनुकरणात्मक,अखंड
onshore,offshore,तटवर्ती,अपतटीय
onshore,seaward,तटवर्ती,समुद्र की ओर
onside,offside,ओर,ऑफसाइड
onside,offsides,ओर,ऑफ़साइड
onstage,offstage,स्टेज पर,गुप्त
ontogenesis,nondevelopment,ओटोजेनेसिस,अव्यवस्थित
ontogeny,nondevelopment,व्यक्तिवृत्त,अव्यवस्थित
onward motion,retreat,आगे की गति,पीछे हटना
onymous,anon.,ओनिमस,एनोन।
onymous,anonymous,ओनिमस,गुमनाम
opacity,clarity,अस्पष्टता,स्पष्टता
opacity,clearness,अस्पष्टता,स्पष्टता
opacity,transparence,अस्पष्टता,पारदर्शिता
opacity,transparency,अस्पष्टता,पारदर्शिता
opacity,uncloudedness,अस्पष्टता,असंबद्धता
opaque,clear,अस्पष्ट,स्पष्ट
opaqueness,clarity,धुँधलापन,स्पष्टता
opaqueness,clearness,धुँधलापन,स्पष्टता
opaqueness,uncloudedness,धुँधलापन,असंबद्धता
open,close,खुला,बंद
open,close down,खुला,बंद करना
open,close up,खुला,क्लोज़ अप
open,closed,खुला,बंद किया हुआ
open,covert,खुला,प्रच्छन्न
open,fold,खुला,तह करना
open,fold up,खुला,तह करो
open,shut,खुली,बंद
open,shut down,खुला,शट डाउन
open,turn up,खुला,बढ़ाना
open,unopen,खुला,अनियंत्रित करना
open,unreceptive,खुला,अप्राप्य
open chain,closed chain,खुली श्रृंखला,बंद श्रृंखला
open chain,ring,खुली श्रृंखला,अँगूठी
open circuit,closed circuit,खुला सर्किट,बन्द परिपथ
open circuit,loop,खुला सर्किट,कुंडली
open interval,bounded interval,खुले अंतराल,तंग अंतराल
open interval,closed interval,खुले अंतराल,बंद अंतराल
open up,be quiet,खुलना,चुप रहें
open up,belt up,खुलना,बेल्ट करना
open up,button up,खुलना,बटन लगाना
open up,clam up,खुलना,चुप हो जाना
open up,close,खुलना,बंद करना
open up,close down,खुलना,बंद करना
open up,close up,खुलना,क्लोज़ अप
open up,dummy up,खुलना,डमी अप
open up,fold,खुलना,तह करना
open up,keep mum,खुलना,मम्मी रखना
open up,shut,खुलना,बंद
open up,shut down,खुलना,शट डाउन
open up,shut up,खुलना,चुप रहो
open-chain,cyclic,खुली हुई चेन,चक्रीय
opened,closed,खोला हुआ,बंद किया हुआ
opened,shut,खोला हुआ,बंद
opening,closing,उद्घाटन,समापन
opening,shutting,उद्घाटन,बंद
openness,closeness,खुलापन,निकटता
openness,secretiveness,खुलापन,गुप्तता
operable,inoperable,प्रचलित,बेकार
operate,disengage,प्रचालन,छुड़ाना
operate,malfunction,प्रचालन,खराबी
operate,misfunction,प्रचालन,गलतफहमी
operate,withdraw,प्रचालन,निकालना
operational,inactive,आपरेशनल,निष्क्रिय
operational,nonoperational,आपरेशनल,अनियंत्रित
operative,inoperative,ऑपरेटिव,निष्क्रिय
operative,medical,ऑपरेटिव,चिकित्सा
opisthognathous,hypognathous,ओपिसथोगनैथस,हंसी -संबंधी
opisthognathous,prognathic,ओपिसथोगनैथस,प्रोगैथिक
opisthognathous,prognathous,ओपिसथोगनैथस,उभड़नेवाला
opponent,agonist,प्रतिद्वंद्वी,एगोनिस्ट
opportune,inopportune,सामयिक,बेवक़्त
opportunely,inopportunely,ठीक वक्त पर,असमय से
opportunely,malapropos,ठीक वक्त पर,गायब हो जाएगा
opportuneness,inopportuneness,अवसाद,असंगतता
opportuneness,untimeliness,अवसाद,असंबद्धता
opposable,unopposable,अप्रवर्तीय,अप्राप्य
opposed,unopposed,विरोध,अनियंत्रित
opposer,agonist,का विरोध,एगोनिस्ट
opposite,alternate,विलोम,वैकल्पिक
opposite,equivalent word,विलोम,समतुल्य शब्द
opposite,synonym,विलोम,समानार्थी शब्द
opposite word,equivalent word,विपरीत शब्द,समतुल्य शब्द
opposite word,synonym,विपरीत शब्द,समानार्थी शब्द
opprobrium,celebrity,अपमान,प्रसिद्ध व्यक्ति
opprobrium,fame,अपमान,यश
opprobrium,renown,अपमान,यश
optimism,pessimism,आशावाद,निराशावाद
optimist,pessimist,आशावादी,निराशावादी
optimistic,pessimistic,आशावादी,निराशावादी
optimistically,pessimistically,आशावादी,निराशावाद की दृष्टि से
optional,obligatory,वैकल्पिक,अनिवार्य
optionally,obligatorily,वैकल्पिक रूप से,अनुचित तरीके से
orad,aborad,ओराड,अबोरद
oral,aboral,मौखिक,एबोरल
oral,anal,मौखिक,गुदा
oral,anal retentive,मौखिक,गुदा प्रतिशोधी
order,deregulate,आदेश,नियंत्रण मुक्त
order,disarray,आदेश,उधेड़-बुन
order,disorder,आदेश,विकार
order,disorderliness,आदेश,अव्यवस्था
ordered,disarranged,आदेश दिया,अव्यवस्थित
ordered,disordered,आदेश दिया,बेक़ायदा
ordered,incoherent,आदेश दिया,बेतुका
ordered,unordered,आदेश दिया,अक्रमित
orderliness,disorder,सुव्यवस्था,विकार
orderliness,disorderliness,सुव्यवस्था,अव्यवस्था
orderly,disorderly,व्यवस्थित,उल्टा पुल्टा
ordinal,cardinal,क्रमवाचक,कार्डिनल
ordinarily,outstandingly,आमतौर पर,शानदार
ordinarily,remarkably,आमतौर पर,ध्यान से देखने से
ordinarily,unco,आमतौर पर,असमान होना
ordinarily,unusually,आमतौर पर,असामान्य रूप से
ordinariness,extraordinariness,सर्वसाधारण,विशिषटता
ordinary,extraordinary,साधारण,असाधारण
organic,functional,जैविक,कार्यात्मक
organic,inorganic,जैविक,अकार्बनिक
organic disorder,functional disorder,कार्बनिक विकार,कार्यात्मक विकार
organically,inorganically,बवाल,अकार्बनिक रूप से
organise,disorganise,आयोजन,अव्यवस्था करना
organise,disorganize,आयोजन,हंगामा करना
organize,disorganise,आयोजन,अव्यवस्था करना
organize,disorganize,आयोजन,हंगामा करना
organized,disorganised,संगठित,बेतरतीब
organized,disorganized,संगठित,बेतरतीब
organized,unorganised,संगठित,असंगठित
organized,unorganized,संगठित,असंगठित
orient,disorient,ओरिएंट,गुमराह करना
orient,disorientate,ओरिएंट,गुमराह करना
orientalise,occidentalise,ओरिएंटलाइज,पश्चिमी बनाना
orientalise,occidentalize,ओरिएंटलाइज,चतुर्थि बनाना
orientalise,westernise,ओरिएंटलाइज,पश्चिमीकरण
orientalise,westernize,ओरिएंटलाइज,पश्चिमी बनाना
orientalize,occidentalise,उन्मुख करना,पश्चिमी बनाना
orientalize,occidentalize,उन्मुख करना,चतुर्थि बनाना
orientalize,westernise,उन्मुख करना,पश्चिमीकरण
orientalize,westernize,उन्मुख करना,पश्चिमी बनाना
orientate,disorient,ओर मालूम करना,गुमराह करना
orientate,disorientate,ओर मालूम करना,गुमराह करना
orientated,unoriented,केंद्रित,अचूक
orientating,disorienting,अभिविन्यास करना,बहकानेवाला
oriented,unoriented,उन्मुखी,अचूक
orienting,disorienting,उन्मुखीकरण,बहकानेवाला
original,unoriginal,मूल,नक़ल करनेवाला
original sin,actual sin,मूल पाप,वास्तविक पाप
originality,unoriginality,मोलिकता,अनियंत्रितता
originative,uncreative,रचनात्मक,अचूक
orthodox,unorthodox,रूढ़िवादी,अपरिमित
orthodoxy,heresy,ओथडोक्सी,पाषंड
orthodoxy,heterodoxy,ओथडोक्सी,विधर्म
orthodoxy,unorthodoxy,ओथडोक्सी,अपरिमित
orthotropous,campylotropous,आंतक,कैम्पिलोट्रोपीस
ostentatious,unostentatious,दिखावटी,अप्रथावाला
ostentatious,unpretending,दिखावटी,सच्चा
ostentatious,unpretentious,दिखावटी,सरल
other,same,अन्य,वही
otherworldliness,worldliness,अन्यता,सांसारिकता
out,safe,बाहर,सुरक्षित
out of doors,indoors,दरवाजे से बाहर,घर के अंदर
out of doors,inside,दरवाजे से बाहर,अंदर
out of hand,in hand,हाथ से बाहर,हाथ में
out of wedlock,legitimately,वंश के बाहर,वैध तरीके से
out-basket,in-basket,बास्केट,टोकरी में
out-basket,in-tray,बास्केट,तय करना
out-of-door,indoor,दरवाजे से बाहर,इनडोर
out-of-the-box thinking,convergent thinking,आउट-ऑफ-द-बॉक्स सोच,अभिसारी सोच
out-tray,in-basket,टाल,टोकरी में
out-tray,in-tray,टाल,तय करना
outbid,underbid,आगे बढ़ाना,दाम कम कर देना
outboard,inboard,जहाज़ के बाहर,भीतर
outbred,inbred,गला घोंटना,जन्मजात
outdoor,indoor,बाहरी,इनडोर
outdoors,indoors,सड़क पर,घर के अंदर
outdoors,inside,सड़क पर,अंदर
outer,inner,आउटर,आंतरिक
outer garment,undergarment,बाहरी परिधान,नीचे पहनने के कपड़े
outer garment,unmentionable,बाहरी परिधान,गंदा
outfield,baseball diamond,दूर का क्षेत्र,बेसबॉल डायमंड
outfield,diamond,दूर का क्षेत्र,डायमंड
outfield,infield,दूर का क्षेत्र,आक्रमण करना
outflow,inflow,निकल भागना,शाखा
outflow,influx,निकल भागना,तांता
outgo,income,रवानगी,आय
outgoing,incoming,जावक,आने वाली
outlander,citizen,आउटलैंडर,नागरिक
outlaw,decriminalise,डाकू,de-अपराध
outlaw,decriminalize,डाकू,decriminalize
outlaw,legalise,डाकू,वैध बनाना
outlaw,legalize,डाकू,वैध बनाना
outlaw,legitimate,डाकू,वैध
outlaw,legitimatise,डाकू,वैध करना
outlaw,legitimatize,डाकू,वैध बनाना
outlaw,legitimise,डाकू,वैधता
outlaw,legitimize,डाकू,वैधता
outlay,income,परिव्यय,आय
outpatient,inmate,आउट पेशेंट,कैदी
outpatient,inpatient,आउट पेशेंट,रोगी
outset,end,शुरू,अंत
outset,ending,शुरू,समाप्ति
outset,middle,शुरू,मध्य
outside,indoor,बाहर,इनडोर
outside,indoors,बाहर,घर के अंदर
outside,inside,बाहर,अंदर
outside,interior,बाहर,आंतरिक भाग
outside,within,बाहर,अंदर
outspan,inspan,बाहर की टीम,उपयोग
outstandingly,commonly,शानदार,आमतौर
outstandingly,normally,शानदार,आम तौर पर
outstandingly,ordinarily,शानदार,आमतौर पर
outstandingly,unremarkably,शानदार,अचूक रूप से
outstandingly,usually,शानदार,आम तौर पर
outward,inward,जावक,आंतरिक
outward,inwards,जावक,अंदर की ओर
outwardly,inside,के बाहर,अंदर
outwardly,inwardly,के बाहर,अंदर
outwardness,internality,बाहर की ओर,अंतर्मतता
outwardness,inwardness,बाहर की ओर,अंदर की ओर
outwards,inward,के बाहर,आंतरिक
outwards,inwards,के बाहर,अंदर की ओर
outwear,freshen,घिसना,तरोताजा
outwear,refresh,घिसना,ताज़ा
outwear,refreshen,घिसना,ताज़ा करना
over the counter security,listed security,काउंटर सुरक्षा से अधिक,सूचीबद्ध सुरक्षा
over-the-counter,prescription,बिना पर्ची का,नुस्खा
over-the-counter drug,ethical drug,बिना डॉक्टर की सलाह पर बेची जाने वाली दवाएं,नैतिक दवा
over-the-counter drug,prescription,बिना डॉक्टर की सलाह पर बेची जाने वाली दवाएं,नुस्खा
over-the-counter drug,prescription drug,बिना डॉक्टर की सलाह पर बेची जाने वाली दवाएं,पर्चे की दवा
over-the-counter drug,prescription medicine,बिना डॉक्टर की सलाह पर बेची जाने वाली दवाएं,दवाई का पर्चा
over-the-counter medicine,ethical drug,ओवर-द-काउंटर मेडिसिन,नैतिक दवा
over-the-counter medicine,prescription,ओवर-द-काउंटर मेडिसिन,नुस्खा
over-the-counter medicine,prescription drug,ओवर-द-काउंटर मेडिसिन,पर्चे की दवा
over-the-counter medicine,prescription medicine,ओवर-द-काउंटर मेडिसिन,दवाई का पर्चा
overachievement,underachievement,अधिकता,कमज़ोरता
overact,underact,बढ़ा-चढ़ाकर बयान करना,कम करना
overact,underplay,बढ़ा-चढ़ाकर बयान करना,कम करना
overarm,underarm,बख़ोटी,कम करना
overarm,underhand,बख़ोटी,चालाकीपूर्ण
overarm,underhanded,बख़ोटी,गुप्त
overbid,underbid,अधिक,दाम कम कर देना
overcast,brighten,घटाटोप,रोशन
overcast,clear,घटाटोप,स्पष्ट
overcast,clear up,घटाटोप,साफ़ करो
overcast,light up,घटाटोप,प्रकाशित करना
overcharge,undercharge,पल्ला झुकना,हलकी तरफ मुकदमा चलाना
overclothe,underdress,ओवरक्लॉथ,कमज़ोर करना
overdraw,downplay,ओवरड्रॉ,नीचे गिरना
overdraw,minimise,ओवरड्रॉ,छोटा करना
overdraw,minimize,ओवरड्रॉ,छोटा करना
overdraw,understate,ओवरड्रॉ,परदा डालना
overdress,dress down,बेहद सजाना,अनौपचारिक कपड़े पहनना
overdress,underdress,बेहद सजाना,कमज़ोर करना
overestimate,underestimate,अत्यधिक,कम समझना
overestimate,underrate,अत्यधिक,कम आंकना
overestimate,undervalue,अत्यधिक,कम आंकना
overexpose,underexpose,ओवरएक्सपोज करना,अपूर्ण फोटो बनाना
overgarment,undergarment,ऊबड़ -खाबड़,नीचे पहनने के कपड़े
overgarment,unmentionable,ऊबड़ -खाबड़,गंदा
overhand,underarm,ओवरहैण्ड,कम करना
overhand,underhand,ओवरहैण्ड,चालाकीपूर्ण
overhand,underhanded,ओवरहैण्ड,गुप्त
overhanded,underarm,उछलना,कम करना
overhanded,underhand,उछलना,चालाकीपूर्ण
overhanded,underhanded,उछलना,गुप्त
overhead,subsurface,उपरि,उपसतह
overhead,surface,उपरि,सतह
overleap,attend to,अधिक होना,में भाग लेने के
overleap,take to heart,अधिक होना,दिल से ले लो
overlook,attend to,ओवरलुक,में भाग लेने के
overlook,take to heart,ओवरलुक,दिल से ले लो
overpay,underpay,अधिक भुगतान,थोड़ा सा वेतन देना
overplay,underact,ओवरप्ले,कम करना
overplay,underplay,ओवरप्ले,कम करना
overrate,underestimate,उखाड़ना,कम समझना
overrate,underrate,उखाड़ना,कम आंकना
overshoot,undershoot,ओवरशूट करना,अंडरशूट
overspend,underspend,अधिक खर्च,कम करना
overstate,downplay,परहेज करना,नीचे गिरना
overstate,minimise,परहेज करना,छोटा करना
overstate,minimize,परहेज करना,छोटा करना
overstate,understate,परहेज करना,परदा डालना
overstatement,understatement,अतिप्रवाह,परदा डालना
overstock,understock,overstock,समझना
overt,covert,अपरोक्ष,प्रच्छन्न
overtime,regulation time,अधिक समय तक,विनियमन काल
overtly,covertly,खुलकर,छिपकर
overvalue,underestimate,डकैती,कम समझना
overvalue,undervalue,डकैती,कम आंकना
oviparous,live-bearing,डिंबप्रसू,जीना
oviparous,ovoviviparous,डिंबप्रसू,ओविविविप्रस
oviparous,viviparous,डिंबप्रसू,विविपेरस
ovoviviparous,live-bearing,ओविविविप्रस,जीना
ovoviviparous,oviparous,ओविविविप्रस,डिंबप्रसू
ovoviviparous,viviparous,ओविविविप्रस,विविपेरस
ovulation,anovulation,ovulation,एनोवुलाज़ेशन
owned,ownerless,स्वामित्व,स्वामिहीन
owned,unowned,स्वामित्व,किसी का नहीं
ownerless,owned,स्वामिहीन,स्वामित्व
oxidate,deoxidise,ऑक्साइड,डोक्सिडाइज़
oxidate,deoxidize,ऑक्साइड,डोक्सिडाइज़ करना
oxidate,reduce,ऑक्साइड,कम करना
oxidise,deoxidise,ऑक्सिडाइज़ करना,डोक्सिडाइज़
oxidise,deoxidize,ऑक्सिडाइज़ करना,डोक्सिडाइज़ करना
oxidise,reduce,ऑक्सिडाइज़ करना,कम करना
oxidize,deoxidise,ऑक्सीकरण,डोक्सिडाइज़
oxidize,deoxidize,ऑक्सीकरण,डोक्सिडाइज़ करना
oxidize,reduce,ऑक्सीकरण,कम करना
pack,take out,सामान बाँधना,साथ ले जाएं
pack,unpack,सामान बाँधना,खोल देना
pack together,decompress,एक साथ पैक करना,दबाव हटाना
pack together,uncompress,एक साथ पैक करना,uncompress
package,computer hardware,पैकेट,कंप्यूटर हार्डवेयर
package,hardware,पैकेट,हार्डवेयर
package,unbox,पैकेट,अनहोनी
packaged,unpackaged,डिब्बाबंद,विसंकुलित
paid,unpaid,चुकाया गया,अवैतनिक
pain,pleasance,दर्द,प्रसन्नता
pain,pleasure,दर्द,आनंद
painful,painless,दर्दनाक,दर्दरहित
painfully,painlessly,दर्दनाक,दर्द
painfulness,pleasance,कष्ट,प्रसन्नता
painfulness,pleasure,कष्ट,आनंद
painless,painful,दर्दरहित,दर्दनाक
painlessly,painfully,दर्द,दर्दनाक
painlessly,sorely,दर्द,कष्टदायी रूप से
painstakingness,unconscientiousness,श्रमसाध्यता,अचूक
paintable,unpaintable,मुद्रणनीय,अयोग्य
painted,unpainted,चित्रित,रंगी
paired,alternate,बनती,वैकल्पिक
palatability,unpalatability,स्वादिष्ट,अयोग्यता
palatability,unpalatableness,स्वादिष्ट,अयोग्यता
palatable,unpalatable,स्वादिष्ट,कड़ा
palatableness,unpalatability,चटपटापन,अयोग्यता
palatableness,unpalatableness,चटपटापन,अयोग्यता
palatably,unpalatably,पलायन से,बेईमानी से
palingenesis,caenogenesis,धूर्तता,कैनोजेनेसिस
palingenesis,cainogenesis,धूर्तता,कैनोजेनेसिस
palingenesis,cenogenesis,धूर्तता,सेनोजेनेसिस
palingenesis,kainogenesis,धूर्तता,गुनगुनी
palingenesis,kenogenesis,धूर्तता,केनोजेनेसिस
palingenetic,cenogenetic,धूर्तता संबंधी,सेनोजेनेटिक
palpability,impalpability,प्रत्यक्षता,अस्पृश्यता
palpability,intangibility,प्रत्यक्षता,अस्पृश्यता
palpability,intangibleness,प्रत्यक्षता,अनिश्चितता
palpable,impalpable,स्पर्शनीय,अस्पृश्य
paper loss,paper profit,कागज हानि,कागज लाभ
paper profit,paper loss,कागज लाभ,कागज हानि
paradigmatic,syntagmatic,निदर्शनात्मक,वाक्यविन्यास संबंधी
parallel,oblique,समानांतर,परोक्ष
parallel,perpendicular,समानांतर,सीधा
parallel operation,consecutive operation,समानांतर प्रचालन,लगातार प्रचालन
parallel operation,sequential operation,समानांतर प्रचालन,अनुक्रमिक प्रचालन
parallel operation,serial operation,समानांतर प्रचालन,धारावाहिक प्रचालन
parallelogram,trapezium,चतुर्भुज,समलंब
paranormal,normal,असाधारण,सामान्य
paranormal,sensorial,असाधारण,संवेदी
paranormal,sensory,असाधारण,ग्रहणशील
parasite,host,परजीवी,मेज़बान
pardonable,unpardonable,माफ करना,बेहया
pardonably,inexcusably,क्षमा कर,अक्षम्य
pardonably,unforgivably,क्षमा कर,अक्षम्य
pardonably,unpardonably,क्षमा कर,अनभिज्ञता से
parent,child,माता-पिता,बच्चा
parent,kid,माता-पिता,बच्चा
parental,filial,पैतृक,बेटा-संबंधी
parented,parentless,पित्ताशय,बिना अभिभावक
parented,unparented,पित्ताशय,यतीम
parentless,parented,बिना अभिभावक,पित्ताशय
part,all,भाग,सभी
part,altogether,भाग,कुल मिलाकर
part,completely,भाग,पूरी तरह
part,entirely,भाग,पूरी तरह से
part,totally,भाग,पूरी तरह से
part,whole,भाग,साबुत
part,wholly,भाग,पूर्ण
part-time,full-time,पार्ट टाईम,पूरा समय
partial,impartial,आंशिक,निष्पक्ष
partiality,impartiality,पक्षपात,निष्पक्षता
partiality,nonpartisanship,पक्षपात,अपूर्व
partially,all,आंशिक रूप से,सभी
partially,altogether,आंशिक रूप से,कुल मिलाकर
partially,completely,आंशिक रूप से,पूरी तरह
partially,entirely,आंशिक रूप से,पूरी तरह से
partially,totally,आंशिक रूप से,पूरी तरह से
partially,whole,आंशिक रूप से,साबुत
partially,wholly,आंशिक रूप से,पूर्ण
participate,chuck up the sponge,हिस्सा लेना,चक स्पंज
participate,drop by the wayside,हिस्सा लेना,रास्ते से ड्रॉप
participate,drop out,हिस्सा लेना,ड्रॉप आउट
participate,fall by the wayside,हिस्सा लेना,रास्ते के किनारे की ओर गिरा
participate,give up,हिस्सा लेना,छोड़ देना
participate,quit,हिस्सा लेना,छोड़ना
participate,throw in,हिस्सा लेना,अंदर फेंके
participate,throw in the towel,हिस्सा लेना,हार मान लेना
participation,non-engagement,भाग लेना,गैर-उपासना
participation,non-involvement,भाग लेना,गैर भागीदारी
participation,nonparticipation,भाग लेना,अस्तित्वहीनता
particular,general,विशिष्ट,सामान्य
particular,universal,विशिष्ट,सार्वभौमिक
particular,universal proposition,विशिष्ट,सार्वभौमिक प्रस्ताव
particular proposition,universal,विशेष प्रस्ताव,सार्वभौमिक
particular proposition,universal proposition,विशेष प्रस्ताव,सार्वभौमिक प्रस्ताव
particularise,generalise,विशेष रूप से,सामान्यीकरण
particularise,generalize,विशेष रूप से,सामान्यीकरण
particularity,generality,ख़ासियत,व्यापकता
particularize,generalise,गिनती करना,सामान्यीकरण
particularize,generalize,गिनती करना,सामान्यीकरण
particulate,nonparticulate,कण,अपूर्व
partisan,nonpartisan,पक्षपातपूर्ण,निष्पक्षीय
partisan,nonpartizan,पक्षपातपूर्ण,नॉनपार्टिज़न
partisanship,impartiality,पक्षपात,निष्पक्षता
partisanship,nonpartisanship,पक्षपात,अपूर्व
partizan,nonpartisan,पक्षपातपूर्ण,निष्पक्षीय
partizan,nonpartizan,पक्षपातपूर्ण,नॉनपार्टिज़न
partly,all,आंशिक रूप में,सभी
partly,altogether,आंशिक रूप में,कुल मिलाकर
partly,completely,आंशिक रूप में,पूरी तरह
partly,entirely,आंशिक रूप में,पूरी तरह से
partly,totally,आंशिक रूप में,पूरी तरह से
partly,whole,आंशिक रूप में,साबुत
partly,wholly,आंशिक रूप में,पूर्ण
parttime,full-time,पार्ट टाईम,पूरा समय
pass,be born,उत्तीर्ण,पैदा हो
pass,bomb,उत्तीर्ण,बम
pass,fail,उत्तीर्ण,असफल
pass,failing,उत्तीर्ण,असफलता
pass,flunk,उत्तीर्ण,फुहार
pass,flush it,उत्तीर्ण,इसे फ्लश करें
pass,running,उत्तीर्ण,दौड़ना
pass away,be born,गुज़ारना,पैदा हो
pass on,draw back,आगे बढ़ना,वापस आ जाना
pass on,move back,आगे बढ़ना,वापस जाना
pass on,pull away,आगे बढ़ना,दूर करना
pass on,pull back,आगे बढ़ना,ठहराना
pass on,recede,आगे बढ़ना,दूर जाना
pass on,retire,आगे बढ़ना,रिटायर
pass on,retreat,आगे बढ़ना,पीछे हटना
pass on,withdraw,आगे बढ़ना,निकालना
pass up,accept,हाथ से जाने देना,स्वीकार करना
pass up,have,हाथ से जाने देना,पास होना
pass up,take,हाथ से जाने देना,लेना
passable,impassable,प्रचलित,अगम्य
passable,unpassable,प्रचलित,अयोग्य
passably,immoderately,कामचलाऊ,बिना संयम के
passably,unreasonably,कामचलाऊ,अनुचित तरीके से
passerine,nonpasserine,पैसोरिन,नॉनपैसेरिन
passing,failing,पासिंग,असफलता
passing,flunk,पासिंग,फुहार
passing,running,पासिंग,दौड़ना
passionate,passionless,जुनूनी,धीर
passionless,passionate,धीर,जुनूनी
passive,active,निष्क्रिय,सक्रिय
passive,active voice,निष्क्रिय,सक्रिय आवाज
passive trust,active trust,पैसिव ट्रस्ट,सक्रिय विश्वास
passive voice,active,कर्मवाच्य,सक्रिय
passive voice,active voice,कर्मवाच्य,सक्रिय आवाज
passively,actively,निष्क्रिय,सक्रिय
past,future,अतीत,भविष्य
past,futurity,अतीत,भविष्यकाल
past,hereafter,अतीत,इस के बाद
past,present,अतीत,उपस्थित
past,time to come,अतीत,आने का समय
past times,future,बीता हुआ समय,भविष्य
past times,futurity,बीता हुआ समय,भविष्यकाल
past times,hereafter,बीता हुआ समय,इस के बाद
past times,time to come,बीता हुआ समय,आने का समय
pastness,futurity,चराई,भविष्यकाल
pastness,nowness,चराई,नवीनी
pastness,presentness,चराई,उपदेश
paternal,filial,पितृ -संबंधी,बेटा-संबंधी
paternal,maternal,पितृ -संबंधी,मातृ
patience,impatience,धैर्य,अधीरता
patient,impatient,मरीज़,अधीर
patiently,impatiently,धैर्यपूर्वक,बेसब्री से
patness,inopportuneness,पैटनेस,असंगतता
patness,untimeliness,पैटनेस,असंबद्धता
patriarchal,matriarchal,कुलपति का,मातृसत्तात्मक
patriotic,disloyal,देशभक्ति,बेवफ़ा
patriotic,unpatriotic,देशभक्ति,अदेशभक्तिपूर्ण
patriotically,unpatriotically,देशभक्ति से,असंबद्धता से
patronise,boycott,संरक्षण,बहिष्कार
patronised,patronless,को संरक्षण,बिना संरक्षक
patronised,unpatronised,को संरक्षण,अपरिचित
patronised,unpatronized,को संरक्षण,अप्राप्य
patronize,boycott,संरक्षण,बहिष्कार
patronized,patronless,को संरक्षण,बिना संरक्षक
patronized,unpatronised,को संरक्षण,अपरिचित
patronized,unpatronized,को संरक्षण,अप्राप्य
patronless,patronised,बिना संरक्षक,को संरक्षण
patronless,patronized,बिना संरक्षक,को संरक्षण
patterned,plain,नमूनों,मैदान
patterned,unpatterned,नमूनों,अखंड
paved,unpaved,पक्का,कच्ची
pay,default,वेतन,गलती करना
pay,default on,वेतन,पर डिफ़ॉल्ट करें
pay cash,charge,नकद भुगतान करना,शुल्क
pay up,default,भुगतान करें,गलती करना
pay up,default on,भुगतान करें,पर डिफ़ॉल्ट करें
paying attention,heedless,ध्यान देना,असावधान
paying attention,heedlessness,ध्यान देना,अनवधानता
paying attention,inattentiveness,ध्यान देना,अशिष्टता
paying attention,unheeding,ध्यान देना,बेपरवाह
payment,default,भुगतान,गलती करना
payment,evasion,भुगतान,आज्ञा
payment,nonpayment,भुगतान,भुगतान न
payment,nonremittal,भुगतान,अनमोल
peace,state of war,शांति,युद्ध की स्थिति
peace,war,शांति,युद्ध
peaceable,unpeaceful,शांतिप्रिय,अयोग्य
peaceful,unpeaceful,शांतिपूर्ण,अयोग्य
peacenik,hawk,युद्ध कामुख़ालिफ़,बाज़
peacenik,war hawk,युद्ध कामुख़ालिफ़,युद्ध हॉक
peach,keep one's mouth shut,आड़ू,मुंह बंद रखना
peach,keep quiet,आड़ू,चुप रहो
peach,shut one's mouth,आड़ू,मुँह करना
peak,bottom out,चोटी,नीचे से बाहर
peak season,off-season,पीक सीजन,मौसम के बाद या पहले
pedunculate,sessile,डंठलनुमा,बिना डंठल का
pedunculate,stalkless,डंठलनुमा,बिना डंठल
peel,apparel,छीलना,परिधान
peel,clothe,छीलना,उढ़ाना
peel,dress,छीलना,पोशाक
peel,enclothe,छीलना,घेरना
peel,fit out,छीलना,योजना करना
peel,garb,छीलना,परिधान
peel,garment,छीलना,गारमेंट
peel,get dressed,छीलना,कपड़े पहनो
peel,habilitate,छीलना,हबील
peel,raiment,छीलना,दुर्लभ
peel,tog,छीलना,लिया
peeress,Lord,कुलीन औरत,भगवान
peeress,noble,कुलीन औरत,महान
peeress,nobleman,कुलीन औरत,कुलीन
pellucidity,abstruseness,पेलुसीसता,बेवजह
pellucidity,obscureness,पेलुसीसता,अश्लीलता
pellucidity,obscurity,पेलुसीसता,अंधकार
pellucidity,reconditeness,पेलुसीसता,समरूपता
pellucidity,unclearness,पेलुसीसता,असंबद्धता
pelt along,dawdle,साथ देना,डर्मल
pelt along,linger,साथ देना,झपकी लेना
penalty,advantage,जुर्माना,फ़ायदा
penalty,reward,जुर्माना,इनाम
penetrability,impenetrability,पेंटेबिलिटी,अभेद्यता
penetrability,imperviousness,पेंटेबिलिटी,निविड़ता
penetrable,impenetrable,दिखाऊ,अभेद्य
penitent,impenitent,अनुतापी,प्रेरणा
penitent,unremorseful,अनुतापी,अनियंत्रित
penitent,unrepentant,अनुतापी,बेरहम
penitentially,impenitently,तपस्या से,अधूरेपन से
penitentially,unrepentantly,तपस्या से,पश्चाताप के बिना
penitently,impenitently,तपस्या से,अधूरेपन से
penitently,unrepentantly,तपस्या से,पश्चाताप के बिना
perceptibility,imperceptibility,प्रत्यक्षता,अपरिहार्यता
perceptible,imperceptible,प्रत्याक्ष,अगोचर
perceptible,unperceivable,प्रत्याक्ष,अयोग्य
perceptibly,imperceptibly,प्रत्यक्ष रूप से,अपरिहार्य रूप से
perceptibly,unnoticeably,प्रत्यक्ष रूप से,किसी का ध्यान नहीं से
perceptive,unperceiving,भेदक,अनिच्छुक
perceptive,unperceptive,भेदक,अस्वीकार्य
perceptiveness,unperceptiveness,सहजानुभूति,अस्वीकृति
perdition,Heaven,तबाही,स्वर्ग
perennial,annual,चिरस्थायी,वार्षिक
perennial,biennial,चिरस्थायी,द्विवाषिक
perennial,one-year,चिरस्थायी,एक वर्ष
perennial,two-year,चिरस्थायी,दो साल का
perfect,imperfect,उत्तम,अपूणर्
perfectibility,imperfectibility,पूर्णता,अपूर्णता
perfection,imperfection,पूर्णता,अपूर्णता
perfection,imperfectness,पूर्णता,अपूर्णता
perfectly,amiss,पूरी तरह से,अनुचित
perfectly,imperfectly,पूरी तरह से,अपूर्ण
periapsis,apoapsis,पेरियाप्सिस,शरारत
periapsis,point of apoapsis,पेरियाप्सिस,एपोएपिसिस का बिंदु
perigee,apogee,भू-समीपक,पराकाष्ठा
perihelion,aphelion,सूर्य समीपक,एक प्रकार का
perijove,apojove,पेरिओक,अपोजोव
perilune,apolune,हथियारों,अपोल्यून
perilune,aposelene,हथियारों,अपोसेलीन
perinatal,antenatal,पेरिनेटल,उत्पत्ति के पूर्व का
perinatal,antepartum,पेरिनेटल,प्रसव पूर्व
perinatal,postnatal,पेरिनेटल,प्रसव के बाद का
perinatal,postpartum,पेरिनेटल,प्रसवोत्तर
perinatal,prenatal,पेरिनेटल,जन्म के पूर्व
periodic,aperiodic,आवधिक,अनावधिक
periodic,nonperiodic,आवधिक,नॉनपेरियोडिक
periodical,aperiodic,नियत कालीन,अनावधिक
periodical,nonperiodic,नियत कालीन,नॉनपेरियोडिक
peripheral,central,परिधीय,केंद्रीय
peripherally,centrally,सतही तौर पर,केन्द्र
peripteral,apteral,पेरिप्टर का,शिलालेख
periselene,apolune,पेरिसेलीन,अपोल्यून
periselene,aposelene,पेरिसेलीन,अपोसेलीन
perish,be born,एकदम भूल जाइए,पैदा हो
perishable,imperishable,नष्ट होनेवाला,अविनाशी
perissodactyl,artiodactyl,पेरिसोडैक्टाइल,अमीरियोडैक्टाइल
perissodactyl,artiodactyl mammal,पेरिसोडैक्टाइल,अमीरियोडैक्टाइल स्तनपायी
perissodactyl,even-toed ungulate,पेरिसोडैक्टाइल,यहां तक ​​कि असंबद्ध
perissodactyl mammal,artiodactyl,पेरिसोडैक्टाइल स्तनपायी,अमीरियोडैक्टाइल
perissodactyl mammal,artiodactyl mammal,पेरिसोडैक्टाइल स्तनपायी,अमीरियोडैक्टाइल स्तनपायी
perissodactyl mammal,even-toed ungulate,पेरिसोडैक्टाइल स्तनपायी,यहां तक ​​कि असंबद्ध
peristalsis,anastalsis,पेरिस्टलसिसिस,अनस्टलसिस
perk up,calm,गर्वीला,शांत
perk up,de-energise,गर्वीला,डी-एनर्जी
perk up,de-energize,गर्वीला,de-Energize
perk up,sedate,गर्वीला,गंभीर
perk up,tranquilize,गर्वीला,शांत होना
perk up,tranquillise,गर्वीला,शांत करना
perk up,tranquillize,गर्वीला,तसल्ली देना
permanence,impermanence,स्थायित्व,अनस्थिरता
permanence,impermanency,स्थायित्व,अभद्रता
permanency,impermanence,स्थायित्व,अनस्थिरता
permanency,impermanency,स्थायित्व,अभद्रता
permanent,impermanent,स्थायी,अनस्थिर
permanent,temporary,स्थायी,अस्थायी
permanently,temporarily,स्थायी रूप से,अस्थायी रूप से
permeability,impermeability,भेद्यता,अछिद्रता
permeability,impermeableness,भेद्यता,अभद्रता
permeable,impermeable,पारगम्य,अभेद्य
permeableness,impermeability,पारगम्यता,अछिद्रता
permeableness,impermeableness,पारगम्यता,अभद्रता
permissibility,impermissibility,अनुज्ञेय,अभेद्यता
permissible,impermissible,जायज़,नाजायज
permissibly,impermissibly,अनुज्ञेय ढंग से,अपूर्णता से
permissive,preventative,अनुमोदक,preventative
permissive,preventive,अनुमोदक,निवारक
permissive,unpermissive,अनुमोदक,अनियंत्रित
permissiveness,restrictiveness,सहनशीलता,प्रतिबंधात्मकता
permissiveness,unpermissiveness,सहनशीलता,अयोग्यता
permit,disallow,आज्ञा देना,अनुमति न दें
permit,forbid,आज्ञा देना,ना करे
permit,interdict,आज्ञा देना,पाबंदी
permit,keep,आज्ञा देना,रखना
permit,nix,आज्ञा देना,सिफ़र
permit,prevent,आज्ञा देना,रोकना
permit,prohibit,आज्ञा देना,निषेध
permit,proscribe,आज्ञा देना,देश से निकालना
permit,veto,आज्ञा देना,वीटो
perpendicular,horizontal,सीधा,क्षैतिज
perpendicular,inclined,सीधा,इच्छुक
perpendicular,oblique,सीधा,परोक्ष
perpendicular,parallel,सीधा,समानांतर
perplex,simplify,हक्का-बक्का करना,आसान बनाने में
perplexed,unperplexed,विकल,अनियंत्रित
persistent,caducous,ज़िद्दी,समय से पहले गिरा हुआ
persistent,shed,ज़िद्दी,ओसारा
personal,impersonal,निजी,अवैयक्तिक
personal judgement,judgement in rem,व्यक्तिगत निर्णय,रेम में निर्णय
personal judgement,judgment in rem,व्यक्तिगत निर्णय,रेम में निर्णय
personal judgment,judgement in rem,व्यक्तिगत निर्णय,रेम में निर्णय
personal judgment,judgment in rem,व्यक्तिगत निर्णय,रेम में निर्णय
personalise,depersonalise,वैयक्तिकृत करें,प्रतिद्वंद्वी
personalise,depersonalize,वैयक्तिकृत करें,प्रतिध्वनित करना
personalise,objectify,वैयक्तिकृत करें,जीता-जागता कारण देना
personalize,depersonalise,वैयक्तिकृत करें,प्रतिद्वंद्वी
personalize,depersonalize,वैयक्तिकृत करें,प्रतिध्वनित करना
personalize,objectify,वैयक्तिकृत करें,जीता-जागता कारण देना
personally,impersonally,व्यक्तिगत रूप से,अव्यक्तिगत
persuade,deter,राज़ी करना,रोकना
persuade,dissuade,राज़ी करना,विरत करना
persuasion,dissuasion,अनुनय,डिटरेन्स
persuasive,dissuasive,प्रेरक,विरत करनेवाला
persuasiveness,unpersuasiveness,विद्या,असंबद्धता
pertinence,inapplicability,यथार्थता,नामुनासिबत
pertinency,inapplicability,यथार्थता,नामुनासिबत
pervious,imperviable,प्रवेशक,अभेद्य
pervious,impervious,प्रवेशक,प्रबल
perviousness,impenetrability,अवहेलना,अभेद्यता
perviousness,imperviousness,अवहेलना,निविड़ता
pessimism,optimism,निराशावाद,आशावाद
pessimist,optimist,निराशावादी,आशावादी
pessimistic,optimistic,निराशावादी,आशावादी
pessimistically,optimistically,निराशावाद की दृष्टि से,आशावादी
petaled,apetalous,पंखुड़ीदार,चंचल
petaled,petalless,पंखुड़ीदार,चालाक
petalled,apetalous,सदल,चंचल
petalled,petalless,सदल,चालाक
petalless,petaled,चालाक,पंखुड़ीदार
petalless,petalled,चालाक,सदल
petalless,petalous,चालाक,पंखुड़ी
petalous,apetalous,पंखुड़ी,चंचल
petalous,petalless,पंखुड़ी,चालाक
petit larceny,grand larceny,पेटिट लार्सेन्स,बहुत बड़ी चोरी
petit larceny,grand theft,पेटिट लार्सेन्स,बहुत बड़ी चोरी
petty,grand larceny,क्षुद्र,बहुत बड़ी चोरी
petty,grand theft,क्षुद्र,बहुत बड़ी चोरी
petty larceny,grand larceny,क्षुद्रता,बहुत बड़ी चोरी
petty larceny,grand theft,क्षुद्रता,बहुत बड़ी चोरी
phase in,phase out,प्रावधान,चरणबद्ध तरीके से हटाना
phase out,phase in,चरणबद्ध तरीके से हटाना,प्रावधान
philogyny,misogynism,दार्शनिक,कुपोषण
philogyny,misogyny,दार्शनिक,स्री जाति से द्वेष
phlegmy,dry,कफ,सूखा
photosynthetic,nonphotosynthetic,संश्लेषक,नोकदार
physical,mental,भौतिक,मानसिक
physical fitness,softness,शारीरिक फिटनेस,मृदुता
physical fitness,unfitness,शारीरिक फिटनेस,अयोग्यता
physicalness,immateriality,शारीरिकता,अपरिपक्वता
physicalness,incorporeality,शारीरिकता,समापन
pianissimo,fortissimo,पियानसिमो,बहुत मजबूत
pianissimo,very loudly,पियानसिमो,बहुत जोर से
piano,forte,पियानो,प्रधान गुण
piano,loud,पियानो,ऊँचा स्वर
piano,loudly,पियानो,जोर से
pick apart,praise,अलग करना,प्रशंसा
pick at,blandish,उठाना,नरम करना
pick at,flatter,उठाना,चापलूसी
pick up,cast down,उठाना,गिराना
pick up,deject,उठाना,दिल तोड़ना
pick up,demoralise,उठाना,नैतिक करना
pick up,demoralize,उठाना,नैतिक करना
pick up,depress,उठाना,दबाना
pick up,dismay,उठाना,बेचैनी
pick up,dispirit,उठाना,दिल तोड़ना
pick up,get down,उठाना,नीचे उतरो
piece,break apart,टुकड़ा,अलग हुए
piece,break up,टुकड़ा,टूटना
piece,disassemble,टुकड़ा,अलग करना
piece,dismantle,टुकड़ा,नष्ट
piece,take apart,टुकड़ा,अलग करना
piety,impiety,शील,नास्तिकता
piety,impiousness,शील,अयोग्यता
pigeon-toed,splayfoot,कबूतर,छींटेदार
pigeon-toed,splayfooted,कबूतर,छींटेदार
pigmentation,depigmentation,रंजकता,संक्षेपण
pilosity,hairlessness,पिलोपन,हिरन
pin,unpin,नत्थी करना,अनपिन
pious,impious,धर्मनिष्ठ,बेईमान
piousness,impiety,कुशलता,नास्तिकता
piousness,impiousness,कुशलता,अयोग्यता
pipe down,louden,बात बंद करना,विश्राम कक्ष
pistillate,acarpellous,पुष्प-योनि-संबंधी,अक्रिय
pistillate,acarpelous,पुष्प-योनि-संबंधी,एक प्रकार का
pit,Heaven,गड्ढा,स्वर्ग
placable,implacable,विनीत,संगदिल
place,disinvest,जगह,विनिवेश
place,divest,जगह,ले लेना
placental,aplacental,अपरा,अयोग्य
plain,cheer,मैदान,खुश करना
plain,cheer up,मैदान,खुश हो जाओ
plain,chirk up,मैदान,चहकना
plain,fancy,मैदान,कल्पना
plain,patterned,मैदान,नमूनों
plaintiff,defendant,वादी,प्रतिवादी
plaintiff,suspect,वादी,संदिग्ध व्यक्ति
planar,cubic,प्लानर,घन
planar,linear,प्लानर,रेखीय
planar,one-dimensional,प्लानर,एक आयामी
planar,three-dimensional,प्लानर,तीन आयामी
planned,unplanned,की योजना बनाई,अनियंत्रित
planted,unplanted,लगाए,अनियंत्रित
plantigrade,digitigrade,पंजे के बल चलनेवाले प्राणी का,पादाग्रचारी
plantigrade,digitigrade mammal,पंजे के बल चलनेवाले प्राणी का,डिजिटिग्रेड स्तनपायी
plantigrade mammal,digitigrade,एक प्रकार का,पादाग्रचारी
plantigrade mammal,digitigrade mammal,एक प्रकार का,डिजिटिग्रेड स्तनपायी
plasticity,unmalleability,प्लास्टिसिटी,अनैतिकता
platyrhine,catarrhine,पठारहिन,चटपटा
platyrhine,catarrhinian,पठारहिन,कैटर्रिहिनियन
platyrhine,leptorhine,पठारहिन,लेप्टोरहाइन
platyrhine,leptorrhine,पठारहिन,लेप्ट्रोरिनेशन
platyrhine,leptorrhinian,पठारहिन,लेप्टोरिहिनियन
platyrhine,leptorrhinic,पठारहिन,लेप्टोरिहानिक
platyrhinian,catarrhine,प्लाटिरहिनियन,चटपटा
platyrhinian,catarrhinian,प्लाटिरहिनियन,कैटर्रिहिनियन
platyrhinian,leptorhine,प्लाटिरहिनियन,लेप्टोरहाइन
platyrhinian,leptorrhine,प्लाटिरहिनियन,लेप्ट्रोरिनेशन
platyrhinian,leptorrhinian,प्लाटिरहिनियन,लेप्टोरिहिनियन
platyrhinian,leptorrhinic,प्लाटिरहिनियन,लेप्टोरिहानिक
platyrrhine,catarrhine,पठार,चटपटा
platyrrhine,catarrhinian,पठार,कैटर्रिहिनियन
platyrrhine,leptorhine,पठार,लेप्टोरहाइन
platyrrhine,leptorrhine,पठार,लेप्ट्रोरिनेशन
platyrrhine,leptorrhinian,पठार,लेप्टोरिहिनियन
platyrrhine,leptorrhinic,पठार,लेप्टोरिहानिक
platyrrhinian,catarrhine,प्लाटिर्रहिनियन,चटपटा
platyrrhinian,catarrhinian,प्लाटिर्रहिनियन,कैटर्रिहिनियन
platyrrhinian,leptorhine,प्लाटिर्रहिनियन,लेप्टोरहाइन
platyrrhinian,leptorrhine,प्लाटिर्रहिनियन,लेप्ट्रोरिनेशन
platyrrhinian,leptorrhinian,प्लाटिर्रहिनियन,लेप्टोरिहिनियन
platyrrhinian,leptorrhinic,प्लाटिर्रहिनियन,लेप्टोरिहानिक
platyrrhinic,catarrhine,पठार -संबंधी,चटपटा
platyrrhinic,catarrhinian,पठार -संबंधी,कैटर्रिहिनियन
platyrrhinic,leptorhine,पठार -संबंधी,लेप्टोरहाइन
platyrrhinic,leptorrhine,पठार -संबंधी,लेप्ट्रोरिनेशन
platyrrhinic,leptorrhinian,पठार -संबंधी,लेप्टोरिहिनियन
platyrrhinic,leptorrhinic,पठार -संबंधी,लेप्टोरिहानिक
plausibility,implausibility,दिखावट,अयोग्यता
plausibility,implausibleness,दिखावट,अयोग्यता
plausible,implausible,प्रशंसनीय,अकल्पनीय
plausibleness,implausibility,प्रतिष्ठितता,अयोग्यता
plausibleness,implausibleness,प्रतिष्ठितता,अयोग्यता
plausibly,implausibly,अनुग्राह्यतापूर्वक,संदिग्ध रूप से
plausibly,improbably,अनुग्राह्यतापूर्वक,असंभवत
plausibly,incredibly,अनुग्राह्यतापूर्वक,अविश्वसनीय रूप से
plausibly,unbelievably,अनुग्राह्यतापूर्वक,अविश्वसनीय
play,tautness,खेल,राष्ट्रीयता
play,tightness,खेल,तंगी
play down,foreground,कम करके दिखाना,अग्रभाग
play down,highlight,कम करके दिखाना,प्रमुखता से दिखाना
play down,play up,कम करके दिखाना,ऊपर खेलना
play down,spotlight,कम करके दिखाना,सुर्खियों
play up,background,ऊपर खेलना,पृष्ठभूमि
play up,downplay,ऊपर खेलना,नीचे गिरना
play up,play down,ऊपर खेलना,कम करके दिखाना
playable,unplayable,बजाने,अनियंत्रित
playful,serious,चंचल,गंभीर
playful,sober,चंचल,गंभीर
playful,unplayful,चंचल,अनियंत्रित
pleach,unbraid,प्लेग,अनिच्छुक
pleading,imperative,प्रार्थना का,अनिवार्य
pleasance,pain,प्रसन्नता,दर्द
pleasance,painfulness,प्रसन्नता,कष्ट
pleasant,unpleasant,सुखद,अप्रिय
pleasant,bad,सुहावना,खराब
pleasantly,disagreeably,सुख से,असहमति से
pleasantly,unpleasantly,सुख से,नाखुशगवार
pleasantness,unpleasantness,माधुर्य,वैमनस्य
please,displease,कृपया,नाराज़ करना
pleased,displeased,प्रसन्न,अप्रसन्न
pleasing,displeasing,मनभावन,अप्रिय
pleasingness,unpleasingness,मनभावनता,अनभिज्ञता
pleasure,pain,आनंद,दर्द
pleasure,painfulness,आनंद,कष्ट
pleasure principle,reality principle,मजेदार सिद्धान्त,वास्तविकता सिद्धांत
pleasure-pain principle,reality principle,आनंद-दर्द सिद्धांत,वास्तविकता सिद्धांत
pleasure-unpleasure principle,reality principle,आनंद-अनपेक्षित सिद्धांत,वास्तविकता सिद्धांत
pleurocarp,acrocarp,प्लीउरोकार्प,एकरोकार्प
pleurocarp,acrocarpous moss,प्लीउरोकार्प,एक प्रकार का काई
pleurocarpous,acrocarpous,फुफ्फुसीय,एक प्रकार का
pleurocarpous moss,acrocarp,फुफ्फुसीय काई,एकरोकार्प
pleurocarpous moss,acrocarpous moss,फुफ्फुसीय काई,एक प्रकार का काई
plosive,continuant,स्पर्श,CONTINUING
plosive,continuant consonant,स्पर्श,सतत व्यंजन
plosive consonant,continuant,संकटी,CONTINUING
plosive consonant,continuant consonant,संकटी,सतत व्यंजन
plosive speech sound,continuant,प्लोसिव स्पीच साउंड,CONTINUING
plosive speech sound,continuant consonant,प्लोसिव स्पीच साउंड,सतत व्यंजन
ploughed,unbroken,जोता,अभंग
ploughed,unploughed,जोता,अनियंत्रित
ploughed,unplowed,जोता,अनियंत्रित
plowed,unbroken,जोता,अभंग
plowed,unploughed,जोता,अनियंत्रित
plowed,unplowed,जोता,अनियंत्रित
pluck,gutlessness,साहस,आक्रामकता
pluck,undercharge,साहस,हलकी तरफ मुकदमा चलाना
plucked,bowed,लूटा हुआ,झुके
pluckiness,gutlessness,चंचलता,आक्रामकता
plucky,gutless,हिम्मती,बिना आक्रामक
plug in,disconnect,लगाना,डिस्कनेक्ट
plug in,unplug,लगाना,अनप्लग
plug into,disconnect,में जोड़ो,डिस्कनेक्ट
plug into,unplug,में जोड़ो,अनप्लग
plumbable,unfathomable,धब्बा देने योग्य,अपरिमेय
plume,undercharge,पंख,हलकी तरफ मुकदमा चलाना
plural,singular,बहुवचन,एकवचन
plural,singular form,बहुवचन,एकवचन रूप
plural form,singular,बहुवचन रूप,एकवचन
plural form,singular form,बहुवचन रूप,एकवचन रूप
pluralism,monism,बहुलवाद,वेदांत
plus,liability,प्लस,देयता
plus,minus,प्लस,ऋण
point,unpointedness,बिंदु,अनभिज्ञता
point of apoapsis,periapsis,एपोएपिसिस का बिंदु,पेरियाप्सिस
point of apoapsis,point of periapsis,एपोएपिसिस का बिंदु,पेरिआप्सिस -प्वाइंट
point of periapsis,apoapsis,पेरिआप्सिस -प्वाइंट,शरारत
point of periapsis,point of apoapsis,पेरिआप्सिस -प्वाइंट,एपोएपिसिस का बिंदु
pointed,pointless,नुकीला,व्यर्थ
pointed,unpointed,नुकीला,पहले न सोचा हुआ
pointedness,unpointedness,एकाग्रता,अनभिज्ञता
pointless,pointed,व्यर्थ,नुकीला
polar,equatorial,ध्रुवीय,इक्वेटोरियल
polemically,uncontroversially,पावली से,बिना विवाद
polished,unpolished,पॉलिश,अनियंत्रित
polite,impolite,विनम्र,असभ्य
polite,rude,विनम्र,अशिष्ट
polite,uncivil,विनम्र,अशिष्ट
politely,discourteously,शिष्टतापूर्वक,उसे असभ्यता
politely,impolitely,शिष्टतापूर्वक,अशिष्टता
politely,rudely,शिष्टतापूर्वक,बेरूखी से
politeness,impoliteness,शील,अभद्रता
politic,impolitic,व्यवहार-कुशल,अभद्र
political,nonpolitical,राजनीतिक,अयोग्य
political correctitude,political incorrectness,राजनीतिक सुधार,राजनीतिक गलतता
political correctness,political incorrectness,राजनैतिक शुद्धता,राजनीतिक गलतता
political incorrectness,political correctitude,राजनीतिक गलतता,राजनीतिक सुधार
political incorrectness,political correctness,राजनीतिक गलतता,राजनैतिक शुद्धता
pollution,decontamination,प्रदूषण,शुद्धीकरण
polychromatic,homochromatic,अनेक रंगों का,होमोक्रोमेटिक
polychromatic,monochromatic,अनेक रंगों का,एकरंगा
polygamous,monogamous,बहुविवाही,एक पत्नीक
polyphonic,monophonic,पॉलीफोनिक,मोनोफोनिक
polyphonic music,monody,पॉलीफोनिक संगीत,एकरूपता
polyphonic music,monophonic music,पॉलीफोनिक संगीत,मोनोफोनिक संगीत
polyphonic music,monophony,पॉलीफोनिक संगीत,मोनोफनी
polyphony,monody,polyphony,एकरूपता
polyphony,monophonic music,polyphony,मोनोफोनिक संगीत
polyphony,monophony,polyphony,मोनोफनी
polyploid,diploid,बहुपक्षीय,द्विगुणित
polyploid,haploid,बहुपक्षीय,अगुणित
polyploid,haploidic,बहुपक्षीय,हपचेरिक
polyploid,monoploid,बहुपक्षीय,मोनोप्लॉइड
polysemy,monosemy,अनेक मतलब का गुण,मोनोसेमी
polytheism,monotheism,बहुदेववाद,अद्वैतवाद
polytheistic,monotheistic,बहुदेय,अद्वैतवाद-संबंधी
polyvalent,monovalent,बहुपक्षीय,मोनोवैलेन्ट
polyvalent,univalent,बहुपक्षीय,एकतरफा
ponderable,imponderable,चिंतन योग्य,हलका
poor,rich,गरीब,अमीर
poor,rich people,गरीब,अमीर लोग
poor people,rich,गरीब लोग,अमीर
poor people,rich people,गरीब लोग,अमीर लोग
poorly,good,खराब,अच्छा
poorly,well,खराब,कुंआ
poorness,wealth,पोरसनेस,संपत्ति
poorness,wealthiness,पोरसनेस,धन
pop in,pop out,झांकना,बाहर निकालना
pop off,be born,मरना,पैदा हो
pop out,pop in,बाहर निकालना,झांकना
popular,unpopular,लोकप्रिय,अप्रसिद्ध
popularity,unpopularity,लोकप्रियता,अलोकप्रियता
populated area,country,पॉपुलेटेड क्षेत्र,देश
populated area,rural area,पॉपुलेटेड क्षेत्र,ग्रामीण क्षेत्र
poriferous,nonporous,पोरस,अखरोट का
porosity,solidity,सरंध्रता,दृढ़ता
porosity,solidness,सरंध्रता,ठोसता
porous,nonporous,झरझरा,अखरोट का
porousness,solidity,सुदृढ़ता,दृढ़ता
porousness,solidness,सुदृढ़ता,ठोसता
port,starboard,पत्तन,जहाज़ का दाहिना पहलू
portable,unportable,पोर्टेबल,अयोग्य
posed,unposed,उत्पन्न,अनिच्छुक
positive,disconfirming,सकारात्मक,विघटित करना
positive,negative,सकारात्मक,नकारात्मक
positive,neutral,सकारात्मक,तटस्थ
positive charge,negative charge,सकारात्मक प्रभार,ऋणात्मक प्रभार
positiveness,negativeness,निश्चय,निषेधात्मकता
positiveness,negativism,निश्चय,वास्तविकता का इनकार
positiveness,negativity,निश्चय,नकारात्मकता
positiveness,unfavorableness,निश्चय,प्रतिकूलता
positiveness,unfavourableness,निश्चय,अपरिचितता
positivism,negativeness,यक़ीन,निषेधात्मकता
positivism,negativism,यक़ीन,वास्तविकता का इनकार
positivism,negativity,यक़ीन,नकारात्मकता
positivity,negativeness,सकारात्मकता,निषेधात्मकता
positivity,negativism,सकारात्मकता,वास्तविकता का इनकार
positivity,negativity,सकारात्मकता,नकारात्मकता
positivity,unfavorableness,सकारात्मकता,प्रतिकूलता
positivity,unfavourableness,सकारात्मकता,अपरिचितता
possibility,impossibility,संभावना,असंभावना
possibility,impossibleness,संभावना,असंभवता
possible,actual,संभव,वास्तविक
possible,existent,संभव,मौजूद
possible,impossible,संभव,असंभव
possibleness,impossibility,संभोगता,असंभावना
possibleness,impossibleness,संभोगता,असंभवता
possibly,impossibly,संभवत:,असंभावना से
postdate,antecede,पोस्ट करने की तारीख,के पिछले
postdate,antedate,पोस्ट करने की तारीख,गर्भवती
postdate,foredate,पोस्ट करने की तारीख,पूर्वाभास
postdate,forego,पोस्ट करने की तारीख,त्याघना
postdate,forgo,पोस्ट करने की तारीख,त्यागना
postdate,precede,पोस्ट करने की तारीख,पूर्व में होना
postdate,predate,पोस्ट करने की तारीख,पहले बन
posterior,anterior,पीछे,पूर्वकाल का
posteriority,antecedence,पीछे की ओर,पूर्वत्व
posteriority,antecedency,पीछे की ओर,पूर्वानुमान
posteriority,anteriority,पीछे की ओर,पूर्वकाल
posteriority,precedence,पीछे की ओर,प्रधानता
posteriority,precedency,पीछे की ओर,प्रधानता
posteriority,priority,पीछे की ओर,प्राथमिकता
postmeridian,antemeridian,पोस्टमेरिडियन,प्रतिपक्षीय
postmortal,antemortem,पोस्टमॉर्टल,मृत्युपूर्व
postmortem,antemortem,शवपरीक्षा,मृत्युपूर्व
postnatal,antenatal,प्रसव के बाद का,उत्पत्ति के पूर्व का
postnatal,antepartum,प्रसव के बाद का,प्रसव पूर्व
postnatal,perinatal,प्रसव के बाद का,पेरिनेटल
postnatal,prenatal,प्रसव के बाद का,जन्म के पूर्व
postnuptial,antenuptial,उत्तर -संबंधी,विवाह से पूर्व होनेवाला
postnuptial,premarital,उत्तर -संबंधी,शादी से पहले
postnuptial,prenuptial,उत्तर -संबंधी,prenuptial
postpartum,antenatal,प्रसवोत्तर,उत्पत्ति के पूर्व का
postpartum,antepartum,प्रसवोत्तर,प्रसव पूर्व
postpartum,perinatal,प्रसवोत्तर,पेरिनेटल
postpartum,prenatal,प्रसवोत्तर,जन्म के पूर्व
postprandial,preprandial,भोजन के बाद का,पूर्ववर्ती
postulate,eliminate,मांगना,हटाना
postulate,obviate,मांगना,मुक्त हो जाना
postulate,rid of,मांगना,से छुटकारा
postwar,prewar,लड़ाई के बाद का,पूर्व
potable,undrinkable,पीने योग्य,आश्चर्य
potence,impotence,तना,नपुंसकता
potence,impotency,तना,नपुंसकता
potency,impotence,शक्ति,नपुंसकता
potency,impotency,शक्ति,नपुंसकता
potent,impotent,प्रबल,नपुंसक
potential,actual,संभावना,वास्तविक
potential,existent,संभावना,मौजूद
potentiality,incapability,संभावना,असमर्थता
potentiality,incapableness,संभावना,अयोग्यता
potted,unpotted,कमरों का,अनियंत्रित
poverty,wealth,गरीबी,संपत्ति
poverty,wealthiness,गरीबी,धन
power,impotence,शक्ति,नपुंसकता
power,impotency,शक्ति,नपुंसकता
power,inability,शक्ति,अक्षमता
power,powerlessness,शक्ति,शक्तिहीनता
power mower,hand mower,पावर घास काटने की मशीन,हाथ की घास काटने वाला
powered,unpowered,संचालित,बेकार
powerful,powerless,ताकतवर,शक्तिहीन
powerfulness,impotence,शक्तिहीनता,नपुंसकता
powerfulness,impotency,शक्तिहीनता,नपुंसकता
powerfulness,powerlessness,शक्तिहीनता,शक्तिहीनता
powerless,powerful,शक्तिहीन,ताकतवर
powerlessness,power,शक्तिहीनता,शक्ति
powerlessness,powerfulness,शक्तिहीनता,शक्तिहीनता
practicability,impracticability,साध्यता,अव्यवहारिकता
practicability,impracticableness,साध्यता,अव्यवहार्यता
practicableness,impracticability,व्यावहारिकता,अव्यवहारिकता
practicableness,impracticableness,व्यावहारिकता,अव्यवहार्यता
practical,impractical,व्यावहारिक,अव्यवहारिक
practicality,impracticality,व्यावहारिकता,अव्यवहारिकता
praise,criticise,प्रशंसा,आलोचना करना
praise,criticize,प्रशंसा,आलोचना करना
praise,knock,प्रशंसा,दस्तक
praise,pick apart,प्रशंसा,अलग करना
praise,scolded,सराहना,डांटना
praised for,scolded for,सराहना की गई,डांटा गया
precariousness,certainty,पराधीनता,निश्चितता
precariousness,foregone conclusion,पराधीनता,पूर्वनिश्चित फ़ैसला
precariousness,sure thing,पराधीनता,अवश्य
precede,come after,पूर्व में होना,बाद में आना
precede,follow,पूर्व में होना,अनुसरण करना
precede,postdate,पूर्व में होना,पोस्ट करने की तारीख
precede,succeed,पूर्व में होना,सफल होना
precedence,posteriority,प्रधानता,पीछे की ओर
precedence,subsequence,प्रधानता,परिणाम को
precedence,subsequentness,प्रधानता,बाद में
precedency,posteriority,प्रधानता,पीछे की ओर
precedency,subsequence,प्रधानता,परिणाम को
precedency,subsequentness,प्रधानता,बाद में
precedented,unprecedented,पूर्ववर्ती,अभूतपूर्व
precedentedly,unprecedentedly,पूर्ववर्ती रूप से,अभूतपूर्व
preceding,succeeding,के पिछले,सफल
precipitousness,gentleness,अवसाद,सौम्यता
precipitousness,gradualness,अवसाद,क्रमिकता
precise,imprecise,सटीक,अनिश्चित
precisely,imprecisely,एकदम सही,असंगत रूप से
precisely,inexactly,एकदम सही,बेवजह
preciseness,impreciseness,यथातथ्यता,निष्ठा
preciseness,imprecision,यथातथ्यता,अस्पष्टता
precision,impreciseness,शुद्धता,निष्ठा
precision,imprecision,शुद्धता,अस्पष्टता
precocial,altricial,पूर्वानुक्रमिक,परोपकारी
precocious,retarded,असामयिक,मंद
predate,follow,पहले बन,अनुसरण करना
predate,postdate,पहले बन,पोस्ट करने की तारीख
predicative,attributive,विधेय,ठहराव
predicative,prenominal,विधेय,प्रजान -संबंधी
predictability,unpredictability,पूर्वानुमान,अनिश्चितता
predictable,unpredictable,उम्मीद के मुताबिक,अप्रत्याशित
prefix,suffix,उपसर्ग,प्रत्यय
pregnant,nonpregnant,गर्भवती,अन्त:
prehensile,nonprehensile,समझदार,अकारण
prejudiced,impartial,पक्षपातपूर्ण,निष्पक्ष
prejudiced,unprejudiced,पक्षपातपूर्ण,पहले ही से नहीं मन में स्थिर कर लिया हुआ
premarital,postnuptial,शादी से पहले,उत्तर -संबंधी
premature,full-term,असामयिक,पूर्ण अवधि
premeditated,unpremeditated,पूर्वचिन्तित,पहले न सोचा हुआ
prenatal,perinatal,जन्म के पूर्व,पेरिनेटल
prenatal,postnatal,जन्म के पूर्व,प्रसव के बाद का
prenatal,postpartum,जन्म के पूर्व,प्रसवोत्तर
prenominal,predicative,प्रजान -संबंधी,विधेय
prenuptial,postnuptial,prenuptial,उत्तर -संबंधी
preparation,resolution,तैयारी,संकल्प
prepared,unprepared,तैयार,कच्चा
preprandial,postprandial,पूर्ववर्ती,भोजन के बाद का
presbyopic,myopic,जराक्षिदोषात्मक,कमबीन
presbyopic,nearsighted,जराक्षिदोषात्मक,कमबीन
presbyopic,shortsighted,जराक्षिदोषात्मक,अदूरदर्शा
prescription,nonprescription,नुस्खा,अनिच्छुकता
prescription,over-the-counter,नुस्खा,बिना पर्ची का
prescription,over-the-counter drug,नुस्खा,बिना डॉक्टर की सलाह पर बेची जाने वाली दवाएं
prescription,over-the-counter medicine,नुस्खा,ओवर-द-काउंटर मेडिसिन
prescription drug,over-the-counter drug,पर्चे की दवा,बिना डॉक्टर की सलाह पर बेची जाने वाली दवाएं
prescription drug,over-the-counter medicine,पर्चे की दवा,ओवर-द-काउंटर मेडिसिन
prescription medicine,over-the-counter drug,दवाई का पर्चा,बिना डॉक्टर की सलाह पर बेची जाने वाली दवाएं
prescription medicine,over-the-counter medicine,दवाई का पर्चा,ओवर-द-काउंटर मेडिसिन
prescriptive,descriptive,नियम के अनुसार,वर्णनात्मक
prescriptive linguistics,descriptive linguistics,प्रिस्क्रिप्टिव भाषाविज्ञान,वर्णनात्मक भाषाविज्ञान
presence,absence,उपस्थिति,अनुपस्थिति
present,absent,उपस्थित,अनुपस्थित
present,future,उपस्थित,भविष्य
present,past,उपस्थित,अतीत
presentness,futurity,उपदेश,भविष्यकाल
presentness,pastness,उपदेश,चराई
preserve,cease,संरक्षित करना,रोकना
preserve,discontinue,संरक्षित करना,बंद
preserve,give up,संरक्षित करना,छोड़ देना
preserve,lay off,संरक्षित करना,छंटनी
preserve,quit,संरक्षित करना,छोड़ना
preserve,stop,संरक्षित करना,रुकना
preserved,destroyed,संरक्षित,नष्ट किया हुआ
preserved,fresh,संरक्षित,ताजा
presidential,unpresidential,अध्यक्षीय,असमान
pressurise,decompress,दबाव बनाना,दबाव हटाना
pressurise,depressurise,दबाव बनाना,अवसाद
pressurise,depressurize,दबाव बनाना,अवसादित करना
pressurize,decompress,दबाव बनाना,दबाव हटाना
pressurize,depressurise,दबाव बनाना,अवसाद
pressurize,depressurize,दबाव बनाना,अवसादित करना
pretension,unpretentiousness,अभिमान,सत्यता
pretentious,unostentatious,मिथ्याभिमानी,अप्रथावाला
pretentious,unpretending,मिथ्याभिमानी,सच्चा
pretentious,unpretentious,मिथ्याभिमानी,सरल
pretentiously,unpretentiously,ढोंग के साथ,अन्त:
pretentiousness,unpretentiousness,दिखावटीपन,सत्यता
pretermit,attend to,उपेक्षा करना,में भाग लेने के
pretermit,take to heart,उपेक्षा करना,दिल से ले लो
prettify,uglify,सँवारना,कुरूप कर देना
pretty,immoderately,सुंदर,बिना संयम के
pretty,unreasonably,सुंदर,अनुचित तरीके से
prevaricator,square shooter,प्रिवरिकेटर,वर्ग शूटर
prevaricator,straight arrow,प्रिवरिकेटर,सीधा तीर
prevaricator,straight shooter,प्रिवरिकेटर,सीधा शूटर
prevent,allow,रोकना,अनुमति दें
prevent,let,रोकना,होने देना
prevent,permit,रोकना,आज्ञा देना
preventable,unpreventable,रोके,अपरिचित
preventative,permissive,preventative,अनुमोदक
preventive,permissive,निवारक,अनुमोदक
prewar,postwar,पूर्व,लड़ाई के बाद का
pride,humbleness,गर्व,शील
pride,humility,गर्व,विनम्रता
pridefulness,humbleness,गर्व,शील
pridefulness,humility,गर्व,विनम्रता
priestlike,unpriestly,पुजारी की तरह,अप्रत्याशित रूप से
priestly,unpriestly,पुरोहित,अप्रत्याशित रूप से
primarily,secondarily,प्रमुख रूप से,गौणतः
primary,secondary,प्राथमिक,माध्यमिक
primary cell,electrolytic cell,प्राथमिक कोशिका,इलेक्ट्रोलाइटिक कोशिका
principled,unprincipled,सिद्धांतवादी,अनैतिक
prink,dress down,सँवारना,अनौपचारिक कपड़े पहनना
prink,underdress,सँवारना,कमज़ोर करना
printable,unprintable,छापने योग्य,गंदा
priority,posteriority,प्राथमिकता,पीछे की ओर
priority,subsequence,प्राथमिकता,परिणाम को
priority,subsequentness,प्राथमिकता,बाद में
prise,disesteem,पुरस्कार,औषधि
prise,disrespect,पुरस्कार,अपमानित करना
private,public,निजी,जनता
private enterprise,non-market economy,निजी उद्यम,गैर-बाजार अर्थव्यवस्था
privately,in public,निजी तौर पर,जनता में
privately,publically,निजी तौर पर,पब्लिक की तरह
privately,publicly,निजी तौर पर,सार्वजनिक रूप
privatisation,communisation,निजीकरण,सांप्रदायिकता
privatisation,communization,निजीकरण,सांप्रदायिकता
privatisation,nationalisation,निजीकरण,शुद्धिकरण
privatisation,nationalization,निजीकरण,शुद्धिकरण
privatization,communisation,निजीकरण,सांप्रदायिकता
privatization,communization,निजीकरण,सांप्रदायिकता
privatization,nationalisation,निजीकरण,शुद्धिकरण
privatization,nationalization,निजीकरण,शुद्धिकरण
privileged,underprivileged,विशेषाधिकार प्राप्त,वंचितों
prix fixe,a la carte,एक ही दाम,ए ला कार्टे
prize,disesteem,पुरस्कार,औषधि
prize,disrespect,पुरस्कार,अपमानित करना
pro,amateur,मुरझाना,शौकिया
pro,anti,मुरझाना,एंटी
pro,con,मुरझाना,चोर
pro-American,anti-American,समर्थक अमेरिकी,अमेरिका विरोधी
pro-choice,pro-life,प्रो-चोईस,समर्थक जीवन
pro-life,pro-choice,समर्थक जीवन,प्रो-चोईस
proactive,retroactive,सक्रिय,पूर्वव्यापी
probability,improbability,संभावना,असंभवता
probability,improbableness,संभावना,अनुचितता
probable,improbable,संभावित,असंभव
probable,unlikely,संभावित,संभावना नहीं
probably,implausibly,शायद,संदिग्ध रूप से
probably,improbably,शायद,असंभवत
probably,incredibly,शायद,अविश्वसनीय रूप से
probably,unbelievably,शायद,अविश्वसनीय
procaryote,eucaryote,प्रोक्येरियोट,यूकेरियोट
procaryote,eukaryote,प्रोक्येरियोट,यूकेरियोट
procaryotic,eucaryotic,प्रोक्योरियस का,यूकेरियोटिक
procaryotic,eukaryotic,प्रोक्योरियस का,यूकेरियटिक
procedural,essential,ि यात्मक,आवश्यक
procedural,substantive,ि यात्मक,मूल
proceed,discontinue,आगे बढ़ना,बंद
processed,crude,प्रसंस्कृत,अपरिष्कृत
processed,unprocessed,प्रसंस्कृत,असंसाधित
processed,unrefined,प्रसंस्कृत,अपरिष्कृत
procession,retreat,जुलूस,पीछे हटना
productive,consumptive,उत्पादक,तपेदिक़-संबंधी
productive,unproductive,उत्पादक,अनुर्वर
productively,fruitlessly,उत्पादकता,बेकारी
productively,unproductively,उत्पादकता,असुरक्षित रूप से
productively,unprofitably,उत्पादकता,लाभरहित
productiveness,unproductiveness,उत्पादकता,असुरक्षितता
productivity,unproductiveness,उत्पादकता,असुरक्षितता
profane,sacred,अपवित्र,पवित्र
professional,amateur,पेशेवर,शौकिया
professional,nonprofessional,पेशेवर,गैर-पेशेवर
professional,unprofessional,पेशेवर,अव्यवसायिक
profit,break even,लाभ,ब्रेक - ईवन
profit,lose,लाभ,खोना
profit,turn a loss,लाभ,एक हानि मचाना
profitability,unprofitability,लाभप्रदता,अपव्यवस्था
profitability,unprofitableness,लाभप्रदता,निष्फल
profitable,unprofitable,लाभदायक,लाभहीन
profitableness,unfavorableness,लाभप्रदता,प्रतिकूलता
profitableness,unfavourableness,लाभप्रदता,अपरिचितता
profitableness,unprofitability,लाभप्रदता,अपव्यवस्था
profitableness,unprofitableness,लाभप्रदता,निष्फल
profitably,fruitlessly,सफलता से,बेकारी
profitably,unproductively,सफलता से,असुरक्षित रूप से
profitably,unprofitably,सफलता से,लाभरहित
profits,losings,मुनाफे,पराजय
profits,losses,मुनाफे,हानि
profound,superficial,गहरा,सतही
profoundness,shallowness,गहराई,क्षुद्रता
profoundness,superficiality,गहराई,अल्पज्ञता
profundity,shallowness,गहराई,क्षुद्रता
profundity,superficiality,गहराई,अल्पज्ञता
prognathic,opisthognathous,प्रोगैथिक,ओपिसथोगनैथस
prognathous,opisthognathous,उभड़नेवाला,ओपिसथोगनैथस
progress,draw back,प्रगति,वापस आ जाना
progress,move back,प्रगति,वापस जाना
progress,pull away,प्रगति,दूर करना
progress,pull back,प्रगति,ठहराना
progress,recede,प्रगति,दूर जाना
progress,regress,प्रगति,निकासी
progress,retire,प्रगति,रिटायर
progress,retreat,प्रगति,पीछे हटना
progress,retrograde,प्रगति,पतित
progress,retrogress,प्रगति,पतन में होना
progress,withdraw,प्रगति,निकालना
progression,retreat,प्रगति,पीछे हटना
progressive,conservative,प्रगतिशील,रूढ़िवादी
progressive,conservativist,प्रगतिशील,रूढ़िवादी
progressive,regressive,प्रगतिशील,प्रतिगामी
prohibit,allow,निषेध,अनुमति दें
prohibit,countenance,निषेध,मुखाकृति
prohibit,let,निषेध,होने देना
prohibit,permit,निषेध,आज्ञा देना
prokaryote,eucaryote,अकेन्द्रिक,यूकेरियोट
prokaryote,eukaryote,अकेन्द्रिक,यूकेरियोट
prokaryotic,eucaryotic,प्रोकार्योटिक,यूकेरियोटिक
prokaryotic,eukaryotic,प्रोकार्योटिक,यूकेरियटिक
prolate,oblate,लंबोतरा,सपाट किया
prolate,pumpkin-shaped,लंबोतरा,कद्दू के आकार का
proliferation,non-proliferation,प्रसार,अनुशासन
proliferation,nonproliferation,प्रसार,अप्रसार
prolix,concise,प्रपंची,संक्षिप्त
prominence,obscurity,शोहरत,अंधकार
promote,break,पदोन्नति करना,तोड़ना
promote,bump,पदोन्नति करना,उभार
promote,demote,पदोन्नति करना,अवनत
promote,kick downstairs,पदोन्नति करना,नीचे किक करना
promote,relegate,पदोन्नति करना,बाहर निकाल देना
promotion,demotion,पदोन्नति,पदावनति
promptness,tardiness,मुस्तैदी,मंदी
pronation,supination,औंधी स्थिति,शराबी
pronounceable,unpronounceable,उच्चरण करने योग्य,unpronounceable
proper,improper,उचित,अनुचित
proper name,common noun,उचित नाम,जातिवाचक संज्ञा
proper noun,common noun,व्यक्तिवाचक संज्ञा,जातिवाचक संज्ञा
properly,improperly,ठीक से,अनुचित
properness,improperness,उचितता,अनुचितता
properness,impropriety,उचितता,अनौचित्य
prophetic,unprophetic,भविष्यवाणी,अनियंत्रित
prophetical,unprophetic,भविष्यद्वक्ता संबंधी,अनियंत्रित
propitious,unpropitious,अनुकूल,अनियंत्रित
propitiously,inauspiciously,प्रचुरता से,अशिष्टता से
propitiously,unpropitiously,प्रचुरता से,असुरक्षित रूप से
propitiousness,inauspiciousness,प्रचंडता,अमंगल
propitiousness,unpropitiousness,प्रचंडता,अनियंत्रितता
proportion,disproportion,अनुपात,विषमता
proportional font,constant-width font,आनुपातिक फ़ॉन्ट,निरंतर चौड़ाई वाला फ़ॉन्ट
proportional font,fixed-width font,आनुपातिक फ़ॉन्ट,नियत-चौड़ाई वाला फ़ॉन्ट
proportional font,monospaced font,आनुपातिक फ़ॉन्ट,मोनोसेप्ड डू
proportional font,typewriter font,आनुपातिक फ़ॉन्ट,टाइपराइटर फ़ॉन्ट
proportionally,disproportionately,आनुपातिक,अनुपातहीन
proportionate,disproportional,सदृश,असंबद्ध
proportionate,disproportionate,सदृश,असंगत
proportionately,disproportionately,अनुपात में,अनुपातहीन
proprietary,nonproprietary,संपदा,अव्यवस्थित
proprietary drug,generic drug,स्वामित्व दवा,प्रजातिगत दवा
propriety,improperness,औचित्य,अनुचितता
propriety,impropriety,औचित्य,अनौचित्य
proscribe,allow,देश से निकालना,अनुमति दें
proscribe,countenance,देश से निकालना,मुखाकृति
proscribe,let,देश से निकालना,होने देना
proscribe,permit,देश से निकालना,आज्ञा देना
prosecute,defend,पर मुकदमा चलाने,रक्षा करना
prosecute,represent,पर मुकदमा चलाने,प्रतिनिधित्व करना
prosecution,defence,अभियोग पक्ष,रक्षा
prosecution,defense,अभियोग पक्ष,रक्षा
prosecution,defense lawyers,अभियोग पक्ष,रक्षा वकील
prosecution,defense team,अभियोग पक्ष,रक्षा दल
prosecution,demurrer,अभियोग पक्ष,आपत्ति
prosecution,denial,अभियोग पक्ष,इनकार
prospective,retrospective,भावी,पूर्वप्रभावी
protected,unprotected,संरक्षित,अरक्षित
protective,unprotective,रक्षात्मक,असुरक्षित
protrusive,intrusive,फैलने योग्य,घुसपैठ
proud,humble,गर्व,विनम्र
prove,confute,सिद्ध करना,कन्फ्यूट
prove,disprove,सिद्ध करना,असत्य सिद्ध करना
proved,unproved,साबित,असुरक्षित
proved,unproven,साबित,अप्रमाणित
proven,unproved,सिद्ध किया हुआ,असुरक्षित
proven,unproven,सिद्ध किया हुआ,अप्रमाणित
providence,improvidence,मितव्ययिती,उड़ाऊता
providence,shortsightedness,मितव्ययिती,कमज़ोरता
provident,improvident,चौकस,उड़ाऊ
providentially,imprudently,ईश्वरेच्छया,अविवेक के साथ
providently,improvidently,प्रचलित रूप से,अदूरदर्शिता
provincial,cosmopolitan,प्रांतीय,विश्वव्यापी
provocative,unprovocative,उत्तेजक,असंगत
provocative,unprovoking,उत्तेजक,अयोग्य
proximal,distal,समीपस्थ,बाहर का
proximate,ultimate,आसन्न,अंतिम
prudence,imprudence,प्रूडेंस,नासमझी
prudent,imprudent,विवेकपूर्ण,ढीठ
prudently,imprudently,बुद्धिमानी से,अविवेक के साथ
psychoactive,nonpsychoactive,साइकोएक्टिव,अखंड
psychoneurotic,unneurotic,मनोवैज्ञानिक,असंबद्ध
psychopathy,mental health,मनोरोग,मानसिक स्वास्थ्य
psychotic depression,neurotic depression,मनोवैज्ञानिक अवसाद,न्यूरोटिक अवसाद
psychotropic,nonpsychoactive,नशीली,अखंड
public,private,जनता,निजी
publically,in camera,पब्लिक की तरह,कैमरे में
publically,in private,पब्लिक की तरह,निजी तौर पर
publically,privately,पब्लिक की तरह,निजी तौर पर
publicised,suppressed,प्रचारित,दबा
publicized,suppressed,प्रचारित,दबा
publicly,in camera,सार्वजनिक रूप,कैमरे में
publicly,in private,सार्वजनिक रूप,निजी तौर पर
publicly,privately,सार्वजनिक रूप,निजी तौर पर
publishable,unpublishable,प्रकाशन योग्य,अयोग्य
published,unpublished,प्रकाशित,अप्रकाशित
puke,keep down,धूर्तता,नीचे रखें
pull,beat back,खींचो,फिर से धड़कन
pull,drive,खींचो,गाड़ी चलाना
pull,force,खींचो,बल
pull,force back,खींचो,बल वापस लाना
pull,push,खींचो,धकेलना
pull,push back,खींचो,वापस धक्का देना
pull,repel,खींचो,पीछे हटाना
pull,repulse,खींचो,खदेड़ना
pull ahead,drop off,आगे बढ़ना,बाहर निकलना
pull ahead,fall back,आगे बढ़ना,मैदान छोड़ना
pull ahead,fall behind,आगे बढ़ना,पिछड़ना
pull ahead,lose,आगे बढ़ना,खोना
pull ahead,recede,आगे बढ़ना,दूर जाना
pull away,advance,दूर करना,अग्रिम
pull away,go on,दूर करना,जारी रखें
pull away,march on,दूर करना,कूच करना
pull away,move on,दूर करना,आगे बढ़ो
pull away,pass on,दूर करना,आगे बढ़ना
pull away,progress,दूर करना,प्रगति
pull back,advance,ठहराना,अग्रिम
pull back,go on,ठहराना,जारी रखें
pull back,march on,ठहराना,कूच करना
pull back,move on,ठहराना,आगे बढ़ो
pull back,pass on,ठहराना,आगे बढ़ना
pull back,progress,ठहराना,प्रगति
pull down,erect,नीचे गिराना,खड़ा करना
pull down,put up,नीचे गिराना,उम्मीदवार होना
pull down,raise,नीचे गिराना,उठाना
pull down,rear,नीचे गिराना,पिछला
pull down,set up,नीचे गिराना,स्थापित करना
pull in,beat back,समीप करना,फिर से धड़कन
pull in,drive,समीप करना,गाड़ी चलाना
pull in,force back,समीप करना,बल वापस लाना
pull in,get out,समीप करना,चले जाओ
pull in,pull out,समीप करना,बाहर खींचें
pull in,push back,समीप करना,वापस धक्का देना
pull in,repel,समीप करना,पीछे हटाना
pull in,repulse,समीप करना,खदेड़ना
pull off,fail,जीतना,असफल
pull out,draw in,बाहर खींचें,खिंचा गया
pull out,get in,बाहर खींचें,अंदर आना
pull out,move in,बाहर खींचें,में स्थानांतरित
pull out,pull in,बाहर खींचें,समीप करना
pull round,succumb,चक्कर लगाना,मर जाना
pull round,yield,चक्कर लगाना,उपज
pull through,succumb,काबू पाना,मर जाना
pull through,yield,काबू पाना,उपज
pull together,distribute,साथ मिलकर काम करना,वितरित करना
pull together,spread,साथ मिलकर काम करना,फैलाना
pumpkin-shaped,prolate,कद्दू के आकार का,लंबोतरा
pumpkin-shaped,watermelon-shaped,कद्दू के आकार का,तरबूज के आकार का
punch in,clock off,में पंच करना,बंद घड़ी
punch in,clock out,में पंच करना,काम समाप्त करना
punch in,punch out,में पंच करना,घूंसा मार बाहर करो
punch out,clock in,घूंसा मार बाहर करो,घड़ी में
punch out,clock on,घूंसा मार बाहर करो,घड़ी
punch out,punch in,घूंसा मार बाहर करो,में पंच करना
punctual,unpunctual,समयनिष्ठ,अयोग्य
punctuality,tardiness,समय की पाबंदी,मंदी
puncturable,punctureless,पंचक,पंचरहीन
punctureless,puncturable,पंचरहीन,पंचक
punished,unpunished,दंडित,अदंडित
punitive,rehabilitative,दंडात्मक,पुनर्वास
punitory,rehabilitative,दण्डात्मक,पुनर्वास
purchase,sell,खरीदना,बेचना
pure,impure,शुद्ध,अशुद्ध
pure,unsaturated,शुद्ध,असंतृप्त
purebred,crossbred,ख़ालिस,संकर
pureness,impureness,अनमेलता,अशिष्टता
pureness,impurity,अनमेलता,अपवित्रता
purge,keep down,शुद्ध,नीचे रखें
purge,rehabilitate,शुद्ध,पुनर्वास
purifying,adulterant,सफ़ाई,मिलावट
purity,impurity,पवित्रता,अपवित्रता
purposeful,purposeless,उद्देश्यपूर्ण,बेमतलब
purposefulness,aimlessness,निरुउद्देश्यता,लक्ष्यहीनता
purposefulness,purposelessness,निरुउद्देश्यता,व्यर्थता
purposeless,purposeful,बेमतलब,उद्देश्यपूर्ण
purposelessness,purposefulness,व्यर्थता,निरुउद्देश्यता
purposelessness,sense of purpose,व्यर्थता,उद्देश्य की भावना
purposely,accidentally,जानबूझकर,अकस्मात
purposely,by chance,जानबूझकर,संयोगवश
purposely,circumstantially,जानबूझकर,ब्योरे से
purposely,unexpectedly,जानबूझकर,अप्रत्याशित रूप से
purposely,unintentionally,जानबूझकर,अनजाने
push,draw,धकेलना,खींचना
push,force,धकेलना,बल
push,pull,धकेलना,खींचो
push back,attract,वापस धक्का देना,आकर्षित करना
push back,draw,वापस धक्का देना,खींचना
push back,draw in,वापस धक्का देना,खिंचा गया
push back,pull,वापस धक्का देना,खींचो
push back,pull in,वापस धक्का देना,समीप करना
put,call,रखना,पुकारना
put,call option,रखना,फोन विकल्प
put,disinvest,रखना,विनिवेश
put,divest,रखना,ले लेना
put off,cheer,बंद करो,खुश करना
put off,embolden,बंद करो,प्रोत्साहित करना
put off,hearten,बंद करो,प्रशंसा करना
put off,recreate,बंद करो,बहलाना
put on,lose weight,लगाओ,वजन कम करना
put on,melt off,लगाओ,पिघलना
put on,reduce,लगाओ,कम करना
put on,slenderize,लगाओ,पतला हो जाना
put on,slim,लगाओ,छरहरा
put on,slim down,लगाओ,स्लिम नीचे
put on,thin,लगाओ,पतला
put option,call,पुट विकल्प,पुकारना
put option,call option,पुट विकल्प,फोन विकल्प
put out,bring around,बाहर रखो,इधर -उधर करना
put out,bring back,बाहर रखो,वापस लाना
put out,bring round,बाहर रखो,मना लेना
put out,bring to,बाहर रखो,को लाना
put together,break apart,एक साथ रखा,अलग हुए
put together,break up,एक साथ रखा,टूटना
put together,disassemble,एक साथ रखा,अलग करना
put together,dismantle,एक साथ रखा,नष्ट
put together,take apart,एक साथ रखा,अलग करना
put under,bring around,कम करना,इधर -उधर करना
put under,bring back,कम करना,वापस लाना
put under,bring round,कम करना,मना लेना
put under,bring to,कम करना,को लाना
put up,dismantle,उम्मीदवार होना,नष्ट
put up,level,उम्मीदवार होना,स्तर
put up,pull down,उम्मीदवार होना,नीचे गिराना
put up,rase,उम्मीदवार होना,ढहाना
put up,raze,उम्मीदवार होना,ढाना
put up,take down,उम्मीदवार होना,नीचे करें
put up,tear down,उम्मीदवार होना,चीथड़े कर दो
pyknic,ectomorphic,पाइनीक,एक्टोमोर्फिक
pyknic,mesomorphic,पाइनीक,मेसोमोर्फिक
pyknic,muscular,पाइनीक,मांसल
pyretic,antipyretic,ज्वरनाशक,ज्वर हटानेवाल
quadruped,biped,चौपाया,दो पैरों का
quadruped,bipedal,चौपाया,द्विपाद
quadruped,two-footed,चौपाया,दोपैरवाला
quadrupedal,biped,चौपाया,दो पैरों का
quadrupedal,bipedal,चौपाया,द्विपाद
quadrupedal,two-footed,चौपाया,दोपैरवाला
qualified,unqualified,योग्य,अयोग्य
qualify,disqualify,अर्हता,अयोग्य ठहराना
qualify,indispose,अर्हता,अस्वस्थता
qualify,unfit,अर्हता,अयोग्य
qualifying,failing,क्वालीफाइंग,असफलता
qualifying,flunk,क्वालीफाइंग,फुहार
qualitative,quantitative,गुणात्मक,मात्रात्मक
quantitative,accentual,मात्रात्मक,रागानी
quantitative,qualitative,मात्रात्मक,गुणात्मक
quantitative,syllabic,मात्रात्मक,शब्दांश का
quash,formalise,मिटा देना,सजाना
quash,formalize,मिटा देना,सजाना
quash,validate,मिटा देना,मान्य
queen,Rex,रानी,रेक्स
queen,king,रानी,राजा
queen,male monarch,रानी,नलशूल
queen regnant,Rex,रानी,रेक्स
queen regnant,king,रानी,राजा
queen regnant,male monarch,रानी,नलशूल
quench,ignite,बुझाना,आग लगना
quench,light,बुझाना,रोशनी
query,answer,सवाल,उत्तर
question,answer,सवाल,उत्तर
questionable,unquestionable,संदिग्ध,निर्विवाद
quetch,cheer,बधाई देना,खुश करना
quetch,cheer up,बधाई देना,खुश हो जाओ
quetch,chirk up,बधाई देना,चहकना
quicken,decelerate,Quicken,धीमा
quicken,retard,Quicken,काम करना
quicken,slow,Quicken,धीमा
quicken,slow down,Quicken,गति कम करो
quicken,slow up,Quicken,धीरे करो
quickening,deceleration,स्पन्दन,मंदी
quickly,easy,जल्दी से,आसान
quickly,slow,जल्दी से,धीमा
quickly,slowly,जल्दी से,धीरे से
quickly,tardily,जल्दी से,यिलंबपूर्वक
quiesce,louden,शांत,विश्राम कक्ष
quiet,active,शांत,सक्रिय
quiet,agitate,शांत,आंदोलन
quiet,charge,शांत,शुल्क
quiet,charge up,शांत,शुल्क लगाना
quiet,commove,शांत,कदम
quiet,excite,शांत,उत्तेजित
quiet,louden,शांत,विश्राम कक्ष
quiet,noisy,शांत,कोलाहलयुक्त
quiet,rouse,शांत,जगाना
quiet,sound,शांत,आवाज़
quiet,turn on,शांत,चालू करो
quiet,unquiet,शांत,अशांत
quiet,unquietly,शांत,अयोग्य तौर पर
quiet down,louden,शांत हो जाओ,विश्राम कक्ष
quieten,agitate,शांत होना,आंदोलन
quieten,charge,शांत होना,शुल्क
quieten,charge up,शांत होना,शुल्क लगाना
quieten,commove,शांत होना,कदम
quieten,excite,शांत होना,उत्तेजित
quieten,louden,शांत होना,विश्राम कक्ष
quieten,rouse,शांत होना,जगाना
quieten,turn on,शांत होना,चालू करो
quietly,aloud,चुपचाप,जोर
quietly,loud,चुपचाप,ऊँचा स्वर
quietly,loudly,चुपचाप,जोर से
quietly,noisily,चुपचाप,शोर
quietly,unquietly,चुपचाप,अयोग्य तौर पर
quit,bear on,छोड़ना,स्म्भालो
quit,carry on,छोड़ना,जारी रखो
quit,continue,छोड़ना,जारी रखना
quit,enter,छोड़ना,प्रवेश करना
quit,participate,छोड़ना,हिस्सा लेना
quit,preserve,छोड़ना,संरक्षित करना
quit,stay,छोड़ना,रहना
quit,take office,छोड़ना,काम करना
quit,uphold,छोड़ना,कायम रखना
quotable,unquotable,उद्धरण योग्य,गंदा
quotable,unrepeatable,उद्धरण योग्य,बेजोड़
race,dawdle,दौड़,डर्मल
race,linger,दौड़,झपकी लेना
racial,nonracial,जातीय,असंबद्ध
radial asymmetry,radial symmetry,रेडियल विषमता,रेडियल समरूपता
radial symmetry,radial asymmetry,रेडियल समरूपता,रेडियल विषमता
radical,cauline,मौलिक,तने का
radio-opaque,radiolucent,रेडियो अपारदर्शी,रेडिओल्यूसेंट
radioactive,nonradioactive,रेडियोधर्मी,अव्यवस्थित
radiolucent,radio-opaque,रेडिओल्यूसेंट,रेडियो अपारदर्शी
radiolucent,radiopaque,रेडिओल्यूसेंट,रेडियोपेक
radiopaque,radiolucent,रेडियोपेक,रेडिओल्यूसेंट
raggedness,smoothness,फुंसी,चिकनाई
raiment,discase,दुर्लभ,निंदा करना
raiment,disrobe,दुर्लभ,नंगा करना
raiment,peel,दुर्लभ,छीलना
raiment,strip,दुर्लभ,पट्टी
raiment,strip down,दुर्लभ,छीन लेना
raiment,uncase,दुर्लभ,खोल देना
raiment,unclothe,दुर्लभ,पोशाक उतार लेना
raiment,undress,दुर्लभ,घर का कपड़ा
rainy season,dry season,बरसात का मौसम,शुष्क मौसम
raise,break,उठाना,तोड़ना
raise,bring down,उठाना,उतार देना
raise,bump,उठाना,उभार
raise,declension,उठाना,अवनति
raise,declination,उठाना,झुकाव
raise,decline,उठाना,गिरावट
raise,declivity,उठाना,ढार
raise,demote,उठाना,अवनत
raise,descent,उठाना,चढ़ाई
raise,dismantle,उठाना,नष्ट
raise,downslope,उठाना,डाउडलोप
raise,fall,उठाना,गिरना
raise,get down,उठाना,नीचे उतरो
raise,kick downstairs,उठाना,नीचे किक करना
raise,let down,उठाना,निराशा
raise,level,उठाना,स्तर
raise,lower,उठाना,निचला
raise,pull down,उठाना,नीचे गिराना
raise,rase,उठाना,ढहाना
raise,raze,उठाना,ढाना
raise,relegate,उठाना,बाहर निकाल देना
raise,take down,उठाना,नीचे करें
raise,tear down,उठाना,चीथड़े कर दो
raised,lowered,उठाया,उतारा
rally,demobilise,रैली,सेना तोड़ देना
rally,demobilize,रैली,सेना तोड़ देना
rally,inactivate,रैली,निष्क्रिय
random,nonrandom,random,अजटक
rapidly,easy,तेज़ी से,आसान
rapidly,slow,तेज़ी से,धीमा
rapidly,slowly,तेज़ी से,धीरे से
rapidly,tardily,तेज़ी से,यिलंबपूर्वक
rarely,frequently,कभी-कभार,बार-बार
rarely,oft,कभी-कभार,ओ एफ टी
rarely,often,कभी-कभार,अक्सर
rarely,oftentimes,कभी-कभार,अक्सर
rarely,ofttimes,कभी-कभार,tottimes
rase,erect,ढहाना,खड़ा करना
rase,put up,ढहाना,उम्मीदवार होना
rase,raise,ढहाना,उठाना
rase,rear,ढहाना,पिछला
rase,set up,ढहाना,स्थापित करना
rational,irrational,तर्कसंगत,तर्कहीन
rationally,irrationally,तर्क से,युक्तिपूर्वक
ratite,carinate,रोटाइट,नरम करना
ratite,carinate bird,रोटाइट,बर्ड
ratite,flying bird,रोटाइट,उड़ते पक्षी
ratite bird,carinate,रोटाइट पक्षी,नरम करना
ratite bird,carinate bird,रोटाइट पक्षी,बर्ड
ratite bird,flying bird,रोटाइट पक्षी,उड़ते पक्षी
ravel,knot,प्रसिद्ध हो जाना,गाँठ
ravel,ravel,प्रसिद्ध हो जाना,प्रसिद्ध हो जाना
ravel,ravel out,प्रसिद्ध हो जाना,रगड़ना
ravel,tangle,प्रसिद्ध हो जाना,उलझन
ravel,unknot,प्रसिद्ध हो जाना,और बनाओ
ravel,unpick,प्रसिद्ध हो जाना,फैलाना
ravel,unravel,प्रसिद्ध हो जाना,खंडित
ravel,unscramble,प्रसिद्ध हो जाना,खोलना
ravel,untangle,प्रसिद्ध हो जाना,सुलझाना
ravel out,knot,रगड़ना,गाँठ
ravel out,ravel,रगड़ना,प्रसिद्ध हो जाना
ravel out,tangle,रगड़ना,उलझन
ravish,disenchant,अति उत्साहित करना,जादू टोने के प्रभाव से छुड़ाना
ravish,disillusion,अति उत्साहित करना,मायूसी
raw,cooked,कच्चा,पकाया हुआ
rawness,completeness,नमी,पूर्णता
rawness,experience,नमी,अनुभव
raze,erect,ढाना,खड़ा करना
raze,put up,ढाना,उम्मीदवार होना
raze,raise,ढाना,उठाना
raze,rear,ढाना,पिछला
raze,set up,ढाना,स्थापित करना
re-entrant,salient,पुन: प्रवेशी,मुख्य
reactive,unreactive,रिएक्टिव,सक्रीय
readability,illegibility,पठनीयता,अपठनीयता
readably,illegibly,पठनीय रूप से,घसीट
readably,undecipherably,पठनीय रूप से,अविभाज्य रूप से
readably,unreadably,पठनीय रूप से,अपठित रूप से
ready,unready,तैयार,कच्चा
ready-made,custom,तैयार किया हुआ,रिवाज़
ready-made,custom-built,तैयार किया हुआ,कस्टम बिल्ट
ready-made,custom-made,तैयार किया हुआ,पसंद के अनुसार निर्मित
real,insubstantial,असली,असाध्य
real,nominal,असली,नामांकित
real,unreal,असली,अवास्तविक
real,unsubstantial,असली,जिसमें कुछ तत्व न हो
realism,irreality,यथार्थवाद,अचूकता
realism,unreality,यथार्थवाद,कल्पना
realistic,unrealistic,यथार्थवादी,अवास्तविक
realistically,unrealistically,वास्तविक,अवास्तविक
reality,irreality,वास्तविकता,अचूकता
reality,unreality,वास्तविकता,कल्पना
reality principle,pleasure principle,वास्तविकता सिद्धांत,मजेदार सिद्धान्त
reality principle,pleasure-pain principle,वास्तविकता सिद्धांत,आनंद-दर्द सिद्धांत
reality principle,pleasure-unpleasure principle,वास्तविकता सिद्धांत,आनंद-अनपेक्षित सिद्धांत
realness,irreality,वास्तविकता,अचूकता
realness,unreality,वास्तविकता,कल्पना
rear,dismantle,पिछला,नष्ट
rear,forepart,पिछला,शिर
rear,front,पिछला,सामने
rear,front end,पिछला,फ़्रंट एंड
rear,head,पिछला,सिर
rear,level,पिछला,स्तर
rear,pull down,पिछला,नीचे गिराना
rear,rase,पिछला,ढहाना
rear,raze,पिछला,ढाना
rear,take down,पिछला,नीचे करें
rear,tear down,पिछला,चीथड़े कर दो
rearward,forrad,चरम,क्रांति
rearward,forrard,चरम,धरना
rearward,forward,चरम,आगे
rearward,forwards,चरम,आगे
rearward,frontward,चरम,सामने का
rearward,frontwards,चरम,आगे की ओर
rearwards,forrad,पीछे की ओर,क्रांति
rearwards,forrard,पीछे की ओर,धरना
rearwards,forward,पीछे की ओर,आगे
rearwards,forwards,पीछे की ओर,आगे
rearwards,frontward,पीछे की ओर,सामने का
rearwards,frontwards,पीछे की ओर,आगे की ओर
reasonable,unreasonable,उचित,अकारण
reasonably,immoderately,यथोचित,बिना संयम के
reasonably,unreasonably,यथोचित,अनुचित तरीके से
reassure,vex,आश्वस्त करना,तंग करना
reassure,worry,आश्वस्त करना,चिंता
reassuring,unreassuring,आश्वस्त,अव्यवस्थित
reassuring,worrisome,आश्वस्त,चिंताजनक
recall,blank out,याद करना,ब्लैंक आउट
recall,block,याद करना,अवरोध पैदा करना
recall,draw a blank,याद करना,रिक्त स्थान
recall,forget,याद करना,भूल जाओ
recall,issue,याद करना,मुद्दा
recall,supply,याद करना,आपूर्ति
recapitulation,caenogenesis,संक्षिप्त,कैनोजेनेसिस
recapitulation,cainogenesis,संक्षिप्त,कैनोजेनेसिस
recapitulation,cenogenesis,संक्षिप्त,सेनोजेनेसिस
recapitulation,kainogenesis,संक्षिप्त,गुनगुनी
recapitulation,kenogenesis,संक्षिप्त,केनोजेनेसिस
recede,advance,दूर जाना,अग्रिम
recede,gain,दूर जाना,पाना
recede,gain ground,दूर जाना,जमीन
recede,get ahead,दूर जाना,आगे बढ़ना
recede,go on,दूर जाना,जारी रखें
recede,make headway,दूर जाना,हेडवे बनाना
recede,march on,दूर जाना,कूच करना
recede,move on,दूर जाना,आगे बढ़ो
recede,pass on,दूर जाना,आगे बढ़ना
recede,progress,दूर जाना,प्रगति
recede,pull ahead,दूर जाना,आगे बढ़ना
recede,win,दूर जाना,जीतना
receive,say farewell,प्राप्त करें,विदाई कहो
received,nonstandard,प्राप्त,गैरमानक
receptive,unreceptive,ग्रहणशील,अप्राप्य
receptor,effector,रिसेप्टर,प्रेरक
recessive,dominant,पीछे हटने का,प्रमुख
reciprocal,nonreciprocal,पारस्परिक,अन्त:
recognizably,unrecognisable,मान्यतापूर्वक,अपरिचित
recognizably,unrecognizably,मान्यतापूर्वक,अनियंत्रित रूप से
recollect,blank out,स्मरण करना,ब्लैंक आउट
recollect,block,स्मरण करना,अवरोध पैदा करना
recollect,draw a blank,स्मरण करना,रिक्त स्थान
recollect,forget,स्मरण करना,भूल जाओ
recollective,forgetful,याद करने वाला,भुलक्कड़
recollective,short,याद करने वाला,छोटा
recollective,unretentive,याद करने वाला,अयोग्य
reconcilable,irreconcilable,अविस्र्द्ध,कट्टर विरोधी
reconcilable,unreconcilable,अविस्र्द्ध,अप्राप्य
reconditeness,clarity,समरूपता,स्पष्टता
reconditeness,clearness,समरूपता,स्पष्टता
reconditeness,limpidity,समरूपता,पारदर्शकता
reconditeness,lucidity,समरूपता,स्पष्टता
reconditeness,lucidness,समरूपता,स्पष्टता
reconditeness,pellucidity,समरूपता,पेलुसीसता
reconstructed,unreconstructed,पुनर्निर्मित,अपरिचित
record,delete,अभिलेख,मिटाना
record,erase,अभिलेख,मिटा
recorded,live,दर्ज,रहना
recorded,unrecorded,दर्ज,अप्रत्यक्ष
recover,degenerate,वापस पाना,पतित
recover,deteriorate,वापस पाना,बिगड़ना
recover,devolve,वापस पाना,उतरना
recover,drop,वापस पाना,बूँद
recoverable,irrecoverable,बचानेवाला,अप्रतिलभ्य
recoverable,unrecoverable,बचानेवाला,अप्राप्य
recreate,dishearten,बहलाना,उत्साह भंग करना
recreate,put off,बहलाना,बंद करो
rectifiable,irreparable,शोधनीय,अपूरणीय
rectify,falsify,सुधारना,कपट करना
recto,verso,रेक्टो,पीठ
recuperate,degenerate,स्वस्थ हो जाना,पतित
recuperate,deteriorate,स्वस्थ हो जाना,बिगड़ना
recuperate,devolve,स्वस्थ हो जाना,उतरना
recuperate,drop,स्वस्थ हो जाना,बूँद
recusant,conformist,पीछे हटना,कंफ़मिस्ट
red,gain,लाल,पाना
red ink,gain,लाल स्याही,पाना
redress,wrong,निवारण,गलत
reduce,blow up,कम करना,झटका
reduce,dilate,कम करना,चौड़ा करना
reduce,elaborate,कम करना,विस्तार में बताना
reduce,enlarge,कम करना,बड़े आकार में
reduce,expand,कम करना,बढ़ाना
reduce,expatiate,कम करना,लंबी-चौड़ी बातें बढ़ाना
reduce,exposit,कम करना,अनावृत
reduce,expound,कम करना,व्याख्या करना
reduce,flesh out,कम करना,मांस बाहर
reduce,gain,कम करना,पाना
reduce,lucubrate,कम करना,बीतना
reduce,magnify,कम करना,आवर्धक
reduce,oxidate,कम करना,ऑक्साइड
reduce,oxidise,कम करना,ऑक्सिडाइज़ करना
reduce,oxidize,कम करना,ऑक्सीकरण
reduce,put on,कम करना,लगाओ
reduced,increased,कम किया हुआ,बढ़ा हुआ
reduced instruction set computer,CISC,कम निर्देश सेट कंप्यूटर,सिस्क
reduced instruction set computer,complex instruction set computer,कम निर्देश सेट कंप्यूटर,जटिल अनुदेश सेट कंप्यूटर
reduced instruction set computer,complex instruction set computing,कम निर्देश सेट कंप्यूटर,जटिल अनुदेश सेट कम्प्यूटिंग
reduced instruction set computing,CISC,कम अनुदेश सेट कम्प्यूटिंग,सिस्क
reduced instruction set computing,complex instruction set computer,कम अनुदेश सेट कम्प्यूटिंग,जटिल अनुदेश सेट कंप्यूटर
reduced instruction set computing,complex instruction set computing,कम अनुदेश सेट कम्प्यूटिंग,जटिल अनुदेश सेट कम्प्यूटिंग
reducible,irreducible,कम करने योग्य,अलघुकरणीय
reduction,increase,कमी,बढ़ोतरी
reduction,step-up,कमी,आगे आना
reentering angle,salient angle,पुन: कोण,मुख्य कोण
reentrant,salient,रैत्रांत,मुख्य
reentrant angle,salient angle,पुनर्मिलन कोण,मुख्य कोण
refined,crude,परिशोधित,अपरिष्कृत
refined,unprocessed,परिशोधित,असंसाधित
refined,unrefined,परिशोधित,अपरिष्कृत
reflected,unreflected,परिलक्षित,अपंग
reflective,nonreflecting,चिंतनशील,अपूर्व
reflective,nonreflective,चिंतनशील,अनियंत्रित
refrain,act,रोकना,कार्य
refrain,consume,रोकना,उपभोग करना
refrain,have,रोकना,पास होना
refrain,ingest,रोकना,निगलना
refrain,move,रोकना,कदम
refrain,take,रोकना,लेना
refrain,take in,रोकना,ले लेना
refresh,fag,ताज़ा,धुम्रपान
refresh,fag out,ताज़ा,बाहर निकलना
refresh,fatigue,ताज़ा,थकान
refresh,jade,ताज़ा,जेड
refresh,outwear,ताज़ा,घिसना
refresh,tire,ताज़ा,थका देना
refresh,tire out,ताज़ा,थका दो
refresh,wear,ताज़ा,घिसाव
refresh,wear down,ताज़ा,मिटना
refresh,wear out,ताज़ा,थकना
refresh,wear upon,ताज़ा,उछालना
refresh,weary,ताज़ा,थका
refreshen,fag,ताज़ा करना,धुम्रपान
refreshen,fag out,ताज़ा करना,बाहर निकलना
refreshen,fatigue,ताज़ा करना,थकान
refreshen,jade,ताज़ा करना,जेड
refreshen,outwear,ताज़ा करना,घिसना
refreshen,tire,ताज़ा करना,थका देना
refreshen,tire out,ताज़ा करना,थका दो
refreshen,wear,ताज़ा करना,घिसाव
refreshen,wear down,ताज़ा करना,मिटना
refreshen,wear out,ताज़ा करना,थकना
refreshen,wear upon,ताज़ा करना,उछालना
refreshen,weary,ताज़ा करना,थका
refuse,accept,अस्वीकार करना,स्वीकार करना
refuse,admit,अस्वीकार करना,स्वीकार करते हैं
refuse,allow,अस्वीकार करना,अनुमति दें
refuse,allow in,अस्वीकार करना,होने दो
refuse,apply,अस्वीकार करना,आवेदन करना
refuse,consent,अस्वीकार करना,सहमति
refuse,go for,अस्वीकार करना,के लिए जाओ
refuse,grant,अस्वीकार करना,अनुदान
refuse,have,अस्वीकार करना,पास होना
refuse,intromit,अस्वीकार करना,अन्त:
refuse,lend oneself,अस्वीकार करना,लाना
refuse,let in,अस्वीकार करना,भीतर आएं
refuse,take,अस्वीकार करना,लेना
regain,lose,हासिल,खोना
regard,disesteem,संबद्ध,औषधि
regard,disrespect,संबद्ध,अपमानित करना
regard,heedlessness,संबद्ध,अनवधानता
regard,inattentiveness,संबद्ध,अशिष्टता
regenerate,unregenerate,पुनः जेनरेट,अपंजीकृत करना
regenerate,unregenerated,पुनः जेनरेट,अपंजीकृत
registered,unregistered,दर्ज कराई,अपंजीकृत
regorge,keep down,प्रचुर मात्रा में,नीचे रखें
regress,advance,निकासी,अग्रिम
regress,come along,निकासी,साथ आओ
regress,come on,निकासी,चलो भी
regress,get along,निकासी,मिल कर रहो
regress,get on,निकासी,मिल कर रहना
regress,progress,निकासी,प्रगति
regress,shape up,निकासी,आकार
regressive,progressive,प्रतिगामी,प्रगतिशील
regretful,unregretful,पछतावा करता हुआ,अनियंत्रित
regretful,unregretting,पछतावा करता हुआ,अचूक
regrettably,as luck would have it,अफसोस,जैसा कि भाग्य होगा
regrettably,fortuitously,अफसोस,अनायास
regrettably,fortunately,अफसोस,सौभाग्य से
regrettably,luckily,अफसोस,सौभाग्य से
regular,constipated,नियमित,कब्ज़
regular,irregular,नियमित,अनियमित
regularise,deregulate,नियमित करना,नियंत्रण मुक्त
regularity,irregularity,नियमितता,अनियमितता
regularity,unregularity,नियमितता,अनियमितता
regularize,deregulate,विनियमित,नियंत्रण मुक्त
regularly,irregularly,नियमित रूप से,अनियमित
regularly,on an irregular basis,नियमित रूप से,अनियमित आधार पर
regulate,deregulate,विनियमित,नियंत्रण मुक्त
regulated,unregulated,विनियमित,सुर नहीं मिलाया
regulation time,extra time,विनियमन काल,अतिरिक्त समय
regulation time,overtime,विनियमन काल,अधिक समय तक
regurgitate,keep down,बहना,नीचे रखें
rehabilitate,purge,पुनर्वास,शुद्ध
rehabilitative,punitive,पुनर्वास,दंडात्मक
rehabilitative,punitory,पुनर्वास,दण्डात्मक
reject,O.K.,अस्वीकार करना,ठीक है।
reject,accept,अस्वीकार करना,स्वीकार करना
reject,admit,अस्वीकार करना,स्वीकार करते हैं
reject,allow in,अस्वीकार करना,होने दो
reject,approve,अस्वीकार करना,मंज़ूरी देना
reject,have,अस्वीकार करना,पास होना
reject,intromit,अस्वीकार करना,अन्त:
reject,let in,अस्वीकार करना,भीतर आएं
reject,okay,अस्वीकार करना,ठीक है
reject,sanction,अस्वीकार करना,प्रतिबंध
reject,take,अस्वीकार करना,लेना
rejection,acceptance,अस्वीकार,स्वीकार
rejective,acceptive,अस्वीकार्य,स्वीकार करने वाला
rejuvenate,age,फिर से युवा करना,आयु
relapse,bounce back,पतन,उछलकर वापस आना
relapse,get over,पतन,उबर पाना
relapse,get well,पतन,ठीक हो जाओ
relate,decouple,संबंधित,दसगुणा
relate,dissociate,संबंधित,अलग कर देना
related,unrelated,संबंधित,असंबंधित
related to,unrelated,संदर्भ के,असंबंधित
relatedness,unrelatedness,संबद्धता,असंबद्धता
relative,absolute,रिश्तेदार,निरपेक्ष
relax,stiffen,आराम करना,ठोस बनाना
relax,strain,आराम करना,छानना
relax,tense,आराम करना,तनावग्रस्त
relax,tense up,आराम करना,तनाव में आ जाना
relaxed,tense,आराम,तनावग्रस्त
relaxing,restless,आराम,बेचेन होना
relaxing,uneasy,आराम,असहज
release,block,मुक्त करना,अवरोध पैदा करना
release,confine,मुक्त करना,सीमित
release,detain,मुक्त करना,गिरफ्तारी
release,freeze,मुक्त करना,जमाना
release,hold,मुक्त करना,पकड़ना
release,immobilise,मुक्त करना,विस्मरण करना
release,immobilize,मुक्त करना,स्थिर
release,take hold,मुक्त करना,पकड़ लो
relegate,advance,बाहर निकाल देना,अग्रिम
relegate,elevate,बाहर निकाल देना,ऊपर उठाना
relegate,kick upstairs,बाहर निकाल देना,ऊपर उठना
relegate,promote,बाहर निकाल देना,पदोन्नति करना
relegate,raise,बाहर निकाल देना,उठाना
relegate,upgrade,बाहर निकाल देना,उन्नत करना
relent,remain firm,तरस खाना,दृढ़ रहना
relent,stand,तरस खाना,खड़ा होना
relevance,irrelevance,प्रासंगिकता,असंबद्धता
relevance,irrelevancy,प्रासंगिकता,अप्रासंगिकता
relevancy,irrelevance,प्रासंगिकता,असंबद्धता
relevancy,irrelevancy,प्रासंगिकता,अप्रासंगिकता
relevant,irrelevant,उपयुक्त,अप्रासंगिक
relevantly,irrelevantly,प्रासंगिक,बेमतलब
reliability,undependability,विश्वसनीयता,परोपकारिता
reliability,undependableness,विश्वसनीयता,परोपकारिता
reliability,unreliability,विश्वसनीयता,अविश्वसनीयता
reliability,unreliableness,विश्वसनीयता,अविश्वसनीयता
reliable,undependable,भरोसेमंद,अयोग्य
reliable,unreliable,भरोसेमंद,अविश्वसनीय
reliableness,undependability,विश्वसनीयता,परोपकारिता
reliableness,undependableness,विश्वसनीयता,परोपकारिता
reliableness,unreliability,विश्वसनीयता,अविश्वसनीयता
reliableness,unreliableness,विश्वसनीयता,अविश्वसनीयता
reliably,undependably,मज़बूती,परोपकारिता से
reliably,unfaithfully,मज़बूती,विश्वासघात
reliably,unreliably,मज़बूती,अविश्वसनीय रूप से
relieve,apply,राहत देना,आवेदन करना
relieve,enforce,राहत देना,लागू
relieve,implement,राहत देना,अमल में लाना
religious,irreligious,धार्मिक,अधार्मिक
religious,secular,धार्मिक,धर्मनिरपेक्ष
religious person,nonreligious person,धार्मिक व्यक्ति,अव्यवस्थित व्यक्ति
relinquish,hold,त्यागना,पकड़ना
relinquish,take hold,त्यागना,पकड़ लो
rely,distrust,भरोसा करना,शक
rely,mistrust,भरोसा करना,संदेह
rely,suspect,भरोसा करना,संदिग्ध व्यक्ति
remain,change,अवशेष,परिवर्तन
remain firm,relent,दृढ़ रहना,तरस खाना
remain firm,soften,दृढ़ रहना,नरम
remain firm,yield,दृढ़ रहना,उपज
remarkably,commonly,ध्यान से देखने से,आमतौर
remarkably,normally,ध्यान से देखने से,आम तौर पर
remarkably,ordinarily,ध्यान से देखने से,आमतौर पर
remarkably,unremarkably,ध्यान से देखने से,अचूक रूप से
remarkably,usually,ध्यान से देखने से,आम तौर पर
remediable,irremediable,पुनर्विचार योग्य,लाइलाज
remember,blank out,याद करना,ब्लैंक आउट
remember,block,याद करना,अवरोध पैदा करना
remember,bury,याद करना,दफ़नाना
remember,draw a blank,याद करना,रिक्त स्थान
remember,forget,याद करना,भूल जाओ
remote,close,दूर,बंद करना
remote-controlled,manned,रिमोट-नियंत्रित किया हुआ,आबाद
remoteness,closeness,पृथकता,निकटता
remoteness,nearness,पृथकता,निकटता
removable,irremovable,हटाने योग्य,अचल
renewable,nonrenewable,अक्षय,गैर नवीकरणीय
renewable,unrenewable,अक्षय,अनहोनी
renown,infamy,यश,कुख्यात
renown,opprobrium,यश,अपमान
rentable,unrentable,किराए योग्य,लाभहीन
repair,break,मरम्मत,तोड़ना
repair,bust,मरम्मत,छाती
reparable,irreparable,मरम्मत योग्य,अपूरणीय
repatriate,deport,स्वदेश लौटूँ,पेश आना
repatriate,exile,स्वदेश लौटूँ,निर्वासन
repatriate,expatriate,स्वदेश लौटूँ,प्रवासी
repeatable,unquotable,repeatable,गंदा
repeatable,unrepeatable,repeatable,बेजोड़
repel,appeal,पीछे हटाना,निवेदन
repel,attract,पीछे हटाना,आकर्षित करना
repel,draw,पीछे हटाना,खींचना
repel,draw in,पीछे हटाना,खिंचा गया
repel,pull,पीछे हटाना,खींचो
repel,pull in,पीछे हटाना,समीप करना
repentant,impenitent,पश्चाताप,प्रेरणा
repentant,unremorseful,पश्चाताप,अनियंत्रित
repentant,unrepentant,पश्चाताप,बेरहम
repentantly,impenitently,पश्चाताप,अधूरेपन से
repentantly,unrepentantly,पश्चाताप,पश्चाताप के बिना
repetitious,nonrepetitive,दुहराव का,पुनरावृत्ति रहित
repetitive,nonrepetitive,दोहरावदार,पुनरावृत्ति रहित
replaceable,irreplaceable,स्थान लेने योग्य,स्थिर
replaceable,unreplaceable,स्थान लेने योग्य,अप्राप्य
reportable,unreportable,समाचार-योग्य,अनियंत्रित
reported,unreported,सूचित,असूचित
reposeful,restless,टेकनेवाला,बेचेन होना
reposeful,uneasy,टेकनेवाला,असहज
represent,prosecute,प्रतिनिधित्व करना,पर मुकदमा चलाने
representational,nonrepresentational,प्रतिनिधित्ववादी,गैर निरूपणीय
representative,nonrepresentative,प्रतिनिधि,अविभाज्य
representative,unsymbolic,प्रतिनिधि,असंबद्ध
represented,undelineated,का प्रतिनिधित्व किया,अविभाजित
reprobate,approbate,बदमाश,अनुमोदन करना
reproducible,irreproducible,प्रतिलिपि प्रस्तुत करने योग्य,अविभाज्य
reproducible,unreproducible,प्रतिलिपि प्रस्तुत करने योग्य,अप्राप्य
repulse,appeal,खदेड़ना,निवेदन
repulse,attract,खदेड़ना,आकर्षित करना
repulse,draw,खदेड़ना,खींचना
repulse,draw in,खदेड़ना,खिंचा गया
repulse,pull,खदेड़ना,खींचो
repulse,pull in,खदेड़ना,समीप करना
repulsion,attraction,घृणा,आकर्षण
repulsion,attractive force,घृणा,आकर्षक बल
repulsive,attractive,प्रतिक्षेपक,आकर्षक
repulsive force,attraction,प्रतिकारक बल,आकर्षण
repulsive force,attractive force,प्रतिकारक बल,आकर्षक बल
reputability,disreputability,प्रतिष्ठा,अयोग्यता
reputability,disreputableness,प्रतिष्ठा,असमानता
reputability,unrespectability,प्रतिष्ठा,अमानवीयता
reputable,disreputable,सम्मानित,जर्जर
reputably,disreputably,प्रतिष्ठित रूप से,जर्जर
reputation,discredit,प्रतिष्ठा,बदनाम
reputation,disrepute,प्रतिष्ठा,बदनामी
repute,discredit,ख्याति,बदनाम
repute,disrepute,ख्याति,बदनामी
requested,unrequested,अनुरोधित,अनिवेदित
require,eliminate,ज़रूरत होना,हटाना
require,obviate,ज़रूरत होना,मुक्त हो जाना
require,rid of,ज़रूरत होना,से छुटकारा
requirement,inessential,मांग,नगण्य
requirement,nonessential,मांग,गैर जरूरी
requisite,inessential,मांग,नगण्य
requisite,nonessential,मांग,गैर जरूरी
requisition,derequisition,मांग,अव्यवस्था
resent,wish,क्रोध करना,इच्छा
resent,wish well,क्रोध करना,अच्छी तरह से कामना करना
resentful,unresentful,क्रोधित,अनभिज्ञ
reserved,unreserved,आरक्षित,निष्कपट
resident,migratory,निवासी,घुमंतू
resident,nonresident,निवासी,अखंड
residential,nonresidential,आवासीय,अवसाद
resign,take office,इस्तीफ़ा देना,काम करना
resist,apply,प्रतिरोध करना,आवेदन करना
resist,give up,प्रतिरोध करना,छोड़ देना
resist,lend oneself,प्रतिरोध करना,लाना
resist,surrender,प्रतिरोध करना,समर्पण
resister,agonist,अवरोध,एगोनिस्ट
resistible,irresistible,बाधक,अथक
resistible,resistless,बाधक,बाधक नहीं
resistless,resistible,बाधक नहीं,बाधक
resolute,irresolute,दृढ़,डगमग
resolutely,indecisively,सख्ती,अनिश्चय से
resolutely,irresolutely,सख्ती,दुर्बलतापूर्वक
resoluteness,irresoluteness,दृढ़ता,अचूकता
resoluteness,irresolution,दृढ़ता,दुबिधा
resolution,irresoluteness,संकल्प,अचूकता
resolution,irresolution,संकल्प,दुबिधा
resolution,preparation,संकल्प,तैयारी
resolve,irresoluteness,संकल्प,अचूकता
resolve,irresolution,संकल्प,दुबिधा
resolved,unresolved,हल किया,अनसुलझे
resolved,unsolved,हल किया,न सुलझा हुआ
respect,disesteem,आदर,औषधि
respect,disrespect,आदर,अपमानित करना
respectability,disreputability,सम्मान -योग्यता,अयोग्यता
respectability,disreputableness,सम्मान -योग्यता,असमानता
respectability,unrespectability,सम्मान -योग्यता,अमानवीयता
respectable,unrespectable,सम्मानित,अनहोनी
respectful,disrespectful,सम्मानित,अनुचित
respectfully,disrespectfully,सम्मान से,अभद्रतापूर्वक
responsibility,irresponsibility,ज़िम्मेदारी,लापरवाही
responsibility,irresponsibleness,ज़िम्मेदारी,अचूकता
responsible,irresponsible,जिम्मेदार,गैर -जिम्मेदार
responsibleness,irresponsibility,ज़िम्मेदारी,लापरवाही
responsibleness,irresponsibleness,ज़िम्मेदारी,अचूकता
responsibly,irresponsibly,जिम्मेदार,गैर जिम्मेदाराना
responsive,unresponsive,उत्तरदायी,अनुचित
responsiveness,deadness,जवाबदेही,बेकारी
responsiveness,unresponsiveness,जवाबदेही,अप्रतिसाद
rest,be active,आराम,सक्रिय होना
rest,change,आराम,परिवर्तन
rest,move,आराम,कदम
rest day,work day,विश्राम का दिन,कार्य दिवस
rest day,workday,विश्राम का दिन,कार्यदिवस
rest day,working day,विश्राम का दिन,कार्य दिवस
rested,tired,विश्राम किया,थका हुआ
restful,restless,RESTful,बेचेन होना
restful,uneasy,RESTful,असहज
restless,relaxing,बेचेन होना,आराम
restless,reposeful,बेचेन होना,टेकनेवाला
restless,restful,बेचेन होना,RESTful
restore,break,पुनर्स्थापित करना,तोड़ना
restore,bust,पुनर्स्थापित करना,छाती
restrained,unrestrained,संयमित,अनर्गल
restraint,unrestraint,संयम,बेसब्री
restrict,derestrict,प्रतिबंध लगाना,ड्रेस्टिंग
restricted,unrestricted,वर्जित,अप्रतिबंधित
restrictive,unrestrictive,प्रतिबंधक,अप्रतिबंधक
restrictiveness,permissiveness,प्रतिबंधात्मकता,सहनशीलता
restrictiveness,tolerance,प्रतिबंधात्मकता,सहनशीलता
retail,wholesale,खुदरा,थोक
retard,accelerate,काम करना,तेजी लाने
retard,quicken,काम करना,Quicken
retard,speed,काम करना,रफ़्तार
retard,speed up,काम करना,गति बढ़ाना
retardation,acceleration,बाधा,त्वरण
retarded,precocious,मंद,असामयिक
retch,keep down,उबकना,नीचे रखें
retentive,forgetful,धारणा शक्तिवाला,भुलक्कड़
retentive,short,धारणा शक्तिवाला,छोटा
retentive,unretentive,धारणा शक्तिवाला,अयोग्य
reticular,nonreticulate,जालीदार,अपंग
reticulate,nonreticulate,जाल से ढँकना,अपंग
retire,advance,रिटायर,अग्रिम
retire,arise,रिटायर,उठना
retire,get up,रिटायर,उठना
retire,go on,रिटायर,जारी रखें
retire,march on,रिटायर,कूच करना
retire,move on,रिटायर,आगे बढ़ो
retire,pass on,रिटायर,आगे बढ़ना
retire,progress,रिटायर,प्रगति
retire,rise,रिटायर,उठना
retire,turn out,रिटायर,उपस्थित होना
retire,uprise,रिटायर,असुरक्षित
retractile,nonretractable,वापस लेने का,अयोग्य
retractile,nonretractile,वापस लेने का,अखंड
retreat,advance,पीछे हटना,अग्रिम
retreat,advancement,पीछे हटना,उन्नति
retreat,forward motion,पीछे हटना,आगे की गति
retreat,go on,पीछे हटना,जारी रखें
retreat,march on,पीछे हटना,कूच करना
retreat,move on,पीछे हटना,आगे बढ़ो
retreat,onward motion,पीछे हटना,आगे की गति
retreat,pass on,पीछे हटना,आगे बढ़ना
retreat,procession,पीछे हटना,जुलूस
retreat,progress,पीछे हटना,प्रगति
retreat,progression,पीछे हटना,प्रगति
retrieve,blank out,पुनः प्राप्त करना,ब्लैंक आउट
retrieve,block,पुनः प्राप्त करना,अवरोध पैदा करना
retrieve,draw a blank,पुनः प्राप्त करना,रिक्त स्थान
retrieve,forget,पुनः प्राप्त करना,भूल जाओ
retroactive,proactive,पूर्वव्यापी,सक्रिय
retrograde,advance,पतित,अग्रिम
retrograde,anterograde,पतित,अग्रगामी
retrograde,come along,पतित,साथ आओ
retrograde,come on,पतित,चलो भी
retrograde,direct,पतित,प्रत्यक्ष
retrograde,get along,पतित,मिल कर रहो
retrograde,get on,पतित,मिल कर रहना
retrograde,progress,पतित,प्रगति
retrograde,shape up,पतित,आकार
retrogress,advance,पतन में होना,अग्रिम
retrogress,come along,पतन में होना,साथ आओ
retrogress,come on,पतन में होना,चलो भी
retrogress,get along,पतन में होना,मिल कर रहो
retrogress,get on,पतन में होना,मिल कर रहना
retrogress,progress,पतन में होना,प्रगति
retrogress,shape up,पतन में होना,आकार
retrorse,antrorse,पीछे हटाना,नक़ल
retrospective,prospective,पूर्वप्रभावी,भावी
returnable,nonreturnable,वापस करने,अयोग्य
revalue,depreciate,पुनर्मूल्यांकन,मूल्य कम करना
revalue,devaluate,पुनर्मूल्यांकन,अवमूल्यन करना
revalue,devalue,पुनर्मूल्यांकन,अवमूल्यन करना
revalue,undervalue,पुनर्मूल्यांकन,कम आंकना
revealing,concealing,खुलासा,छुपा
reverberant,nonresonant,प्रतिध्वनि का,अखंड
reverberant,unreverberant,प्रतिध्वनि का,बेकार
reverence,irreverence,श्रद्धा,अपमान
reverend,layman,श्रद्धेय,साधारण व्यक्ति
reverend,layperson,श्रद्धेय,लेपर्सन
reverend,secular,श्रद्धेय,धर्मनिरपेक्ष
reverent,irreverent,श्रद्धालु,बेअदब
reverentially,irreverently,भक्तिभाव,बेअदबी से
reverently,irreverently,आदर,बेअदबी से
reversal,affirmation,उलटफेर करना,प्रतिज्ञान
reverse,forward,रिवर्स,आगे
reverse,obverse,रिवर्स,रक्षात्मक
reversibility,irreversibility,उलटने अथवा पुलटने योग्यता,अपरिवर्तनीयता
reversible,irreversible,प्रतिवर्ती,अचल
reversible,nonreversible,प्रतिवर्ती,अवांछित
reversible,one-sided,प्रतिवर्ती,एकतरफ़ा
reversible process,irreversible process,प्रतिवर्ती प्रक्रिया,अपरिवर्तनीय प्रक्रिया
revived,unrenewed,पुनर्जीवित,अनन्य
revived,unrevived,पुनर्जीवित,अनियंत्रित
revocable,irrevocable,खंडन करने योग्य,अटल
revocable,irrevokable,खंडन करने योग्य,अविभाज्य
revokable,irrevocable,निरर्थक,अटल
revokable,irrevokable,निरर्थक,अविभाज्य
revolutionary,counterrevolutionary,क्रांतिकारी,प्रतिवाद संबंधी
reward,attaint,इनाम,बेइज़्ज़ती
reward,disgrace,इनाम,अपमान
reward,dishonor,इनाम,बेईमानी करना
reward,dishonour,इनाम,बेईमानी करना
reward,penalty,इनाम,जुर्माना
reward,shame,इनाम,शर्म करो
rewarding,unrewarding,पुरस्कृत,लाभशून्य
rh-negative,rh-positive,आरएच नेगेटिव,आरएच पॉजिटिव
rh-positive,rh-negative,आरएच पॉजिटिव,आरएच नेगेटिव
rhetorical,unrhetorical,शब्दाडंबरपूर्ण,अनियंत्रित
rhymed,rhymeless,तुकवाला,तुकबंदी
rhymed,rimeless,तुकवाला,तुक
rhymed,unrhymed,तुकवाला,मुक्त
rhymed,unrimed,तुकवाला,अचूक
rhymeless,rhymed,तुकबंदी,तुकवाला
rhymeless,rhyming,तुकबंदी,अंत्यानुप्रासवाला
rhymeless,riming,तुकबंदी,रिमिंग
rhyming,rhymeless,अंत्यानुप्रासवाला,तुकबंदी
rhyming,rimeless,अंत्यानुप्रासवाला,तुक
rhyming,unrhymed,अंत्यानुप्रासवाला,मुक्त
rhyming,unrimed,अंत्यानुप्रासवाला,अचूक
rhythmic,unrhythmic,तालबद्ध,अखंड
rhythmic,unrhythmical,तालबद्ध,अनहोनी
rhythmical,unrhythmic,तालबद्ध,अखंड
rhythmical,unrhythmical,तालबद्ध,अनहोनी
ribbed,ribless,काटने का निशानवाला,गला घोंटना
ribless,ribbed,गला घोंटना,काटने का निशानवाला
rich,lean,अमीर,दुबला
rich,poor,अमीर,गरीब
rich,poor people,अमीर,गरीब लोग
rich people,poor,अमीर लोग,गरीब
rich people,poor people,अमीर लोग,गरीब लोग
richly,meagerly,बड़े पैमाने पर,बहुत
richly,meagrely,बड़े पैमाने पर,बहुत
richly,slenderly,बड़े पैमाने पर,फुहार से
richly,sparingly,बड़े पैमाने पर,किफ़ायत से
ricketiness,firmness,चटनी,दृढ़ता
ricketiness,steadiness,चटनी,स्थिरता
rid of,ask,से छुटकारा,पूछना
rid of,call for,से छुटकारा,के लिए कॉल
rid of,demand,से छुटकारा,माँग
rid of,involve,से छुटकारा,शामिल होना
rid of,necessitate,से छुटकारा,जरूरत
rid of,need,से छुटकारा,ज़रूरत
rid of,postulate,से छुटकारा,मांगना
rid of,require,से छुटकारा,ज़रूरत होना
rid of,take,से छुटकारा,लेना
ride,walk,सवारी,टहलना
rifled,smoothbore,झिरी,स्मूथबोर
rifled,unrifled,झिरी,अप्राप्य
rig out,dress down,सुसज्जित करना,अनौपचारिक कपड़े पहनना
rig out,underdress,सुसज्जित करना,कमज़ोर करना
rigged,unrigged,धांधली,अनिच्छुक
right,center,सही,केंद्र
right,falsify,सही,कपट करना
right,improperly,सही,अनुचित
right,incorrect,सही,गलत
right,incorrectly,सही,गलत तरीके से
right,left,सही,बाएं
right,wrong,सही,गलत
right,wrongfulness,सही,गलतफहमी
right,wrongly,सही,गलत तरीके से
right angle,oblique angle,समकोण,परोक्ष कोण
right triangle,oblique triangle,सही त्रिकोण,तिरछी त्रिभुज
right-angled triangle,oblique triangle,राइट-एंगल्ड त्रिभुज,तिरछी त्रिभुज
right-handed,ambidextrous,दांए हाथ से काम करने वाला,कपटी
right-handed,left-handed,दांए हाथ से काम करने वाला,बाएं हाथ से काम करने वाला
right-handed,two-handed,दांए हाथ से काम करने वाला,दो हाथों से
righteous,unrighteous,न्याय परायण,हक से महरूम
righteously,unrighteously,धर्म से,अधर्म से
righteousness,unrighteousness,धर्म,अधर्म
rightfulness,wrong,हक,गलत
rightfulness,wrongfulness,हक,गलतफहमी
rightly,unjustly,ठीक,अन्यायपूर्ण ढंग से
rightness,inappropriateness,सच्चाई,अनुपयुक्तता
rightness,incorrectness,सच्चाई,अशुद्धता
rightness,wrongness,सच्चाई,गलतफहमी
rigid,nonrigid,कठोर,अविभाज्य
rigidity,flexibility,कठोरता,FLEXIBILITY
rigidity,flexibleness,कठोरता,लचीलापन
rigidness,flexibility,कठोरता,FLEXIBILITY
rigidness,flexibleness,कठोरता,लचीलापन
rimeless,rhymed,तुक,तुकवाला
rimeless,rhyming,तुक,अंत्यानुप्रासवाला
rimeless,riming,तुक,रिमिंग
riming,rhymeless,रिमिंग,तुकबंदी
riming,rimeless,रिमिंग,तुक
riming,unrhymed,रिमिंग,मुक्त
riming,unrimed,रिमिंग,अचूक
rimless,rimmed,बिना रिम,किनारी
rimmed,rimless,किनारी,बिना रिम
ring,open chain,अँगूठी,खुली श्रृंखला
ripe,green,पका हुआ,हरा
ripe,immature,पका हुआ,अपरिपक्व
ripe,unripe,पका हुआ,अपरिपक्व
ripe,unripened,पका हुआ,अचूक
ripeness,greenness,सिद्धता,हरीपन
rise,bed,उठना,बिस्तर
rise,come down,उठना,नीचे आओ
rise,crawl in,उठना,रेंगना
rise,declension,उठना,अवनति
rise,declination,उठना,झुकाव
rise,decline,उठना,गिरावट
rise,declivity,उठना,ढार
rise,descend,उठना,उतरना
rise,descent,उठना,चढ़ाई
rise,downfall,उठना,पतन
rise,downslope,उठना,डाउडलोप
rise,fall,उठना,गिरना
rise,go down,उठना,नीचे जाना
rise,go to bed,उठना,सोने जाओ
rise,go to sleep,उठना,सो जाओ
rise,go under,उठना,के नीचे जाना
rise,hit the hay,उठना,घास का मारो
rise,hit the sack,उठना,बोरी को मार
rise,kip down,उठना,झपकी लेना
rise,lie,उठना,झूठ
rise,lie down,उठना,लेट जाओ
rise,retire,उठना,रिटायर
rise,sack out,उठना,बोरी से बाहर निकलना
rise,set,उठना,तय करना
rise,sit,उठना,बैठना
rise,sit down,उठना,बैठना
rise,turn in,उठना,अन्दर की ओर मोड़ना
rise,wane,उठना,पतन
rising,fall,बढ़ती,गिरना
rising,falling,बढ़ती,गिरना
rising prices,deflation,बढ़ती कीमतें,अपस्फीति
rising prices,disinflation,बढ़ती कीमतें,विस्फीति
rising tide,ebbtide,उफान,ईबीबीटीआईडी
rising trot,sitting trot,उगते हुए ट्रॉट,बैठना
rivalry,cooperation,विरोध,सहयोग
road game,home game,सड़क का खेल,घर केंद्रित कम्प्यूटर खेल
rob,undercharge,लूटना,हलकी तरफ मुकदमा चलाना
robust,frail,मज़बूत,अनैतिक
rocky,smooth,चट्टान का,चिकना
roll,unroll,रोल,उतारना
roll,unwind,रोल,खोलना
roll,wind off,रोल,रवाना होना
roll up,unfurl,जमना,खोलना
roll up,unroll,जमना,उतारना
roly-poly,scrag,रोली पाली,फुहार करना
roly-poly,skin and bones,रोली पाली,त्वचा और हड्डियां
roly-poly,thin person,रोली पाली,पतला व्यक्ति
romantic,classicist,प्रेम प्रसंगयुक्त,क्लासिकिस्ट
romantically,unromantically,प्यार से,अचूक रूप से
romanticist,classicist,विलक्षण करनेवाला,क्लासिकिस्ट
roofed,roofless,छत वाले,बिना छत
roofless,roofed,बिना छत,छत वाले
root,descendant,जड़,वंशज
root,descendent,जड़,वंशज
rotor,stator,रोटर,स्टेटर
rotor,stator coil,रोटर,स्टेटर कॉइल
rotor coil,stator,रोटर कुंडल,स्टेटर
rotor coil,stator coil,रोटर कुंडल,स्टेटर कॉइल
rough,cut,किसी न किसी,काटना
rough,smooth,किसी न किसी,चिकना
roughen,smooth,मोटा हो जाना,चिकना
roughen,smoothen,मोटा हो जाना,समतल बनाएं
roughness,smoothness,बेअदबी,चिकनाई
round,square,गोल,वर्ग
rounded,angular,गोल,कोणीय
rounded,angulate,गोल,कोण
roundness,angularity,गोलाई,कोण की स्थिति
rouse,calm,जगाना,शांत
rouse,calm down,जगाना,शांत हो
rouse,cause to sleep,जगाना,सोने का कारण
rouse,lull,जगाना,शांति काल
rouse,quiet,जगाना,शांत
rouse,quieten,जगाना,शांत होना
rouse,still,जगाना,फिर भी
rouse,tranquilize,जगाना,शांत होना
rouse,tranquillise,जगाना,शांत करना
rouse,tranquillize,जगाना,तसल्ली देना
rude,civil,अशिष्ट,नागरिक
rude,polite,अशिष्ट,विनम्र
rudely,courteously,बेरूखी से,शिष्टता से
rudely,politely,बेरूखी से,शिष्टतापूर्वक
rudeness,courtesy,अशिष्टता,शिष्टाचार
rudeness,good manners,अशिष्टता,शिष्टाचार
rugged,delicate,बीहड़,नाज़ुक
rugged,unfurrowed,बीहड़,उछालना
ruminant,nonruminant,जुगाली करने वाला,अयोग्य
run,idle,दौड़ना,निठल्ला
run,malfunction,दौड़ना,खराबी
run,misfunction,दौड़ना,गलतफहमी
run,tick over,दौड़ना,परेशानी करना
run into,miss,प्रवेश करना,याद
run-on,end-stopped,चलते रहना,अंत-रोक
running,pass,दौड़ना,उत्तीर्ण
running,passing,दौड़ना,पासिंग
running,standing,दौड़ना,खरा
rural,urban,ग्रामीण,शहरी
rural area,populated area,ग्रामीण क्षेत्र,पॉपुलेटेड क्षेत्र
rural area,urban area,ग्रामीण क्षेत्र,शहरी इलाका
rush,dawdle,जल्दबाज़ी करना,डर्मल
rush,delay,जल्दबाज़ी करना,देरी
rush,detain,जल्दबाज़ी करना,गिरफ्तारी
rush,hold up,जल्दबाज़ी करना,लूट
rush,linger,जल्दबाज़ी करना,झपकी लेना
rush along,dawdle,साथ जाना,डर्मल
rush along,linger,साथ जाना,झपकी लेना
rusted,rustless,जंग,बिना रुछा हुआ
rusticity,urbanity,गंवारूपन,शहतीसता
rustless,rusted,बिना रुछा हुआ,जंग
rut,anestrum,लीक,एक प्रकार का होना
rut,anestrus,लीक,एक प्रकार का
rut,anoestrum,लीक,वंशावली
rut,anoestrus,लीक,एक प्रकार का
sack,employ,थैला,काम
sack,engage,थैला,काम पर लगाना
sack,hire,थैला,किराये पर लेना
sack out,arise,बोरी से बाहर निकलना,उठना
sack out,get up,बोरी से बाहर निकलना,उठना
sack out,rise,बोरी से बाहर निकलना,उठना
sack out,turn out,बोरी से बाहर निकलना,उपस्थित होना
sack out,uprise,बोरी से बाहर निकलना,असुरक्षित
sacred,profane,पवित्र,अपवित्र
sacred,secular,पवित्र,धर्मनिरपेक्ष
sad,glad,दुखी,खुश
sadden,gladden,काला बनाना,प्रसन्न करना
sadden,joy,काला बनाना,आनंद
saddle,offsaddle,काठी,बंद करना
saddle,unsaddle,काठी,उतारना
saddled,unsaddled,काठी,अस्वाभाविक
sadist,masochist,पीड़न कामुक,मासोचिस्ट
sadistic,masochistic,परपीड़क,मसाला
sadly,happily,दुखी होकर,आनंद से
sadness,happiness,उदासी,ख़ुशी
safe,dangerous,सुरक्षित,खतरनाक
safe,out,सुरक्षित,बाहर
safe,unsafe,सुरक्षित,असुरक्षित
safeness,dangerousness,निश्चिंतता,खतरनाकपन
safety,danger,सुरक्षा,खतरा
sagely,foolishly,संत जैसी,मूर्खता से
sagely,unwisely,संत जैसी,मूर्खतापूर्ण
salable,unsalable,विक्रेय,अनसुना करने योग्य
salable,unsaleable,विक्रेय,अविक्रेय
salaried,free-lance,वेतनभोगी,मुक्त लांस
salaried,freelance,वेतनभोगी,फ्रीलांस
salaried,self-employed,वेतनभोगी,स्वनियोजित
saleable,unsalable,विक्रेय,अनसुना करने योग्य
saleable,unsaleable,विक्रेय,अविक्रेय
salient,re-entrant,मुख्य,पुन: प्रवेशी
salient,reentrant,मुख्य,रैत्रांत
salient angle,reentering angle,मुख्य कोण,पुन: कोण
salient angle,reentrant angle,मुख्य कोण,पुनर्मिलन कोण
salinate,desalinate,गला घोंटना,भंग करना
salinate,desalinise,गला घोंटना,डिसालिनस करना
salinate,desalinize,गला घोंटना,भंग करना
salinate,desalt,गला घोंटना,फीका बनाना
saltwater,fresh water,नमक का पानी,ताजा पानी
saltwater,freshwater,नमक का पानी,मीठे पानी
salty,fresh,नमकीन,ताजा
salty,sweet,नमकीन,मिठाई
salubriousness,insalubriousness,सलायमता,अनिद्रता
salubriousness,insalubrity,सलायमता,अस्वाभाविकता
salubrity,insalubriousness,सलायमता,अनिद्रता
salubrity,insalubrity,सलायमता,अस्वाभाविकता
same,different,वही,अलग
same,other,वही,अन्य
same,unlike,वही,भिन्न
sameness,difference,समानता,अंतर
sanctify,deconsecrate,पवित्र,विघटन करना
sanctify,desecrate,पवित्र,अपवित्रा
sanctify,unhallow,पवित्र,अनहोनी
sanction,disapprove,प्रतिबंध,अस्वीकार कर देना
sanction,reject,प्रतिबंध,अस्वीकार करना
sanctitude,unholiness,पवित्रता,अपवित्रता
sanctity,unholiness,पवित्रता,अपवित्रता
sandlike,argillaceous,रेत के समान,मृतिकामय
sandlike,clayey,रेत के समान,मिट्टी का
sandy,argillaceous,रेतीले,मृतिकामय
sandy,clayey,रेतीले,मिट्टी का
sane,insane,एसऐएनई,पागल
sanely,crazily,सनसनी से,क्षीणतापूर्वक
sanely,dementedly,सनसनी से,मनमोहक रूप से
sanely,insanely,सनसनी से,पागलपन की हद तक
sanely,madly,सनसनी से,पागलों की तरह
sanely,unreasonably,सनसनी से,अनुचित तरीके से
saneness,insanity,पवित्रता,पागलपन
sanitariness,unsanitariness,सानतता,असंबद्धता
sanitary,insanitary,सेनेटरी,अस्वास्थ्यकर
sanitary,unhealthful,सेनेटरी,अस्वाभाविक
sanitary,unsanitary,सेनेटरी,मैला
sanity,insanity,मानसिक स्वास्थ्य,पागलपन
saponified,unsaponified,सशक्त,असंबद्ध
sarcastic,unsarcastic,व्यंग्यात्मक,अस्वाभाविक
satiate,insatiable,पूरा करना,लालची
satiate,insatiate,पूरा करना,लालची
satiate,unsatiable,पूरा करना,असमान
satiated,insatiable,तृप्त,लालची
satiated,insatiate,तृप्त,लालची
satiated,unsatiable,तृप्त,असमान
satisfaction,dissatisfaction,संतुष्टि,असंतोष
satisfactorily,unsatisfactorily,संतोषजनक ढंग से,नाराजगी से
satisfactoriness,unsatisfactoriness,तसल्ली,असंतोष
satisfactory,unsatisfactory,संतोषजनक,असंतोषजनक
satisfy,dissatisfy,संतुष्ट,नाराज़ करना
satisfy,fall short of,संतुष्ट,कम होना
saturated,unsaturated,तर-बतर,असंतृप्त
saved,lost,बचा हुआ,खो गया
savory,offensive,दिलकश,अप्रिय
savory,unsavory,दिलकश,बेस्वाद
savory,unsavoury,दिलकश,बेस्वाद
savoury,offensive,दिलकश,अप्रिय
savoury,unsavory,दिलकश,बेस्वाद
savoury,unsavoury,दिलकश,बेस्वाद
say farewell,receive,विदाई कहो,प्राप्त करें
say farewell,welcome,विदाई कहो,स्वागत
scalable,unclimbable,स्केलेबल,अलंघ्य
scalable,unscalable,स्केलेबल,तुच्छ
scale down,blow up,कम करना,झटका
scale down,enlarge,कम करना,बड़े आकार में
scale down,magnify,कम करना,आवर्धक
scale down,scale up,कम करना,स्केल अप
scale up,scale down,स्केल अप,कम करना
scarce,abundant,अपर्याप्त,प्रचुर
scarceness,abundance,विरलता,प्रचुरता
scarceness,copiousness,विरलता,सादगी
scarceness,teemingness,विरलता,टेम्पोरिटी
scarcity,abundance,कमी,प्रचुरता
scarcity,copiousness,कमी,सादगी
scarcity,teemingness,कमी,टेम्पोरिटी
scent,deodorise,महक,दुर्गन्ध करना
scent,deodorize,महक,दुर्गन्ध दूर करना
scent,deodourise,महक,दुर्गंध
scented,scentless,सुगंधित,सुगंधित
scentless,scented,सुगंधित,सुगंधित
scheduled,unscheduled,अनुसूचित,अनियंत्रित
scholarly,unscholarly,विद्वत्तापूर्ण,बेईमान
school text,trade book,विद्यालय पाठ,व्यापार बही
school text,trade edition,विद्यालय पाठ,व्यापार संस्करण
schoolbook,trade book,स्कूल की किताब,व्यापार बही
schoolbook,trade edition,स्कूल की किताब,व्यापार संस्करण
scientific,unscientific,वैज्ञानिक,अपढ़
scrag,butterball,टुकड़ा,बटरबॉल
scrag,fat person,फुहार करना,मोटा
scrag,fatso,फुहार करना,हमेशा के लिए
scrag,fatty,फुहार करना,वसायुक्त
scrag,roly-poly,टुकड़ा,रोली पाली
scramble,unscramble,संघर्ष,खोलना
screw,unscrew,पेंच,खोल देना
scrimpy,ample,नाकाफी,प्रचुर
scripted,unscripted,पटकथा,अलिखित
scrupulous,unscrupulous,ईमानदार,बेशरम
scrupulousness,unscrupulousness,परिशुद्धता,बेईमानी
seal,unseal,मुहर,खोलना
sealed,uncertain,सील,ढुलमुल
sealed,unsealed,सील,सील न की गयी
seamanlike,unseamanlike,सीमण्य,अनियंत्रित
seamanly,unseamanlike,सीमणता से,अनियंत्रित
seamed,seamless,सीमित,निर्बाध
seamless,seamed,निर्बाध,सीमित
seasonable,unseasonable,समयोचित,कच्चा
seasonableness,unseasonableness,सीजनकता,बेमिसाल
seasonableness,untimeliness,सीजनकता,असंबद्धता
seasonably,unseasonably,मौक़े पर,बेमिसाल से
seasonal,year-around,मौसमी,साल-दर-ओर
seasonal,year-round,मौसमी,वर्ष के दौरान
seasoned,unseasoned,अनुभवी,कच्चा
seated,standing,आसीन,खरा
seaward,inshore,समुद्र की ओर,नदी के किनारे पर
seaward,offshore,समुद्र की ओर,अपतटीय
seaward,onshore,समुद्र की ओर,तटवर्ती
seaward,seaward,समुद्र की ओर,समुद्र की ओर
seaward,shoreward,समुद्र की ओर,किनारे की ओर
seawater,fresh water,समुद्री जल,ताजा पानी
seawater,freshwater,समुद्री जल,मीठे पानी
seaworthy,unseaworthy,समुद्र में चलने योग्य,बेपरवाह
second,first,दूसरा,पहला
secondarily,in the first place,गौणतः,पहले स्थान पर
secondarily,primarily,गौणतः,प्रमुख रूप से
secondary,primary,माध्यमिक,प्राथमिक
secretiveness,nakedness,गुप्तता,नंगापन
secretiveness,openness,गुप्तता,खुलापन
sectarian,nonsectarian,सांप्रदायिक,गैर-साम्प्रदायिक
sectarian,unsectarian,सांप्रदायिक,अस्वाभाविक
secular,clergyman,धर्मनिरपेक्ष,पादरी
secular,man of the cloth,धर्मनिरपेक्ष,कपड़े का आदमी
secular,religious,धर्मनिरपेक्ष,धार्मिक
secular,reverend,धर्मनिरपेक्ष,श्रद्धेय
secular,sacred,धर्मनिरपेक्ष,पवित्र
secular,unworldly,धर्मनिरपेक्ष,अलौकिक
secure,insecure,सुरक्षित,असुरक्षित
secure,unfasten,सुरक्षित,विलंब करना
secure,unsafe,सुरक्षित,असुरक्षित
secured bond,debenture,सुरक्षित बांड,ऋणपत्र
secured bond,debenture bond,सुरक्षित बांड,डिबेंचर बांड
secured bond,unsecured bond,सुरक्षित बांड,असुरक्षित बांड
securely,insecurely,सुरक्षित रूप से,असुरक्षित
secureness,insecureness,सुरक्षितता,असुरक्षितता
secureness,looseness,सुरक्षितता,ढील
security,insecurity,सुरक्षा,असुरक्षा
sedate,arouse,गंभीर,उकसाना
sedate,brace,गंभीर,ब्रेस
sedate,energise,गंभीर,Energize
sedate,energize,गंभीर,Energize
sedate,perk up,गंभीर,गर्वीला
sedate,stimulate,गंभीर,उकसाना
sedimentary,eruptive,गाद का,ज्वालामुखी
sedimentary,igneous,गाद का,आतशी
seductive,unseductive,भव्य,अस्वीकार्य
seeable,invisible,परत करने योग्य,अदृश्य
seeable,unseeable,परत करने योग्य,अयोग्य
seeded,unseeded,वरीयता प्राप्त,गैरवरीय
seedless,seedy,बिना बीजों का,थका हुआ
seedy,seedless,थका हुआ,बिना बीजों का
seemliness,unseemliness,प्रतीत होना,अनभिज्ञता
segregate,desegregate,अलग,अलग करना
segregate,integrate,अलग,एकीकृत करना
segregate,mix,अलग,मिक्स
segregated,integrated,जुदा,एकीकृत
segregation,desegregation,पृथक्करण,डिसेग्रेगेशन
segregation,integrating,पृथक्करण,एकीकृत
segregation,integration,पृथक्करण,एकीकरण
seldom,frequently,कभी-कभी,बार-बार
seldom,oft,कभी-कभी,ओ एफ टी
seldom,often,कभी-कभी,अक्सर
seldom,oftentimes,कभी-कभी,अक्सर
seldom,ofttimes,कभी-कभी,tottimes
selected,unselected,चयनित,इसे नहीं चुना जाता
self-asserting,unassertive,आत्मसम्मान,निगेटिव
self-assertive,unassertive,अपने ऊपर भरोसा रखनेवाला,निगेटिव
self-centered,altruistic,आत्मनिर्णय,परोपकारी
self-centered,selfless,आत्मनिर्णय,स्वार्थरहित
self-centeredness,altruism,स्वयं centeredness,दूसरों का उपकार करने का सिद्धान्त
self-centeredness,selflessness,स्वयं centeredness,निस्सवार्थता
self-centred,altruistic,क़ुदग़रज़ी,परोपकारी
self-centred,selfless,क़ुदग़रज़ी,स्वार्थरहित
self-concern,altruism,आत्म चिंता,दूसरों का उपकार करने का सिद्धान्त
self-concern,selflessness,आत्म चिंता,निस्सवार्थता
self-consciously,unselfconsciously,आत्म होशपूर्वक,स्वाभाविक रूप से
self-consciousness,unselfconsciousness,चेतना,स्वाभाविकता
self-distrust,confidence,आत्मनिर्णय,आत्मविश्वास
self-doubt,confidence,आत्म संदेह,आत्मविश्वास
self-employed,salaried,स्वनियोजित,वेतनभोगी
self-examining,extrospective,स्व की जांच,अति
self-examining,extroverted,स्व की जांच,बहिर्मुखी
self-fertilisation,cross-fertilisation,स्वनिषेचन,पार निषेचन
self-fertilisation,cross-fertilization,स्वनिषेचन,पार निषेचन
self-fertilization,cross-fertilisation,स्वनिषेचन,पार निषेचन
self-fertilization,cross-fertilization,स्वनिषेचन,पार निषेचन
self-generated,induced,स्वयं उत्पन्न,प्रेरित किया
self-interest,altruism,लोभ,दूसरों का उपकार करने का सिद्धान्त
self-interest,selflessness,लोभ,निस्सवार्थता
self-pollination,cross-pollination,ख़ुद-पीलीनेशन,परोपकारिता
selfish,unselfish,स्वार्थी,बेगरज
selfishly,unselfishly,स्वार्थपूर्ण,बिना किसी स्वार्थ के
selfishness,unselfishness,स्वार्थपरता,स्व -स्वर्गता
selfless,egocentric,स्वार्थरहित,अहंकारपूर्ण
selfless,egoistic,स्वार्थरहित,अहंमानी
selfless,egoistical,स्वार्थरहित,अहंकारी
selfless,self-centered,स्वार्थरहित,आत्मनिर्णय
selfless,self-centred,स्वार्थरहित,क़ुदग़रज़ी
selflessness,egocentrism,निस्सवार्थता,अहंकारवाद
selflessness,egoism,निस्सवार्थता,अहंभाव
selflessness,self-centeredness,निस्सवार्थता,स्वयं centeredness
selflessness,self-concern,निस्सवार्थता,आत्म चिंता
selflessness,self-interest,निस्सवार्थता,लोभ
sell,buy,बेचना,खरीदना
sell,purchase,बेचना,खरीदना
send away,employ,दूर भेजें,काम
send away,engage,दूर भेजें,काम पर लगाना
send away,hire,दूर भेजें,किराये पर लेना
senior,junior,वरिष्ठ,कनिष्ठ
sensational,unsensational,संवेदनात्मक,असंतोषजनक
sense of movement,kinanesthesia,आंदोलन की भावना,किनानेस्टेसिया
sense of purpose,aimlessness,उद्देश्य की भावना,लक्ष्यहीनता
sense of purpose,purposelessness,उद्देश्य की भावना,व्यर्थता
sense organ,effector,सेंस ऑर्गन,प्रेरक
sensibilise,desensitise,जागरूकता,अपहरण करना
sensibilise,desensitize,जागरूकता,असंवेदनशील बनाना
sensibility,insensibility,संवेदनशीलता,असंवेदनशीलता
sensibilize,desensitise,संवेदीकरण करना,अपहरण करना
sensibilize,desensitize,संवेदीकरण करना,असंवेदनशील बनाना
sensible,insensible,समझदार,बेसुध
sensible,unreasonable,समझदार,अकारण
sensibly,unreasonably,समझदारी से,अनुचित तरीके से
sensify,desensitise,संवेदना करना,अपहरण करना
sensify,desensitize,संवेदना करना,असंवेदनशील बनाना
sensitise,desensitise,संवेदनशील बनाना,अपहरण करना
sensitise,desensitize,संवेदनशील बनाना,असंवेदनशील बनाना
sensitising,desensitising,संवेदनशील,डिसेन्सिटिसिस
sensitising,desensitizing,संवेदनशील,वंशावली
sensitive,insensible,संवेदनशील,बेसुध
sensitive,insensitive,संवेदनशील,सुन्न
sensitively,insensitively,संवेदनशीलता,असंवेदनशील रूप से
sensitiveness,insensitiveness,संवेदनशीलता,असंवेदनशीलता
sensitiveness,insensitivity,संवेदनशीलता,असंवेदनशीलता
sensitivity,insensitiveness,संवेदनशीलता,असंवेदनशीलता
sensitivity,insensitivity,संवेदनशीलता,असंवेदनशीलता
sensitize,desensitise,संवेदनशील बनाना,अपहरण करना
sensitize,desensitize,संवेदनशील बनाना,असंवेदनशील बनाना
sensitizing,desensitising,संवेदनशील,डिसेन्सिटिसिस
sensitizing,desensitizing,संवेदनशील,वंशावली
sensorial,extrasensory,संवेदी,अतिरिक्त संवेदी
sensorial,paranormal,संवेदी,असाधारण
sensory,extrasensory,ग्रहणशील,अतिरिक्त संवेदी
sensory,paranormal,ग्रहणशील,असाधारण
sensory receptor,effector,संवेदी रिसेप्टर,प्रेरक
sent,unsent,भेजा,नहीं भेजे गए
sentence,acquittal,वाक्य,दोषमुक्ति
sentience,insentience,चेतना,अयोग्यता
sentient,insensate,संवेदनशील,बेहोश
sentient,insentient,संवेदनशील,बेसुध
sentimentally,unsentimentally,रहमदिली से,असंगत रूप से
separably,inseparably,अलग -अलग,अविभाज्य रूप से
separate,joint,अलग,संयुक्त
separate,unify,अलग,एकता कायम करना
separate,unite,अलग,एकजुट हो जाओ
separation,unification,पृथक्करण,एकीकरण
separation,union,पृथक्करण,मिलन
septic,antiseptic,विषाक्त,एंटीसेप्टिक
sequential operation,parallel operation,अनुक्रमिक प्रचालन,समानांतर प्रचालन
sequential operation,simultaneous operation,अनुक्रमिक प्रचालन,एक साथ प्रचालन
sequestration,desegregation,ज़ब्ती,डिसेग्रेगेशन
sequestration,integrating,ज़ब्ती,एकीकृत
sequestration,integration,ज़ब्ती,एकीकरण
serial operation,parallel operation,धारावाहिक प्रचालन,समानांतर प्रचालन
serial operation,simultaneous operation,धारावाहिक प्रचालन,एक साथ प्रचालन
serious,frivolous,गंभीर,तुच्छ
serious,playful,गंभीर,चंचल
serious-mindedness,frivolity,गंभीरता,निरर्थक व्यापार
serious-mindedness,frivolousness,गंभीरता,तुच्छता
seriousness,frivolity,गंभीरता,निरर्थक व्यापार
seriousness,frivolousness,गंभीरता,तुच्छता
service,disservice,सेवा,अपकार
service,ill service,सेवा,बीमार सेवा
service,ill turn,सेवा,बुरी तरह से मोड़ना
serviceable,unserviceable,फ़ायदेमंद,अनुपयोगी
serviceman,civilian,आर्मीवाला,असैनिक
servile,unservile,ग़ुलामी का,असंबद्ध
servile,unsubmissive,ग़ुलामी का,अलग
sessile,pedunculate,बिना डंठल का,डंठलनुमा
sessile,stalked,बिना डंठल का,पीछा
sessile,vagile,बिना डंठल का,योनि का
set,ascend,तय करना,Ascend
set,come up,तय करना,आएं
set,rise,तय करना,उठना
set,uprise,तय करना,असुरक्षित
set about,end,चल पड़ना,अंत
set about,terminate,चल पड़ना,बर्खास्त
set down,embark,निर्धारित करना,प्रारंभ
set down,ship,निर्धारित करना,जहाज
set out,end,प्रस्थान करना,अंत
set out,terminate,प्रस्थान करना,बर्खास्त
set up,abolish,स्थापित करना,समाप्त करना
set up,break apart,स्थापित करना,अलग हुए
set up,break up,स्थापित करना,टूटना
set up,disarrange,स्थापित करना,हंगामा करना
set up,disassemble,स्थापित करना,अलग करना
set up,dismantle,स्थापित करना,नष्ट
set up,get rid of,स्थापित करना,से छुटकारा
set up,level,स्थापित करना,स्तर
set up,pull down,स्थापित करना,नीचे गिराना
set up,rase,स्थापित करना,ढहाना
set up,raze,स्थापित करना,ढाना
set up,take apart,स्थापित करना,अलग करना
set up,take down,स्थापित करना,नीचे करें
set up,tear down,स्थापित करना,चीथड़े कर दो
settle,float,निपटारा करना,तैरना
settle,swim,निपटारा करना,तैरना
settled,unsettled,तय किया हुआ,अस्थिर
sexual,asexual,यौन,क्षुद्र
sexual,nonsexual,यौन,अव्यवस्थित
sexy,anaphrodisiac,सेक्सी,अनैतिकता
sexy,unsexy,सेक्सी,अनियंत्रित
shaded,unshaded,छायांकित,बेदाग़
shallow,deep,उथला,गहरा
shallowness,deepness,क्षुद्रता,गहराई
shallowness,profoundness,क्षुद्रता,गहराई
shallowness,profundity,क्षुद्रता,गहराई
shame,honor,शर्म करो,सम्मान
shame,honour,शर्म करो,सम्मान
shame,reward,शर्म करो,इनाम
shamelessly,ashamedly,बेशर्म,अशुद्धि से
shape up,regress,आकार,निकासी
shape up,retrograde,आकार,पतित
shape up,retrogress,आकार,पतन में होना
shapely,unshapely,सुडौल,बेढब
shared,unshared,साझा,अविभाजित
sharp,dull,तीखा,उदासीन
sharp,flat,तीखा,समतल
sharp,natural,तीखा,प्राकृतिक
sharpen,blear,पैना,नासाफ
sharpen,blunt,पैना,कुंद
sharpen,blur,पैना,कलंक
sharpen,drop,पैना,बूँद
sharpen,dull,पैना,उदासीन
sharpen,flatten,पैना,समतल
sharpen,soften,पैना,नरम
sharpness,bluntness,कुशाग्रता,मंदबुद्धि
sharpness,blurriness,कुशाग्रता,धुंधलेपन
sharpness,dullness,कुशाग्रता,मंदता
sharpness,fogginess,कुशाग्रता,कुहरापन
sharpness,fuzziness,कुशाग्रता,फिजूलपन
sharpness,indistinctness,कुशाग्रता,अस्पष्टता
sharpness,softness,कुशाग्रता,मृदुता
shaved,unshaved,मुंडा,अचूक
shaved,unshaven,मुंडा,मुंडा नहीं
shaven,unshaved,मुंडा,अचूक
shaven,unshaven,मुंडा,मुंडा नहीं
sheared,unsheared,कतरनी,अचूक
sheared,unshorn,कतरनी,अविभाजित
sheathe,unsheathe,म्यान,म्यान से निकालना
sheathed,bare,लिपटा,नंगा
sheathed,unsheathed,लिपटा,अचूक
shed,lasting,ओसारा,तक चलने वाले
shed,persistent,ओसारा,ज़िद्दी
shell-less,shelled,खोल-रहित,खोलीदार
shelled,shell-less,खोलीदार,खोल-रहित
shelled,unshelled,खोलीदार,अचूक
shew,confute,तड़क-भड़क,कन्फ्यूट
shew,disprove,तड़क-भड़क,असत्य सिद्ध करना
shiny,unglazed,चमकदार,अनियंत्रित
ship,debark,जहाज,असमतल
ship,disembark,जहाज,खिसकना
ship,set down,जहाज,निर्धारित करना
shockable,broad-minded,झटका देने योग्य,ब्रॉड दिमाग
shockable,unshockable,झटका देने योग्य,अचूक
shod,discalceate,धीमे दौड़ो,विघटित करना
shod,discalced,धीमे दौड़ो,डिस्पल किया हुआ
shod,unshod,धीमे दौड़ो,बिना जूतें
shod,unshoed,धीमे दौड़ो,अचूक
shodden,unshod,झोंपड़ी,बिना जूतें
shodden,unshoed,झोंपड़ी,अचूक
shoed,unshod,शूड,बिना जूतें
shoed,unshoed,शूड,अचूक
shop,boycott,दुकान,बहिष्कार
shop at,boycott,से खरीददारी की,बहिष्कार
shoreward,offshore,किनारे की ओर,अपतटीय
shoreward,seaward,किनारे की ओर,समुद्र की ओर
shorn,unsheared,छीना,अचूक
shorn,unshorn,छीना,अविभाजित
short,long,छोटा,लंबा
short,recollective,छोटा,याद करने वाला
short,retentive,छोटा,धारणा शक्तिवाला
short,tall,छोटा,लंबा
short,tenacious,छोटा,दृढ़
short-spurred,long-spurred,कमज़ोर,लम्बी
shorten,dilate,इस प्रकार छोटा,चौड़ा करना
shorten,elaborate,इस प्रकार छोटा,विस्तार में बताना
shorten,enlarge,इस प्रकार छोटा,बड़े आकार में
shorten,expand,इस प्रकार छोटा,बढ़ाना
shorten,expatiate,इस प्रकार छोटा,लंबी-चौड़ी बातें बढ़ाना
shorten,exposit,इस प्रकार छोटा,अनावृत
shorten,expound,इस प्रकार छोटा,व्याख्या करना
shorten,flesh out,इस प्रकार छोटा,मांस बाहर
shorten,lengthen,इस प्रकार छोटा,लंबा
shorten,lucubrate,इस प्रकार छोटा,बीतना
shortness,longness,तकलीफ,लम्बीपन
shortness,tallness,तकलीफ,दीर्घता
shortsighted,farsighted,अदूरदर्शा,दूरंदेश
shortsighted,presbyopic,अदूरदर्शा,जराक्षिदोषात्मक
shortsightedness,farsightedness,कमज़ोरता,दूरदर्शिता
shortsightedness,hypermetropia,कमज़ोरता,hypermetropia
shortsightedness,hypermetropy,कमज़ोरता,अतिवृद्धि
shortsightedness,hyperopia,कमज़ोरता,पास का साफ़-साफ़ न दिखना
shortsightedness,longsightedness,कमज़ोरता,दूरी की देखना
shortsightedness,providence,कमज़ोरता,मितव्ययिती
shout,whisper,चिल्लाना,फुसफुसाना
show,conceal,दिखाओ,छिपाना
show,confute,दिखाओ,कन्फ्यूट
show,disprove,दिखाओ,असत्य सिद्ध करना
show,hide,दिखाओ,छिपाना
showtime,end,शो टाइम,अंत
showtime,ending,शो टाइम,समाप्ति
showtime,middle,शो टाइम,मध्य
shrink,expand,सिकुड़ना,बढ़ाना
shrink,spread out,सिकुड़ना,छितराया हुआ
shrink,stretch,सिकुड़ना,खींचना
shrinkable,unshrinkable,संकुचित करने योग्य,अयोग्य
shut,admit,बंद,स्वीकार करते हैं
shut,include,बंद,शामिल करना
shut,let in,बंद,भीतर आएं
shut,open,बंद,खुला
shut,open up,बंद,खुलना
shut,opened,बंद,खोला हुआ
shut,unfastened,बंद,अनपेक्षित
shut down,open,शट डाउन,खुला
shut down,open up,शट डाउन,खुलना
shut one's mouth,babble,मुँह करना,प्रलाप
shut one's mouth,babble out,मुँह करना,बेदखल करना
shut one's mouth,blab,मुँह करना,गप्पी
shut one's mouth,blab out,मुँह करना,बाहर निकलना
shut one's mouth,let the cat out of the bag,मुँह करना,थैली से बिल्ली को बाहर जाने दो
shut one's mouth,peach,मुँह करना,आड़ू
shut one's mouth,sing,मुँह करना,गाओ
shut one's mouth,spill the beans,मुँह करना,भेद खोलना
shut one's mouth,talk,मुँह करना,बात करना
shut one's mouth,tattle,मुँह करना,गपशप
shut out,admit,निकाल देना,स्वीकार करते हैं
shut out,include,निकाल देना,शामिल करना
shut out,let in,निकाल देना,भीतर आएं
shut up,louden,चुप रहो,विश्राम कक्ष
shut up,open up,चुप रहो,खुलना
shuttered,unshuttered,बंद,अचूक
shutting,opening,बंद,उद्घाटन
shy,confident,शर्मीला,आत्मविश्वासी
sick,keep down,बीमार,नीचे रखें
sick,well,बीमार,कुंआ
sickness,health,रोग,स्वास्थ्य
sickness,wellness,रोग,कल्याण
side,bottom,ओर,तल
side,top,ओर,शीर्ष
sidereal,civil,तारे के समान,नागरिक
sighted,blind,देखे,अंधा
sighted,unsighted,देखे,बड़ा बदसूरत
sign in,check out,दाखिल करना,चेक आउट
signed,unsigned,पर हस्ताक्षर किए,अहस्ताक्षरित
significance,insignificance,महत्व,निरर्थकता
significant,insignificant,महत्वपूर्ण,तुच्छ
significant,nonsignificant,महत्वपूर्ण,निरर्थक
significant,unimportant,महत्वपूर्ण,बेकार
significantly,insignificantly,काफी,निरर्थकता से
silence,louden,मौन,विश्राम कक्ष
silence,sound,मौन,आवाज़
silenced,unsilenced,खामोश,असंबद्ध
similar,different,समान,अलग
similar,dissimilar,समान,भिन्न
similar,unalike,समान,अनलिक
similar,unlike,समान,भिन्न
similarity,dissimilarity,समानता,विषमता
similarity,unsimilarity,समानता,असमानता
similitude,dissimilitude,समानता,विभिन्नता
similitude,unlikeness,समानता,अनैतिकता
simple,complex,सरल,जटिल
simple,compound,सरल,मिश्रण
simpleness,complexity,सादगी,जटिलता
simpleness,complexness,सादगी,जटिलता
simpleness,difficultness,सादगी,कठिनाई
simpleness,difficulty,सादगी,कठिनाई
simplicity,complexity,सादगी,जटिलता
simplicity,complexness,सादगी,जटिलता
simplicity,difficultness,सादगी,कठिनाई
simplicity,difficulty,सादगी,कठिनाई
simplify,complicate,आसान बनाने में,जटिल
simplify,perplex,आसान बनाने में,हक्का-बक्का करना
simultaneous operation,consecutive operation,एक साथ प्रचालन,लगातार प्रचालन
simultaneous operation,sequential operation,एक साथ प्रचालन,अनुक्रमिक प्रचालन
simultaneous operation,serial operation,एक साथ प्रचालन,धारावाहिक प्रचालन
sincere,insincere,ईमानदार,निष्ठाहीन
sincerely,insincerely,ईमानदारी से,असंगति से
sincerity,falseness,ईमानदारी,असत्यता
sincerity,frivolity,ईमानदारी,निरर्थक व्यापार
sincerity,frivolousness,ईमानदारी,तुच्छता
sincerity,hollowness,ईमानदारी,खोखलेपन
sincerity,insincerity,ईमानदारी,निष्ठाहीनता
sing,keep one's mouth shut,गाओ,मुंह बंद रखना
sing,keep quiet,गाओ,चुप रहो
sing,shut one's mouth,गाओ,मुँह करना
single,common,अकेला,सामान्य
single,double,अकेला,दोहरा
single,married,अकेला,विवाहित
single,multiple,अकेला,एकाधिक
single-barreled,double-barreled,एकल बैरल,दोनली
single-barreled,double-barrelled,एकल बैरल,दोनली
single-barrelled,double-barreled,सिंगल-बैरेल,दोनली
single-barrelled,double-barrelled,सिंगल-बैरेल,दोनली
single-breasted,double-breasted,छाती पर एकहरे बदन का,डब्ल-ब्रेस्टिड
single-lane,multilane,एकल लेन,एकाधिक - लेन
singly,multiply,अकेले,गुणा
singular,plural,एकवचन,बहुवचन
singular,plural form,एकवचन,बहुवचन रूप
singular form,plural,एकवचन रूप,बहुवचन
singular form,plural form,एकवचन रूप,बहुवचन रूप
singular matrix,nonsingular matrix,एकवचन मैट्रिक्स,निरर्थक मैट्रिक्स
sinistral,dextral,सिनिस्ट्रल,दक्षिणावर्त
sink,float,डूबना,तैरना
sink,source,डूबना,स्रोत
sink,swim,डूबना,तैरना
sinkable,unsinkable,जस्ता का,अयोग्य
sis,blood brother,आई,खून का भाई
sis,brother,आई,भाई
sister,blood brother,बहन,खून का भाई
sister,brother,बहन,भाई
sisterlike,brotherlike,बहन के समान,भाई की तरह
sisterlike,brotherly,बहन के समान,भाई
sisterlike,fraternal,बहन के समान,भाईचारे का
sisterly,brotherlike,प्रेमपूर्ण,भाई की तरह
sisterly,brotherly,प्रेमपूर्ण,भाई
sisterly,fraternal,प्रेमपूर्ण,भाईचारे का
sit,arise,बैठना,उठना
sit,get up,बैठना,उठना
sit,lie,बैठना,झूठ
sit,rise,बैठना,उठना
sit,stand,बैठना,खड़ा होना
sit,stand up,बैठना,खड़े हो जाना
sit,uprise,बैठना,असुरक्षित
sit down,arise,बैठना,उठना
sit down,get up,बैठना,उठना
sit down,lie,बैठना,झूठ
sit down,rise,बैठना,उठना
sit down,stand,बैठना,खड़ा होना
sit down,stand up,बैठना,खड़े हो जाना
sit down,uprise,बैठना,असुरक्षित
sitter,stander,घर में रहनेवाला,स्टैंडर
sitting,standing,बैठक,खरा
sitting trot,rising trot,बैठना,उगते हुए ट्रॉट
sized,unsized,आकार,अनवधि
skew,adjust,तिरछा करना,समायोजित करना
skew,align,तिरछा करना,संरेखित
skew,aline,तिरछा करना,पंक्ति में करना
skew,line up,तिरछा करना,पंक्ति बनायें
skilled,unskilled,कुशल,अकुशल
skillfulness,unskillfulness,कुशलता,अकुशल
skim milk,whole milk,स्किम दूध,वसायुक्त दूध
skimmed milk,whole milk,चटपटा दूध,वसायुक्त दूध
skin and bones,butterball,त्वचा और हड्डियां,बटरबॉल
skin and bones,fat person,त्वचा और हड्डियां,मोटा
skin and bones,fatso,त्वचा और हड्डियां,हमेशा के लिए
skin and bones,fatty,त्वचा और हड्डियां,वसायुक्त
skin and bones,roly-poly,त्वचा और हड्डियां,रोली पाली
skinless,skinned,स्किनलेस,चमड़ी
skinned,skinless,चमड़ी,स्किनलेस
slave state,free state,दास राज्य,मुक्त अवस्था
sleep,wake,नींद,जागो
sleep in,live out,में सोना,जिंदा रहना
sleep in,sleep out,में सोना,सोचना
sleep out,live in,सोचना,में रहते हैं
sleep out,sleep in,सोचना,में सोना
sleepiness,sleeplessness,तंद्रा,उन्निद्रता
sleepiness,wakefulness,तंद्रा,जागृत होना
sleeping,waking,सोना,जागने
sleeplessness,drowsiness,उन्निद्रता,तंद्रा
sleeplessness,sleepiness,उन्निद्रता,तंद्रा
sleeplessness,somnolence,उन्निद्रता,तन्द्रा
sleeved,sleeveless,बाजू,बिना आस्तीन
sleeveless,sleeved,बिना आस्तीन,बाजू
slenderize,gain,पतला हो जाना,पाना
slenderize,put on,पतला हो जाना,लगाओ
slenderly,amply,फुहार से,जिसकी पर्याप्त
slenderly,fully,फुहार से,पूरी तरह
slenderly,richly,फुहार से,बड़े पैमाने पर
slenderness,thickness,कमजोरी,मोटाई
slight,much,थोड़ा,अधिकता
slim,gain,छरहरा,पाना
slim,put on,छरहरा,लगाओ
slim down,gain,स्लिम नीचे,पाना
slim down,put on,स्लिम नीचे,लगाओ
slip off,slip on,पर्ची बंद,पर पर्ची
slip on,slip off,पर पर्ची,पर्ची बंद
slippery,nonslippery,फिसलाऊ,नस्ल
slippy,nonslippery,तेज़,नस्ल
sloppiness,carefulness,ढीलापन,सतर्कता
slow,accelerate,धीमा,तेजी लाने
slow,apace,धीमा,झटपट
slow,chop-chop,धीमा,चॉप-डॉग
slow,fast,धीमा,तेज़
slow,quicken,धीमा,Quicken
slow,quickly,धीमा,जल्दी से
slow,rapidly,धीमा,तेज़ी से
slow,speed,धीमा,रफ़्तार
slow,speed up,धीमा,गति बढ़ाना
slow,speedily,धीमा,जल्दी से
slow down,accelerate,गति कम करो,तेजी लाने
slow down,quicken,गति कम करो,Quicken
slow down,speed,गति कम करो,रफ़्तार
slow down,speed up,गति कम करो,गति बढ़ाना
slow down,tense,गति कम करो,तनावग्रस्त
slow down,tense up,गति कम करो,तनाव में आ जाना
slow lane,fast lane,धीमी गली,तेज गति की लेन
slow up,accelerate,धीरे करो,तेजी लाने
slow up,quicken,धीरे करो,Quicken
slow up,speed,धीरे करो,रफ़्तार
slow up,speed up,धीरे करो,गति बढ़ाना
slowing,acceleration,धीमा,त्वरण
slowly,apace,धीरे से,झटपट
slowly,chop-chop,धीरे से,चॉप-डॉग
slowly,quickly,धीरे से,जल्दी से
slowly,rapidly,धीरे से,तेज़ी से
slowly,speedily,धीरे से,जल्दी से
slug,work,काउंटर,काम
slumber,wake,नींद,जागो
slur,focalise,कलंक,केंद्र
slur,focalize,कलंक,फोकल करना
slur,focus,कलंक,केंद्र
small,big,छोटा,बड़ा
small,large,छोटा,बड़ा
small letter,capital,छोटा पत्र,पूंजी
small letter,capital letter,छोटा पत्र,पूंजी पत्र
small letter,majuscule,छोटा पत्र,अपरकेस
small letter,upper-case letter,छोटा पत्र,बड़े अक्षर
small letter,uppercase,छोटा पत्र,अपरकेस
small-mindedly,broad-mindedly,छोटे से,व्यापक रूप से
smallness,bigness,छोटापन,बड़ापन
smallness,largeness,छोटापन,स्थूलता
smart,stupid,बुद्धिमान,मूर्ख
smart bomb,dumb bomb,स्मार्ट बम,गूंगा बम
smart bomb,gravity bomb,स्मार्ट बम,गुरुत्वाकर्षण बम
smilingly,unsmilingly,मुस्करा कर,अनभिज्ञता से
smokeless,smoky,निर्धूम,धुएँ के रंग का
smoker,nonsmoker,धूम्रपान न करने,अशिक्षित
smoky,smokeless,धुएँ के रंग का,निर्धूम
smooth,bumpy,सुगम,ऊबड़-खाबड़
smooth,coarse,चिकना,कठोर
smooth,disconnected,चिकना,डिस्कनेक्ट किया गया
smooth,jolting,चिकना,झटका
smooth,jolty,चिकना,धचके देनेवाला
smooth,jumpy,चिकना,चिड़चिड़ा
smooth,rocky,चिकना,चट्टान का
smooth,rough,चिकना,किसी न किसी
smooth,roughen,चिकना,मोटा हो जाना
smooth,staccato,चिकना,असंबद्ध रीति
smooth,unsmooth,चिकना,अनसुना
smoothbore,rifled,स्मूथबोर,झिरी
smoothen,roughen,समतल बनाएं,मोटा हो जाना
smoothness,raggedness,चिकनाई,फुंसी
smoothness,roughness,चिकनाई,बेअदबी
snail mail,e-mail,धीमी डाक,ई-मेल
snail mail,electronic mail,धीमी डाक,इलेक्ट्रॉनिक मेल
snail mail,email,धीमी डाक,ईमेल
snap,inelasticity,स्नैप,अतन्यकता
snarl,disentangle,गिरह,सुलझाना
snarl,straighten out,गिरह,पता लगाना
snarl,unsnarl,गिरह,अस्वाभाविक
snuff it,be born,सूँघना,पैदा हो
snuff out,ignite,सूँघना,आग लगना
snuff out,light,सूँघना,रोशनी
so-so,intolerably,इतना तो,असह्य
so-so,unacceptably,इतना तो,अस्वीकार्य
soak,undercharge,डुबाना,हलकी तरफ मुकदमा चलाना
sober,drunk,गंभीर,पिया हुआ
sober,inebriated,गंभीर,नशे में धुत
sober,intoxicated,गंभीर,नशे में डाल दिया
sober,playful,गंभीर,चंचल
soberness,drunkenness,स्फटिकता,नशे में
soberness,inebriation,स्फटिकता,मद्यपान
soberness,inebriety,स्फटिकता,मद्यपान
soberness,insobriety,स्फटिकता,मद्यपान
soberness,intoxication,स्फटिकता,नशा
soberness,tipsiness,स्फटिकता,चंचलता
sobriety,drunkenness,संयम,नशे में
sobriety,inebriation,संयम,मद्यपान
sobriety,inebriety,संयम,मद्यपान
sobriety,insobriety,संयम,मद्यपान
sobriety,intoxication,संयम,नशा
sobriety,tipsiness,संयम,चंचलता
sociability,unsociability,सुजनता,असमानता
sociability,unsociableness,सुजनता,बेवजह
sociable,unsociable,मिलनसार,एकांतप्रिय
sociableness,unsociability,सामाजिकता,असमानता
sociableness,unsociableness,सामाजिकता,बेवजह
sociably,unsociably,सामाजिक रूप से,असंगत रूप से
social,unsocial,सामाजिक,नामिलनसार
socialism,capitalism,समाजवाद,पूंजीवाद
socialism,capitalist economy,समाजवाद,पूंजीवादी अर्थव्यवस्था
socialist,capitalist,समाजवादी,पूंजीवादी
socialist,capitalistic,समाजवादी,पूंजीवादी
socialist economy,capitalism,समाजवादी अर्थव्यवस्था,पूंजीवाद
socialist economy,capitalist economy,समाजवादी अर्थव्यवस्था,पूंजीवादी अर्थव्यवस्था
socialistic,capitalist,समाजवादी,पूंजीवादी
socialistic,capitalistic,समाजवादी,पूंजीवादी
soft,concentrated,कोमल,केंद्रित
soft,forte,कोमल,प्रधान गुण
soft,hard,कोमल,मुश्किल
soft,hardened,कोमल,कठोर
soft,loud,कोमल,ऊँचा स्वर
soft,surd,कोमल,बहरा
soft,unvoiced,कोमल,चुप
soft,voiceless,कोमल,मौन
soft drug,hard drug,मुलायम दवा,कठोर दवा
soft spot,good part,नरम स्थान,अच्छा हिस्सा
soft water,hard water,नरम पानी,कठोर जल
soft-boiled,hardhearted,उबला हुआ,कठोर मन
soft-boiled,heartless,उबला हुआ,बेरहम
soft-finned fish,acanthopterygian,मुलायम मछली,अकाटोप्ट्रीज
soft-finned fish,spiny-finned fish,मुलायम मछली,स्पाइनी फिन्ड मछली
softball,hardball,सॉफ्टबॉल,हार्डबॉल
softball game,hardball,सॉफ्टबॉल खेल,हार्डबॉल
soften,harden,नरम,कठोर बनाना
soften,indurate,नरम,कड़ा हो जाना
soften,remain firm,नरम,दृढ़ रहना
soften,sharpen,नरम,पैना
soften,stand,नरम,खड़ा होना
softhearted,hardhearted,सभ्य,कठोर मन
softhearted,heartless,सभ्य,बेरहम
softly,aloud,नरमी से,जोर
softly,forte,नरमी से,प्रधान गुण
softly,loud,नरमी से,ऊँचा स्वर
softly,loudly,नरमी से,जोर से
softness,distinctness,मृदुता,स्पष्टता
softness,fitness,मृदुता,उपयुक्तता
softness,hardness,मृदुता,कठोरता
softness,intensity,मृदुता,तीव्रता
softness,loudness,मृदुता,प्रबलता
softness,physical fitness,मृदुता,शारीरिक फिटनेस
softness,sharpness,मृदुता,कुशाग्रता
softness,volume,मृदुता,आयतन
software,computer hardware,सॉफ़्टवेयर,कंप्यूटर हार्डवेयर
software,hardware,सॉफ़्टवेयर,हार्डवेयर
software package,computer hardware,सॉफ़्टवेयर पैकेज,कंप्यूटर हार्डवेयर
software package,hardware,सॉफ़्टवेयर पैकेज,हार्डवेयर
software program,computer hardware,सॉफ़्टवेयर प्रोग्राम,कंप्यूटर हार्डवेयर
software program,hardware,सॉफ़्टवेयर प्रोग्राम,हार्डवेयर
software system,computer hardware,सॉफ़्टवेयर तंत्र,कंप्यूटर हार्डवेयर
software system,hardware,सॉफ़्टवेयर तंत्र,हार्डवेयर
soil,clean,मिट्टी,साफ
soil,make clean,मिट्टी,साफ करना
soiled,clean,गंदे,साफ
solar apex,antapex,सोलर एपेक्स,एंटीपैक्स
sold,unsold,बिका हुआ,बेचने का नहीं
soled,soleless,एक प्रकार का,सख्ती
soleless,soled,सख्ती,एक प्रकार का
solemnity,levity,गंभीरता,छिछोरापन
solid,gaseous,ठोस,गैसीय
solid,hollow,ठोस,खोखला
solid,liquid,ठोस,तरल
solidity,hollowness,दृढ़ता,खोखलेपन
solidity,porosity,दृढ़ता,सरंध्रता
solidity,porousness,दृढ़ता,सुदृढ़ता
solidness,insubstantiality,ठोसता,असंबद्धता
solidness,porosity,ठोसता,सरंध्रता
solidness,porousness,ठोसता,सुदृढ़ता
solubility,insolubility,घुलनशीलता,जटिलता
solubility,unsolvability,घुलनशीलता,अनिर्दिष्टता
soluble,indissoluble,घुलनशील,स्थायी
soluble,insoluble,घुलनशील,अघुलनशील
solvability,insolubility,गलने की योग्यता,जटिलता
solvability,unsolvability,गलने की योग्यता,अनिर्दिष्टता
solved,unresolved,हल किया हुआ,अनसुलझे
solved,unsolved,हल किया हुआ,न सुलझा हुआ
solvency,insolvency,करदानक्षमता,दिवालियापन
solvent,insolvent,विलायक,दिवालिया
some,all,कुछ,सभी
some,one,कुछ,एक
some,whole,कुछ,संपूर्ण
somewhat,immoderately,कुछ हद तक,बिना संयम के
somewhat,unreasonably,कुछ हद तक,अनुचित तरीके से
somnolence,sleeplessness,तन्द्रा,उन्निद्रता
somnolence,wakefulness,तन्द्रा,जागृत होना
son,daughter,पुत्र,बेटी
son,girl,पुत्र,लड़की
sonant,hard,आवाज़,मुश्किल
sonant,surd,आवाज़,बहरा
sonant,unvoiced,आवाज़,चुप
sonant,voiceless,आवाज़,मौन
sonic,subsonic,ध्वनि,सबसोनिक
sonic,supersonic,ध्वनि,पराध्वनिक
soothe,irritate,शांत करना,चिढ़ना
sophisticated,naif,जटिल,अनुभवहीन
sophisticated,naive,जटिल,अनुभवहीन
sophistication,naiveness,मिलावट,भयावहता
sophistication,naivete,मिलावट,भोलेपन
sophistication,naivety,मिलावट,नौसिखिया
sorely,painlessly,कष्टदायी रूप से,दर्द
sororal,brotherlike,एक प्रकार का,भाई की तरह
sororal,brotherly,एक प्रकार का,भाई
sororal,fraternal,एक प्रकार का,भाईचारे का
sorrow,joy,दु: ख,आनंद
sorrow,joyfulness,दु: ख,आनन्द
sorrow,joyousness,दु: ख,ख़ुशी
sorrowful,joyful,उदास,हर्षित
sorry,unregretful,क्षमा मांगना,अनियंत्रित
sorry,unregretting,क्षमा मांगना,अचूक
sound,devoice,आवाज़,डिस्चार्ज
sound,quiet,आवाज़,शांत
sound,silence,आवाज़,मौन
sound,unsound,आवाज़,अस्वस्थ
sound off,cheer,बकना,खुश करना
sound off,cheer up,बकना,खुश हो जाओ
sound off,chirk up,बकना,चहकना
soundable,unfathomable,सुगंधित,अपरिमेय
soundness,unsoundness,दृढ़ता,कारण सीमित
sour,dulcify,खट्टा,मधुर करना
sour,dulcorate,खट्टा,मधुरता से
sour,edulcorate,खट्टा,गला घोंटना
sour,sweet,खट्टा,मिठाई
sour,sweeten,खट्टा,मीठा
source,sink,स्रोत,डूबना
source program,object program,स्रोत कार्यक्रम,वस्तु कार्यक्रम
source program,target program,स्रोत कार्यक्रम,लक्ष्य कार्यक्रम
soured,unsoured,कड़वाहट,अनसुना
south,north,दक्षिण,उत्तर
southern,northern,दक्षिण,उत्तरी
southernness,northernness,दक्षिणीपन,उत्तरीपन
spaced,unspaced,दूरी,अनिर्दिष्ट
spacial,nonspatial,स्थानिक,निरर्थक
spareness,avoirdupois,विरूपता,मोटापन
spareness,blubber,विरूपता,रोना
spareness,fat,विरूपता,मोटा
spareness,fatness,विरूपता,मोटापा
sparingly,amply,किफ़ायत से,जिसकी पर्याप्त
sparingly,fully,किफ़ायत से,पूरी तरह
sparingly,richly,किफ़ायत से,बड़े पैमाने पर
sparkling,noneffervescent,शानदार,कोई नहीं
sparkling,still,शानदार,फिर भी
spat,boo,झगड़ा,बू
spat,hiss,झगड़ा,फुफकार
spatial,nonspatial,स्थानिक,निरर्थक
speaking,nonspeaking,बोला जा रहा है,नॉनपैकिंग
speaking,walk-on,बोला जा रहा है,चले चलो
special agent,general agent,विशेष एजेंट,सामान्य एजेंट
special agent,universal agent,विशेष एजेंट,सार्वभौमिक एजेंट
special verdict,general verdict,विशेष निर्णय,सामान्य फैसला
specialise,branch out,विशेषज्ञ,फैलाना
specialise,broaden,विशेषज्ञ,व्यापक बनाने
specialise,diversify,विशेषज्ञ,विविधता
specialise,generalise,विशेषज्ञ,सामान्यीकरण
specialise,generalize,विशेषज्ञ,सामान्यीकरण
specialised,unspecialised,विशेष,अनिर्दिष्ट
specialised,unspecialized,विशेष,अनिर्दिष्ट
specialiser,Renaissance man,माहिर,पुनर्जागरण आदमी
specialiser,generalist,माहिर,सामान्य
specialist,Renaissance man,SPECIALIST,पुनर्जागरण आदमी
specialist,generalist,SPECIALIST,सामान्य
speciality,weak point,स्पेशलिटी,कमजोर बिंदु
specialize,branch out,विशेषज्ञ,फैलाना
specialize,broaden,विशेषज्ञ,व्यापक बनाने
specialize,diversify,विशेषज्ञ,विविधता
specialize,generalise,विशेषज्ञ,सामान्यीकरण
specialize,generalize,विशेषज्ञ,सामान्यीकरण
specialized,unspecialised,विशेष,अनिर्दिष्ट
specialized,unspecialized,विशेष,अनिर्दिष्ट
specializer,Renaissance man,विशेषज्ञ,पुनर्जागरण आदमी
specializer,generalist,विशेषज्ञ,सामान्य
specialness,generality,विशेषता,व्यापकता
specialty,weak point,स्पेशलिटी,कमजोर बिंदु
specific,general,विशिष्ट,सामान्य
specific,nonspecific,विशिष्ट,अविशिष्ट
specifically,generally,विशेष रूप से,आम तौर पर
specifically,in general,विशेष रूप से,सामान्य रूप से
specifically,in the main,विशेष रूप से,मुख्य रूप से
specified,unspecified,निर्दिष्ट,अनिर्दिष्ट
specify,generalise,निर्दिष्ट करना,सामान्यीकरण
specify,generalize,निर्दिष्ट करना,सामान्यीकरण
spectral color,achromatic color,वर्णक्रमीय रंग,आक्रोशिक रंग
spectral color,achromatic colour,वर्णक्रमीय रंग,आक्रोशिक रंग
spectral colour,achromatic color,वर्णक्रमीय रंग,आक्रोशिक रंग
spectral colour,achromatic colour,वर्णक्रमीय रंग,आक्रोशिक रंग
speed,dawdle,रफ़्तार,डर्मल
speed,decelerate,रफ़्तार,धीमा
speed,linger,रफ़्तार,झपकी लेना
speed,retard,रफ़्तार,काम करना
speed,slow,रफ़्तार,धीमा
speed,slow down,रफ़्तार,गति कम करो
speed,slow up,रफ़्तार,धीरे करो
speed up,decelerate,गति बढ़ाना,धीमा
speed up,retard,गति बढ़ाना,काम करना
speed up,slow,गति बढ़ाना,धीमा
speed up,slow down,गति बढ़ाना,गति कम करो
speed up,slow up,गति बढ़ाना,धीरे करो
speedily,easy,जल्दी से,आसान
speedily,slow,जल्दी से,धीमा
speedily,slowly,जल्दी से,धीरे से
speedily,tardily,जल्दी से,यिलंबपूर्वक
speedup,deceleration,गति बढ़ाना,मंदी
spell,unspell,बोलना,अनिर्दिष्ट करना
spending,income,खर्च,आय
spent,unexhausted,खर्च किया,अनपेक्षित
spew,keep down,वमन,नीचे रखें
spherical,nonspherical,गोलाकार,नॉनफेरिक
spill the beans,keep one's mouth shut,भेद खोलना,मुंह बंद रखना
spill the beans,keep quiet,भेद खोलना,चुप रहो
spill the beans,shut one's mouth,भेद खोलना,मुँह करना
spineless,spinous,अति दुर्बल,स्पिनर
spineless,spiny,अति दुर्बल,काँटेदार
spineless,vertebrate,अति दुर्बल,हड्डीवाला
spinous,spineless,स्पिनर,अति दुर्बल
spiny,spineless,काँटेदार,अति दुर्बल
spiny-finned fish,malacopterygian,स्पाइनी फिन्ड मछली,चालाक
spiny-finned fish,soft-finned fish,स्पाइनी फिन्ड मछली,मुलायम मछली
spirited,spiritless,साहसी,बेजान
spiritism,worldliness,अध्यात्मवाद,सांसारिकता
spiritless,spirited,बेजान,साहसी
spiritualise,literalise,आध्यात्मिक रूप से,साहित्यकार करना
spiritualise,literalize,आध्यात्मिक रूप से,साहित्यिक बनाना
spiritualism,worldliness,अध्यात्मवाद,सांसारिकता
spirituality,worldliness,आध्यात्मिकता,सांसारिकता
spiritualize,literalise,जोश पैदा करना,साहित्यकार करना
spiritualize,literalize,जोश पैदा करना,साहित्यिक बनाना
splayfoot,pigeon-toed,छींटेदार,कबूतर
splayfooted,pigeon-toed,छींटेदार,कबूतर
split,unify,विभाजित करना,एकता कायम करना
split,unite,विभाजित करना,एकजुट हो जाओ
split ticket,straight ticket,विभाजित टिकट,सीधा टिकट
split up,unify,विभाजित करना,एकता कायम करना
split up,unite,विभाजित करना,एकजुट हो जाओ
splitter,lumper,फाड़नेवाला,पिंड
spoil,undisrupt,बिगाड़ना,अविचलित
spoil,unspoilt,बिगाड़ना,अविकृत
spoils system,merit system,बिगाड़ प्रणाली,योग्यता प्रणाली
spoken,written,बोला,लिखा हुआ
sponginess,incompressibility,झिरझिरापन,असंपीड्यता
sponsor,boycott,प्रायोजक,बहिष्कार
spontaneous,induced,अविरल,प्रेरित किया
spontaneous abortion,live birth,सहज गर्भपात,लाइव जन्म
sporadic,continual,छिटपुट,नित्य
sportingly,unsportingly,निष्पक्षतापूर्वक,बेईमानी से
spotlight,background,सुर्खियों,पृष्ठभूमि
spotlight,downplay,सुर्खियों,नीचे गिरना
spotlight,play down,सुर्खियों,कम करके दिखाना
spread,collect,फैलाना,इकट्ठा करना
spread,fold,फैलाना,तह करना
spread,fold up,फैलाना,तह करो
spread,garner,फैलाना,संचित करना
spread,gather,फैलाना,इकट्ठा करना
spread,pull together,फैलाना,साथ मिलकर काम करना
spread,turn up,फैलाना,बढ़ाना
spread out,contract,छितराया हुआ,अनुबंध
spread out,fold,छितराया हुआ,तह करना
spread out,fold up,छितराया हुआ,तह करो
spread out,shrink,छितराया हुआ,सिकुड़ना
spread out,turn up,छितराया हुआ,बढ़ाना
spring equinox,September equinox,वसंत विषुव,सितंबर विषुव
spring equinox,autumnal equinox,वसंत विषुव,शरमाज
spring equinox,fall equinox,वसंत विषुव,विषम
springtide,neap,स्प्रिंग टाइड,नीप
springtide,neap tide,स्प्रिंग टाइड,उच्च ज्वार - भाटा
spue,keep down,उगलना,नीचे रखें
spuriousness,genuineness,चंचलता,असलियत
squander,conserve,गंवाना,संरक्षण
squander,economise,गंवाना,अर्थशास्त्र
squander,economize,गंवाना,बचत
squander,husband,गंवाना,पति
square,circular,वर्ग,परिपत्र
square,corrupt,वर्ग,भ्रष्ट
square,crooked,वर्ग,कुटिल
square,round,वर्ग,गोल
square shooter,liar,वर्ग शूटर,झूठा
square shooter,prevaricator,वर्ग शूटर,प्रिवरिकेटर
squeezability,incompressibility,निचोड़ने का काम,असंपीड्यता
stabile,mobile,स्थिर,गतिमान
stabilisation,destabilisation,स्थिरीकरण,अस्थिरता
stabilisation,destabilization,स्थिरीकरण,अस्थिरता
stabilise,destabilise,स्थिर,de-स्थिर
stabilise,destabilize,स्थिर,अस्थिर
stability,changefulness,स्थिरता,परिवर्तनशीलता
stability,inconstancy,स्थिरता,चंचलता
stability,instability,स्थिरता,अस्थिरता
stability,unstableness,स्थिरता,अस्थिरता
stabilization,destabilisation,स्थिरीकरण,अस्थिरता
stabilization,destabilization,स्थिरीकरण,अस्थिरता
stabilize,destabilise,स्थिर,de-स्थिर
stabilize,destabilize,स्थिर,अस्थिर
stable,unstable,स्थिर,अस्थिर
stableness,instability,हताश,अस्थिरता
stableness,unstableness,हताश,अस्थिरता
staccato,legato,असंबद्ध रीति,लोगाटो
staccato,smooth,असंबद्ध रीति,चिकना
staged,unstaged,मंचन,अयोग्य
stagnate,work,बहना,काम
stained,unstained,दाग,अस्थिर
stale,fresh,बासी,ताजा
staleness,freshness,बासांपन,ताजगी
stalinise,destalinise,मंचन,विच्छेद करना
stalinise,destalinize,मंचन,अपने भाग्य के लिए।
stalinize,destalinise,मंचन करना,विच्छेद करना
stalinize,destalinize,मंचन करना,अपने भाग्य के लिए।
stalked,sessile,पीछा,बिना डंठल का
stalked,stalkless,पीछा,बिना डंठल
stalkless,pedunculate,बिना डंठल,डंठलनुमा
stalkless,stalked,बिना डंठल,पीछा
stand,lie,खड़ा होना,झूठ
stand,relent,खड़ा होना,तरस खाना
stand,sit,खड़ा होना,बैठना
stand,sit down,खड़ा होना,बैठना
stand,soften,खड़ा होना,नरम
stand,yield,खड़ा होना,उपज
stand firm,give up,खड़े हो जाना,छोड़ देना
stand firm,surrender,खड़े हो जाना,समर्पण
stand still,move,अभी भी खड़े रहना,कदम
stand up,lie,खड़े हो जाना,झूठ
stand up,lie down,खड़े हो जाना,लेट जाओ
stand up,sit,खड़े हो जाना,बैठना
stand up,sit down,खड़े हो जाना,बैठना
standard,nonstandard,मानक,गैरमानक
stander,sitter,स्टैंडर,घर में रहनेवाला
standing,running,खरा,दौड़ना
standing,seated,खरा,आसीन
standing,sitting,खरा,बैठक
staple,unstaple,प्रधान,अनिच्छा
starboard,larboard,जहाज़ का दाहिना पहलू,फिर से ढांकना
starboard,port,जहाज़ का दाहिना पहलू,पत्तन
starchless,starchy,बिना तारे की तरह,माड़ीदार
starchy,starchless,माड़ीदार,बिना तारे की तरह
starless,starry,बिना तारे का,तारों से जड़ा
starry,starless,तारों से जड़ा,बिना तारे का
start,cease,शुरू,रोकना
start,end,शुरू,अंत
start,ending,शुरू,समाप्ति
start,finish,शुरू,खत्म करना
start,finishing,शुरू,परिष्करण
start,halt,शुरू,पड़ाव
start,middle,शुरू,मध्य
start,stop,शुरू,रुकना
start,terminate,शुरू,बर्खास्त
start out,end,शुरु होना,अंत
start out,terminate,शुरु होना,बर्खास्त
start up,stop,चालू होना,रुकना
starting time,end,शुरुआती समय,अंत
starting time,ending,शुरुआती समय,समाप्ति
starting time,middle,शुरुआती समय,मध्य
starve,be full,भूखा,पूर्ण होना
starve,feed,भूखा,खिलाना
starve,give,भूखा,देना
state of war,peace,युद्ध की स्थिति,शांति
statesmanlike,unstatesmanlike,राजनेतापूर्ण,अनैतिकतापूर्ण
statesmanly,unstatesmanlike,राजनेता से,अनैतिकतापूर्ण
stative,active,सख्त,सक्रिय
stative,dynamic,सख्त,गतिशील
stator,rotor,स्टेटर,रोटर
stator,rotor coil,स्टेटर,रोटर कुंडल
stator coil,rotor,स्टेटर कॉइल,रोटर
stator coil,rotor coil,स्टेटर कॉइल,रोटर कुंडल
stay,change,रहना,परिवर्तन
stay,depart,रहना,प्रस्थान करना
stay,move,रहना,कदम
stay,quit,रहना,छोड़ना
stay,take leave,रहना,छुट्टी ले
stay in place,go,जगह पर रहना,जाना
stay in place,locomote,जगह पर रहना,चलना
stay in place,move,जगह पर रहना,कदम
stay in place,travel,जगह पर रहना,यात्रा
stay put,move,यहीं रहो,कदम
steadily,falteringly,तेजी से,भटकते हुए
steadily,uncertainly,तेजी से,अनिश्चितता से
steadily,unsteadily,तेजी से,अनभिज्ञता से
steadiness,ricketiness,स्थिरता,चटनी
steadiness,unsteadiness,स्थिरता,अनैतिकता
steady,falteringly,नियमित,भटकते हुए
steady,uncertainly,नियमित,अनिश्चितता से
steady,unsteadily,नियमित,अनभिज्ञता से
steady,unsteady,नियमित,अनैतिक
steep,gradual,खड़ी,क्रमिक
steepness,gentleness,ढलवाँपन,सौम्यता
steepness,gradualness,ढलवाँपन,क्रमिकता
stemless,caulescent,बिना स्टेम का,डंडीवाला
stemless,cauline,बिना स्टेम का,तने का
stemless,stemmed,बिना स्टेम का,उपजी
stemmed,acaulescent,उपजी,एक प्रकार का
stemmed,stemless,उपजी,बिना स्टेम का
step down,escalate,त्यागपत्र देना,आगे बढ़ाएं
step down,intensify,त्यागपत्र देना,तेज
step down,step up,त्यागपत्र देना,आगे आना
step down,take office,त्यागपत्र देना,काम करना
step on it,dawdle,जल्दी करना,डर्मल
step on it,linger,जल्दी करना,झपकी लेना
step up,de-escalate,आगे आना,पैमाना
step up,step down,आगे आना,त्यागपत्र देना
step up,weaken,आगे आना,कमजोर
step-down,increase,त्यागपत्र देना,बढ़ोतरी
step-down,step-up,त्यागपत्र देना,आगे आना
step-up,decrease,आगे आना,घटाना
step-up,diminution,आगे आना,कमी
step-up,reduction,आगे आना,कमी
step-up,step-down,आगे आना,त्यागपत्र देना
sterile,fertile,बाँझ,उपजाऊ
sterility,fecundity,शूरवीतता,उपजाऊपन
sterility,fertility,शूरवीतता,उपजाऊपन
steroidal,nonsteroidal,स्टेरॉयडल,nonsteroidal
stick,dislodge,चिपकना,जगह देना
stick,free,चिपकना,मुक्त
stick,move,चिपकना,कदम
stick around,move,पास में रहना,कदम
stiff,impotent,अकड़न,नपुंसक
stiffen,loose,ठोस बनाना,ढीला
stiffen,loosen,ठोस बनाना,ढीला
stiffen,relax,ठोस बनाना,आराम करना
stifle,excite,दबाना,उत्तेजित
stifle,stimulate,दबाना,उकसाना
stigmatic,astigmatic,विर्तिका,विदृष्टिक
stigmatism,astigmatism,कलंक,दृष्टिवैषम्य
stigmatism,astigmia,कलंक,वंशज
still,agitate,फिर भी,आंदोलन
still,charge,फिर भी,शुल्क
still,charge up,फिर भी,शुल्क लगाना
still,commove,फिर भी,कदम
still,effervescent,फिर भी,चमकता हुआ
still,excite,फिर भी,उत्तेजित
still,louden,फिर भी,विश्राम कक्ष
still,moving,फिर भी,आगे बढ़ने वाला
still,no longer,फिर भी,अब और नहीं
still,no more,फिर भी,अब और नहीं
still,rouse,फिर भी,जगाना
still,sparkling,फिर भी,शानदार
still,turn on,फिर भी,चालू करो
stillbirth,live birth,स्टीलबर्थ,लाइव जन्म
stillborn infant,liveborn infant,स्टिलबोर्न शिशु,Liveborn infant
stillness,motion,शांति,गति
stimulate,calm,उकसाना,शांत
stimulate,dampen,उकसाना,गीला हो जाना
stimulate,de-energise,उकसाना,डी-एनर्जी
stimulate,de-energize,उकसाना,de-Energize
stimulate,sedate,उकसाना,गंभीर
stimulate,stifle,उकसाना,दबाना
stimulate,tranquilize,उकसाना,शांत होना
stimulate,tranquillise,उकसाना,शांत करना
stimulate,tranquillize,उकसाना,तसल्ली देना
stimulating,unexciting,उत्तेजक,अस्पष्ट
stimulating,unstimulating,उत्तेजक,अयोग्य
stimulative,depressant,प्रोत्साहन,अवसाद
stinginess,generosity,लोभ,उदारता
stinginess,generousness,लोभ,उदारता
stingy,ample,कंजूस,प्रचुर
stingy,generous,कंजूस,उदार
stinky,fragrant,बदबूदार,सुगंधित
stirred,unaffected,हलचल,अप्रभावित
stirred,unmoved,हलचल,स्थिर
stirred,untouched,हलचल,अछूता
stoic,emotional person,उदासीन,भावनात्मक व्यक्ति
stomatous,astomatous,कड़ा,अचूक
stomatous,mouthless,कड़ा,बिना मुंह से
stop,bear on,रुकना,स्म्भालो
stop,begin,रुकना,शुरू
stop,carry on,रुकना,जारी रखो
stop,continuant,रुकना,CONTINUING
stop,continuant consonant,रुकना,सतत व्यंजन
stop,continue,रुकना,जारी रखना
stop,get going,रुकना,जाने देना
stop,go,रुकना,जाना
stop,preserve,रुकना,संरक्षित करना
stop,start,रुकना,शुरू
stop,start up,रुकना,चालू होना
stop,uphold,रुकना,कायम रखना
stop consonant,continuant,कदों को रोकना,CONTINUING
stop consonant,continuant consonant,कदों को रोकना,सतत व्यंजन
stoppable,unstoppable,रुकने योग्य,रुक
stormy,calm,तूफानी,शांत
stoutheartedness,faintheartedness,चुलबुलीपन,निंदनीयता
stoutheartedness,faintness,चुलबुलीपन,ग्लानि
straight,coiled,सीधा,कुंडलित
straight,corrupt,सीधा,भ्रष्ट
straight,crooked,सीधा,कुटिल
straight,curly,सीधा,घुँघराले
straight,curved,सीधा,घुमावदार
straight,curving,सीधा,घुमावदार
straight,indirectly,सीधा,परोक्ष रूप से
straight arrow,liar,सीधा तीर,झूठा
straight arrow,prevaricator,सीधा तीर,प्रिवरिकेटर
straight line,curve,सरल रेखा,वक्र
straight line,curved shape,सरल रेखा,घुमावदार आकार
straight shooter,liar,सीधा शूटर,झूठा
straight shooter,prevaricator,सीधा शूटर,प्रिवरिकेटर
straight ticket,split ticket,सीधा टिकट,विभाजित टिकट
straighten,bend,सीधा,झुकना
straighten,flex,सीधा,मोड़ना
straighten out,entangle,पता लगाना,उलझाना
straighten out,mat,पता लगाना,चटाई
straighten out,snarl,पता लगाना,गिरह
straighten out,tangle,पता लगाना,उलझन
straightness,crookedness,सीधा,कुटिलता
straightness,curliness,सीधा,घुँघरालापन
straightness,indirectness,सीधा,परोक्षता
straightness,waviness,सीधा,लहरातीपन
strain,loosen up,छानना,ढीला करो
strain,make relaxed,छानना,आराम करना
strain,relax,छानना,आराम करना
strain,unlax,छानना,अनलैक्स
strain,unstrain,छानना,अस्वीकार करना
strain,unwind,छानना,खोलना
strange,familiar,अजीब,परिचित
strange,native,अजीब,देशी
strangeness,familiarity,विचित्रता,सुपरिचय
strangeness,nativeness,विचित्रता,नटखट
stranger,acquaintance,अजनबी,जान-पहचान
stranger,friend,अजनबी,दोस्त
strap,unstrap,पट्टा,पेटी उतारना
stratified,unstratified,विभक्त हो गया,अनियंत्रित
stratified language,unstratified language,स्तरीकृत भाषा,अनियंत्रित भाषा
strength,unpersuasiveness,ताकत,असंबद्धता
strength,weak point,ताकत,कमजोर बिंदु
strength,weakness,ताकत,कमजोरी
strengthen,weaken,को मजबूत,कमजोर
strengthening,weakening,को सुदृढ़,कमजोर
stressed,unstressed,पर बल दिया,निर्बल
stretch,contract,खींचना,अनुबंध
stretch,shrink,खींचना,सिकुड़ना
strict,indulgent,कठोर,कृपालु
strike,miss,हड़ताल,याद
string,unstring,डोरी,अयोग्य
strip,apparel,पट्टी,परिधान
strip,clothe,पट्टी,उढ़ाना
strip,dress,पट्टी,पोशाक
strip,enclothe,पट्टी,घेरना
strip,fit out,पट्टी,योजना करना
strip,garb,पट्टी,परिधान
strip,garment,पट्टी,गारमेंट
strip,get dressed,पट्टी,कपड़े पहनो
strip,habilitate,पट्टी,हबील
strip,raiment,पट्टी,दुर्लभ
strip,tog,पट्टी,लिया
strip down,apparel,छीन लेना,परिधान
strip down,clothe,छीन लेना,उढ़ाना
strip down,dress,छीन लेना,पोशाक
strip down,enclothe,छीन लेना,घेरना
strip down,fit out,छीन लेना,योजना करना
strip down,garb,छीन लेना,परिधान
strip down,garment,छीन लेना,गारमेंट
strip down,get dressed,छीन लेना,कपड़े पहनो
strip down,habilitate,छीन लेना,हबील
strip down,raiment,छीन लेना,दुर्लभ
strip down,tog,छीन लेना,लिया
strong,impotent,मज़बूत,नपुंसक
strong,weak,मज़बूत,कमज़ोर
strong point,weak point,मज़बूत बिंदु,कमजोर बिंदु
strong suit,weak point,मजबूत सूट,कमजोर बिंदु
strongly,weakly,दृढ़ता से,दुर्बलता से
structured,unstructured,STRUCTURED,अप्रतिस्थित
stubborn,docile,जिद्दी,विनम्र
stuck,unstuck,अटक गया,अनभिज्ञता
studied,uncontrived,अध्ययन,अनियंत्रित
studied,unstudied,अध्ययन,अशिक्षित
studio,location,STUDIO,जगह
stuff,loosen up,सामग्री,ढीला करो
stuff,unstuff,सामग्री,अनभिज्ञ
stupid,intelligent,मूर्ख,बुद्धिमान
stupid,smart,मूर्ख,बुद्धिमान
stupidity,intelligence,मूर्खता,बुद्धिमत्ता
sturdy,compromising,तगड़ा,समझौता
sturdy,conciliatory,तगड़ा,मिलाप करनेवाला
sturdy,flexible,तगड़ा,लचीला
styleless,fashionable,बिना स्टाइल का,फैशनेबल
styleless,stylish,बिना स्टाइल का,स्टाइलिश
stylish,styleless,स्टाइलिश,बिना स्टाइल का
stylish,unfashionable,स्टाइलिश,अफैशनवाला
stylish,unstylish,स्टाइलिश,अचूक
suasion,dissuasion,उत्तेजना,डिटरेन्स
subartesian,artesian,सब्टर्टेसियन,आर्टीजि़यन
subhuman,superhuman,subhuman,अलौकिक
subjacent,superjacent,आधारभूत,श्रेष्ठ
subject case,oblique,विषय -वस्तु,परोक्ष
subject case,oblique case,विषय -वस्तु,तिरछी बक्से
subjective,nonsubjective,व्यक्तिपरक,निरर्थक
subjective,objective,व्यक्तिपरक,उद्देश्य
subjective,transeunt,व्यक्तिपरक,उत्तीर्ण
subjective,transient,व्यक्तिपरक,क्षणिक
subjectively,objectively,आत्मगत,निष्पक्ष
submergible,nonsubmergible,पनडुब्बी,नॉनबमर्जिबल
submergible,nonsubmersible,पनडुब्बी,निरर्थक
submersible,nonsubmergible,पनडुब्बी,नॉनबमर्जिबल
submersible,nonsubmersible,पनडुब्बी,निरर्थक
submersible,surface ship,पनडुब्बी,सतह का जहाज
submersible warship,surface ship,सबमर्सिबल युद्धपोत,सतह का जहाज
submissive,domineering,विनम्र,घमंडी
subordinate,dominant,अधीनस्थ,प्रमुख
subordinate,independent,अधीनस्थ,स्वतंत्र
subordinate,insubordinate,अधीनस्थ,उद्धत
subordinate,main,अधीनस्थ,मुख्य
subordinating,coordinating,अधीनस्थ,समन्वय
subordinating,coordinative,अधीनस्थ,समन्वय
subordination,insubordination,अधीनता,अवज्ञा
subordinative,coordinating,अधीनस्थ,समन्वय
subordinative,coordinative,अधीनस्थ,समन्वय
subscript,adscript,सबस्क्रिप्ट,विज्ञापन -पत्र
subscript,superior,सबस्क्रिप्ट,बेहतर
subscript,superscript,सबस्क्रिप्ट,ऊपर की ओर लिखा हुआ
subsequence,antecedence,परिणाम को,पूर्वत्व
subsequence,antecedency,परिणाम को,पूर्वानुमान
subsequence,anteriority,परिणाम को,पूर्वकाल
subsequence,precedence,परिणाम को,प्रधानता
subsequence,precedency,परिणाम को,प्रधानता
subsequence,priority,परिणाम को,प्राथमिकता
subsequent,antecedent,बाद का,पूर्वपद
subsequentness,antecedence,बाद में,पूर्वत्व
subsequentness,antecedency,बाद में,पूर्वानुमान
subsequentness,anteriority,बाद में,पूर्वकाल
subsequentness,precedence,बाद में,प्रधानता
subsequentness,precedency,बाद में,प्रधानता
subsequentness,priority,बाद में,प्राथमिकता
subsonic,sonic,सबसोनिक,ध्वनि
subsonic,supersonic,सबसोनिक,पराध्वनिक
subsonic,transonic,सबसोनिक,ट्रांसोनिक
substantial,insubstantial,संतोषजनक,असाध्य
substantial,unreal,संतोषजनक,अवास्तविक
substantial,unsubstantial,संतोषजनक,जिसमें कुछ तत्व न हो
substantiality,insubstantiality,स्थिरता,असंबद्धता
substantialness,insubstantiality,पर्याप्तता,असंबद्धता
substantiate,contradict,सिद्ध करना,खंडन
substantiate,negate,सिद्ध करना,निगेट
substantive,adjective,मूल,विशेषण
substantive,procedural,मूल,ि यात्मक
subsurface,overhead,उपसतह,उपरि
subsurface,surface,उपसतह,सतह
subtract,add,घटाना,जोड़ना
subtract,add together,घटाना,एक साथ जोड़ें
subtraction,addition,घटाव,जोड़ना
subtractive,additive,घटिया,additive
succeed,come before,सफल होना,इससे पहले आओ
succeed,fail,सफल होना,असफल
succeed,go wrong,सफल होना,उल्टा जाओ
succeed,miscarry,सफल होना,असफल होना
succeed,precede,सफल होना,पूर्व में होना
succeeder,failure,सफल,असफलता
succeeder,loser,सफल,परास्त
succeeder,nonstarter,सफल,अखंड
succeeder,unsuccessful person,सफल,असफल व्यक्ति
succeeding,preceding,सफल,के पिछले
success,failure,सफलता,असफलता
success,loser,सफलता,परास्त
success,nonstarter,सफलता,अखंड
success,unsuccessful person,सफलता,असफल व्यक्ति
successful,unsuccessful,सफल,असफल
successfully,unsuccessfully,सफलतापूर्वक,असफल
succumb,come through,मर जाना,के द्वारा आएं
succumb,make it,मर जाना,इसे बनाएं
succumb,pull round,मर जाना,चक्कर लगाना
succumb,pull through,मर जाना,काबू पाना
succumb,survive,मर जाना,जीवित बचना
suck,bottlefeed,चूसना,बॉटल से पिलाना
suckle,bottlefeed,दूध पिलाना,बॉटल से पिलाना
sudden,gradual,अचानक,क्रमिक
suffer,be well,पीड़ित,ठीक रहें
suffer,enjoy,पीड़ित,आनंद लेना
sufficiency,deficiency,प्रचुरता,कमी
sufficiency,inadequacy,प्रचुरता,अनुविता
sufficiency,insufficiency,प्रचुरता,कमी
sufficient,deficient,पर्याप्त,न्यून
sufficient,insufficient,पर्याप्त,नाकाफी
sufficiently,insufficiently,पर्याप्त रूप से,अपर्याप्त
suffix,prefix,प्रत्यय,उपसर्ग
sugarless,sugary,बिना चीनी,मीठा
sugary,nonsweet,मीठा,नॉनविट
sugary,sugarless,मीठा,बिना चीनी
suggest,contraindicate,सुझाव देना,ख़िलाफ़
suitability,ineptness,उपयुक्तता,मूर्खता
suitability,unsuitability,उपयुक्तता,बेईमानी
suitability,unsuitableness,उपयुक्तता,अनिश्चितता
suitableness,ineptness,ओचित्य,मूर्खता
suitableness,unsuitability,ओचित्य,बेईमानी
suitableness,unsuitableness,ओचित्य,अनिश्चितता
suitably,inappropriately,उपयुक्त रूप से,अनुपयुक्त
suitably,unsuitably,उपयुक्त रूप से,बेईमानी से
summer solstice,winter solstice,ग्रीष्म संक्रांति,शीतकालीन अयनांत
summerise,winterise,समरस,विंटरिस
summerise,winterize,समरस,शीतकालीन बनाना
summerize,winterise,समर बनाना,विंटरिस
summerize,winterize,समर बनाना,शीतकालीन बनाना
summery,autumnal,ग्रीष्मकालिन,शरत्काल का
summery,vernal,ग्रीष्मकालिन,वसंती
summery,wintery,ग्रीष्मकालिन,शीत ऋतु
summery,wintry,ग्रीष्मकालिन,सर्दी
sundown,aurora,सूर्यास्त,अरोड़ा
sundown,break of day,सूर्यास्त,दिन का ब्रेक
sundown,break of the day,सूर्यास्त,दिन का ब्रेक
sundown,cockcrow,सूर्यास्त,तड़का
sundown,dawn,सूर्यास्त,भोर
sundown,dawning,सूर्यास्त,डवेनिंग
sundown,daybreak,सूर्यास्त,भोर
sundown,dayspring,सूर्यास्त,तड़का
sundown,first light,सूर्यास्त,पहली बार प्रकाश
sundown,morning,सूर्यास्त,सुबह
sundown,sunrise,सूर्यास्त,सूर्योदय
sundown,sunup,सूर्यास्त,प्रस्तुत करता है
sunniness,rainyness,धूप,बारिश
sunniness,uncheerfulness,धूप,अनभिज्ञता
sunrise,sundown,सूर्योदय,सूर्यास्त
sunrise,sunset,सूर्योदय,सूर्यास्त
sunset,aurora,सूर्यास्त,अरोड़ा
sunset,break of day,सूर्यास्त,दिन का ब्रेक
sunset,break of the day,सूर्यास्त,दिन का ब्रेक
sunset,cockcrow,सूर्यास्त,तड़का
sunset,dawn,सूर्यास्त,भोर
sunset,dawning,सूर्यास्त,डवेनिंग
sunset,daybreak,सूर्यास्त,भोर
sunset,dayspring,सूर्यास्त,तड़का
sunset,first light,सूर्यास्त,पहली बार प्रकाश
sunset,morning,सूर्यास्त,सुबह
sunset,sunrise,सूर्यास्त,सूर्योदय
sunset,sunup,सूर्यास्त,प्रस्तुत करता है
sunshine,uncheerfulness,धूप,अनभिज्ञता
sunup,sundown,प्रस्तुत करता है,सूर्यास्त
sunup,sunset,प्रस्तुत करता है,सूर्यास्त
superficial,profound,सतही,गहरा
superficiality,profoundness,अल्पज्ञता,गहराई
superficiality,profundity,अल्पज्ञता,गहराई
superhuman,subhuman,अलौकिक,subhuman
superior,adscript,बेहतर,विज्ञापन -पत्र
superior,inferior,बेहतर,अवर
superior,subscript,बेहतर,सबस्क्रिप्ट
superiority,inferiority,श्रेष्ठता,हीनता
superiority,low quality,श्रेष्ठता,खराब क्वालिटी
superjacent,subjacent,श्रेष्ठ,आधारभूत
supernal,infernal,दैवी,राक्षसी
supernatural,natural,अलौकिक,प्राकृतिक
superordinate,inferior,उच्चकोटी,अवर
superscript,adscript,ऊपर की ओर लिखा हुआ,विज्ञापन -पत्र
superscript,inferior,ऊपर की ओर लिखा हुआ,अवर
superscript,subscript,ऊपर की ओर लिखा हुआ,सबस्क्रिप्ट
supersonic,sonic,पराध्वनिक,ध्वनि
supersonic,subsonic,पराध्वनिक,सबसोनिक
supersonic,transonic,पराध्वनिक,ट्रांसोनिक
supervised,unsupervised,देखरेख,के चलते किसी
supination,pronation,शराबी,औंधी स्थिति
supply,demand,आपूर्ति,माँग
supply,recall,आपूर्ति,याद करना
support,contradict,सहायता,खंडन
support,negate,सहायता,निगेट
supported,unsupported,का समर्थन किया,असमर्थित
supportive,unsupportive,सहायक,बेईमान
suppressed,publicised,दबा,प्रचारित
suppressed,publicized,दबा,प्रचारित
suppurative,nonsuppurative,पकने वाला,अशिक्षित
supra,below,ऊपर अर्थ का उपसर्ग,नीचे
surcharge,undercharge,अधिभार,हलकी तरफ मुकदमा चलाना
surd,soft,बहरा,कोमल
surd,sonant,बहरा,आवाज़
surd,voiced,बहरा,गूंजनेवाला
sure,incertain,ज़रूर,ढुलमुल
sure,uncertain,ज़रूर,ढुलमुल
sure,unsure,ज़रूर,अनिश्चित
sure thing,precariousness,अवश्य,पराधीनता
sure thing,uncertainness,अवश्य,अनिश्चितता
sure thing,uncertainty,अवश्य,अनिश्चितता
surface,overhead,सतह,उपरि
surface,subsurface,सतह,उपसतह
surface mail,air mail,सतह मेल,वायु -मेल
surface ship,submersible,सतह का जहाज,पनडुब्बी
surface ship,submersible warship,सतह का जहाज,सबमर्सिबल युद्धपोत
surface-assimilative,nonadsorbent,सतह-संबंधी,नॉनडसोरबेंट
surface-assimilative,nonadsorptive,सतह-संबंधी,अखंड
surface-to-air,air-to-air,भूतल टू एयर,एयर टू एयर
surface-to-air,air-to-ground,भूतल टू एयर,हवा से जमीन
surface-to-air,air-to-surface,भूतल टू एयर,हवा से सतह
surge,ebb,आवेश,अवनति
surge,ebb away,आवेश,दूर करना
surge,ebb down,आवेश,नीचे गिराना
surge,ebb off,आवेश,बंद करना
surge,ebb out,आवेश,बाहर निकलना
surgical,medical,शल्य चिकित्सा,चिकित्सा
surgical,nonsurgical,शल्य चिकित्सा,निरर्थक
surmountable,insurmountable,जीतने योग्य,दुर्गम
surmountable,unsurmountable,जीतने योग्य,अचूक
surprised,not surprised,हैरान,आश्चर्य नहीं हुआ
surprised,unsurprised,हैरान,अनभिज्ञ
surprising,unsurprising,आश्चर्यजनक,अस्वाभाविक
surprisingness,expectedness,आश्चर्यजनकता,अपेक्षितता
surrender,hold out,समर्पण,प्रतिरोध करना
surrender,resist,समर्पण,प्रतिरोध करना
surrender,stand firm,समर्पण,खड़े हो जाना
surrender,withstand,समर्पण,का सामना
survive,succumb,जीवित बचना,मर जाना
survive,yield,जीवित बचना,उपज
susceptibility,immunity,संवेदनशीलता,रोग प्रतिरोधक क्षमता
susceptibility,unsusceptibility,संवेदनशीलता,असुरक्षितता
susceptible,insusceptible,अतिसंवेदनशील,अयोग्य
susceptible,unsusceptible,अतिसंवेदनशील,असंवेदनशील
susceptibleness,immunity,अतिसंवेदनशीलता,रोग प्रतिरोधक क्षमता
susceptibleness,unsusceptibility,अतिसंवेदनशीलता,असुरक्षितता
suspect,bank,संदिग्ध व्यक्ति,किनारा
suspect,complainant,संदिग्ध व्यक्ति,शिकायत करने वाला
suspect,plaintiff,संदिग्ध व्यक्ति,वादी
suspect,rely,संदिग्ध व्यक्ति,भरोसा करना
suspect,swear,संदिग्ध व्यक्ति,कसम खाना
suspect,trust,संदिग्ध व्यक्ति,विश्वास
suspected,unsuspected,संदिग्ध,पहले से न सोचा
sustain,contradict,बनाए रखना,खंडन
sustain,negate,बनाए रखना,निगेट
swear,distrust,कसम खाना,शक
swear,mistrust,कसम खाना,संदेह
swear,suspect,कसम खाना,संदिग्ध व्यक्ति
sweet,dry,मिठाई,सूखा
sweet,salty,मिठाई,नमकीन
sweet,sour,मिठाई,खट्टा
sweeten,acetify,मीठा,पीड़ा देना
sweeten,acidify,मीठा,अम्ल करना
sweeten,acidulate,मीठा,फजीदार
sweeten,sour,मीठा,खट्टा
sweetness,unpleasantness,मिठास,वैमनस्य
swept,unswept,बह,अनसुना कर देना
swim,go down,तैरना,नीचे जाना
swim,go under,तैरना,के नीचे जाना
swim,settle,तैरना,निपटारा करना
swim,sink,तैरना,डूबना
switch off,switch on,बंद कर देना,चालू करना
switch off,turn on,बंद कर देना,चालू करो
switch on,cut,चालू करना,काटना
switch on,switch off,चालू करना,बंद कर देना
switch on,turn off,चालू करना,बंद करें
switch on,turn out,चालू करना,उपस्थित होना
sworn,unsworn,शपथ ली,अडिग
syllabic,accentual,शब्दांश का,रागानी
syllabic,nonsyllabic,शब्दांश का,निरर्थक
syllabic,quantitative,शब्दांश का,मात्रात्मक
syllabic,unsyllabic,शब्दांश का,अनियंत्रित
symmetric,asymmetric,सममित,असममित
symmetric,asymmetrical,सममित,विषम
symmetrical,asymmetric,सममित,असममित
symmetrical,asymmetrical,सममित,विषम
symmetrically,asymmetrically,संतुलित,विषम
symmetrically,unsymmetrically,संतुलित,असंबद्ध रूप से
symmetricalness,asymmetry,सममितता,विषमता
symmetricalness,dissymmetry,सममितता,अप्रतिसाभ्यता
symmetricalness,imbalance,सममितता,असंतुलन
symmetry,anisotropy,समरूपता,असमदिग्वर्ती होने की दशा
symmetry,asymmetry,समरूपता,विषमता
symmetry,disproportion,समरूपता,विषमता
symmetry,dissymmetry,समरूपता,अप्रतिसाभ्यता
symmetry,imbalance,समरूपता,असंतुलन
sympathetic,unappealing,सहानुभूति,अनाकर्षक
sympathetic,unlikable,सहानुभूति,नापसंद
sympathetic,unlikeable,सहानुभूति,अयोग्य
sympathetic,unsympathetic,सहानुभूति,कुरूप
sympathetically,unsympathetically,सहानुभूतिपूर्वक,असंगत रूप से
sympatric,allopatric,समपैतृक,एलोपेट्रिक
sympatry,allopatry,सहानुभूति,आवास
sync,desynchronise,साथ-साथ करना,विनाश करना
sync,desynchronize,साथ-साथ करना,डिसिंक्रोनाइज़ करना
syncarpous,apocarpous,समन्वित,अपकार
syncategorem,categorem,समन्वय,वर्गीय
syncategorem,categoreme,समन्वय,श्रेणीबद्ध
syncategorematic,categorematic,समन्वय संबंधी,श्रेणीबद्ध
syncategoreme,categorem,समन्वित,वर्गीय
syncategoreme,categoreme,समन्वित,श्रेणीबद्ध
synchronal,asynchronous,सिंक्रोनल,अतुल्यकालिक
synchroneity,asynchronism,समकालिकता,अतृणता
synchroneity,asynchrony,समकालिकता,अत्याचार
synchroneity,desynchronisation,समकालिकता,डिसिंक्रोनिज़ेशन
synchroneity,desynchronization,समकालिकता,DESYNCHRONIZATION
synchroneity,desynchronizing,समकालिकता,डिसिंक्रोनाइज़िंग
synchronic,asynchronous,समकाल का,अतुल्यकालिक
synchronic,diachronic,समकाल का,मधुमक्खी का
synchronic,historical,समकाल का,ऐतिहासिक
synchronicity,asynchronism,समक्रमिकता,अतृणता
synchronicity,asynchrony,समक्रमिकता,अत्याचार
synchronicity,desynchronisation,समक्रमिकता,डिसिंक्रोनिज़ेशन
synchronicity,desynchronization,समक्रमिकता,DESYNCHRONIZATION
synchronicity,desynchronizing,समक्रमिकता,डिसिंक्रोनाइज़िंग
synchronisation,asynchronism,सिंक्रनाइज़ेशन,अतृणता
synchronisation,asynchrony,सिंक्रनाइज़ेशन,अत्याचार
synchronisation,desynchronisation,सिंक्रनाइज़ेशन,डिसिंक्रोनिज़ेशन
synchronisation,desynchronization,सिंक्रनाइज़ेशन,DESYNCHRONIZATION
synchronisation,desynchronizing,सिंक्रनाइज़ेशन,डिसिंक्रोनाइज़िंग
synchronise,desynchronise,सिंक्रनाइज़,विनाश करना
synchronise,desynchronize,सिंक्रनाइज़,डिसिंक्रोनाइज़ करना
synchronism,asynchronism,एक ही समय में अनेक घटनाओं का होना,अतृणता
synchronism,asynchrony,एक ही समय में अनेक घटनाओं का होना,अत्याचार
synchronism,desynchronisation,एक ही समय में अनेक घटनाओं का होना,डिसिंक्रोनिज़ेशन
synchronism,desynchronization,एक ही समय में अनेक घटनाओं का होना,DESYNCHRONIZATION
synchronism,desynchronizing,एक ही समय में अनेक घटनाओं का होना,डिसिंक्रोनाइज़िंग
synchronization,asynchronism,सिंक्रनाइज़ेशन,अतृणता
synchronization,asynchrony,सिंक्रनाइज़ेशन,अत्याचार
synchronization,desynchronisation,सिंक्रनाइज़ेशन,डिसिंक्रोनिज़ेशन
synchronization,desynchronization,सिंक्रनाइज़ेशन,DESYNCHRONIZATION
synchronization,desynchronizing,सिंक्रनाइज़ेशन,डिसिंक्रोनाइज़िंग
synchronize,desynchronise,सिंक्रनाइज़,विनाश करना
synchronize,desynchronize,सिंक्रनाइज़,डिसिंक्रोनाइज़ करना
synchronizing,asynchronism,सिंक्रनाइज़ करना,अतृणता
synchronizing,asynchrony,सिंक्रनाइज़ करना,अत्याचार
synchronizing,desynchronisation,सिंक्रनाइज़ करना,डिसिंक्रोनिज़ेशन
synchronizing,desynchronization,सिंक्रनाइज़ करना,DESYNCHRONIZATION
synchronizing,desynchronizing,सिंक्रनाइज़ करना,डिसिंक्रोनाइज़िंग
synchronous,asynchronous,एक समय का,अतुल्यकालिक
synchronous operation,asynchronous operation,सिंक्रोनस ऑपरेशन,अतुल्यकालिक संचालन
synchrony,asynchronism,synchrony,अतृणता
synchrony,asynchrony,synchrony,अत्याचार
synchrony,desynchronisation,synchrony,डिसिंक्रोनिज़ेशन
synchrony,desynchronization,synchrony,DESYNCHRONIZATION
synchrony,desynchronizing,synchrony,डिसिंक्रोनाइज़िंग
synclinal,anticlinal,सिनक्लिन,एंटीकलाइन
syndetic,asyndetic,सिंडिक,शुष्क
synergist,antagonist,सहकारितावादी,प्रतिपक्षी
synergistic,antagonistic,सहक्रियात्मक,विरोधी
synergistic,incompatible,सहक्रियात्मक,असंगत
synonym,antonym,समानार्थी शब्द,विलोम
synonym,opposite,समानार्थी शब्द,विलोम
synonym,opposite word,समानार्थी शब्द,विपरीत शब्द
synonymous,antonymous,पर्याय,अनिच्छुक
syntagmatic,paradigmatic,वाक्यविन्यास संबंधी,निदर्शनात्मक
synthesis,analysis,संश्लेषण,विश्लेषण
synthesis,analytic thinking,संश्लेषण,विश्लेषणात्मक सोच
synthesise,analyse,संश्लेषण,विश्लेषण करना
synthesise,analyze,संश्लेषण,विश्लेषण करना
synthesise,break down,संश्लेषण,टूट - फूट
synthesise,dissect,संश्लेषण,काटना
synthesise,take apart,संश्लेषण,अलग करना
synthesize,analyse,synthesize,विश्लेषण करना
synthesize,analyze,synthesize,विश्लेषण करना
synthesize,break down,synthesize,टूट - फूट
synthesize,dissect,synthesize,काटना
synthesize,take apart,synthesize,अलग करना
synthetic,analytic,कृत्रिम,विश्लेषणात्मक
synthetic,analytical,कृत्रिम,विश्लेषणात्मक
synthetic,uninflected,कृत्रिम,एकत्रित
synthetic thinking,analysis,सिंथेटिक सोच,विश्लेषण
synthetic thinking,analytic thinking,सिंथेटिक सोच,विश्लेषणात्मक सोच
synthetical,analytic,कृत्रिम,विश्लेषणात्मक
synthetical,analytical,कृत्रिम,विश्लेषणात्मक
systematic,unsystematic,व्यवस्थित,बेढ़ंगा
systematically,inconsistently,व्यवस्थित,असंगत
systematically,unsystematically,व्यवस्थित,असंबद्ध रूप से
table d'hote,a la carte,टेबल डी'ओट,ए ला कार्टे
taciturn,voluble,अल्पभाषी,बातूनी
tack,break apart,कील,अलग हुए
tack,break up,कील,टूटना
tack,disassemble,कील,अलग करना
tack,dismantle,कील,नष्ट
tack,take apart,कील,अलग करना
tack together,break apart,एक साथ सौदा करना,अलग हुए
tack together,break up,एक साथ सौदा करना,टूटना
tack together,disassemble,एक साथ सौदा करना,अलग करना
tack together,dismantle,एक साथ सौदा करना,नष्ट
tack together,take apart,एक साथ सौदा करना,अलग करना
tackle,unharness,जूझना,खोलना
tact,tactlessness,चातुर्य,उद्दंडता
tactful,tactless,विनम्र,उद्दंड
tactful,untactful,विनम्र,अचूक
tactfully,tactlessly,चतुराई,चतुराई से
tactfulness,tactlessness,चातुर्य,उद्दंडता
tactless,tactful,उद्दंड,विनम्र
tactlessly,tactfully,चतुराई से,चतुराई
tactlessness,tact,उद्दंडता,चातुर्य
tactlessness,tactfulness,उद्दंडता,चातुर्य
tagged,unlabeled,चिह्नित,लेबल नहीं किया गया
tagged,unlabelled,चिह्नित,लेबल नहीं किया गया
tagged,untagged,चिह्नित,टैग नहीं किए गए
tail,head,पूँछ,सिर
taint,disinfect,कलंक,कीटाणुरहित
take,abstain,लेना,बचना
take,decline,लेना,गिरावट
take,desist,लेना,रोकना
take,disclaim,लेना,छोड़ना
take,eliminate,लेना,हटाना
take,give,लेना,देना
take,obviate,लेना,मुक्त हो जाना
take,pass up,लेना,हाथ से जाने देना
take,refrain,लेना,रोकना
take,refuse,लेना,अस्वीकार करना
take,reject,लेना,अस्वीकार करना
take,rid of,लेना,से छुटकारा
take,turn down,लेना,अस्वीकार करें
take apart,assemble,अलग करना,इकट्ठा
take apart,piece,अलग करना,टुकड़ा
take apart,put together,अलग करना,एक साथ रखा
take apart,set up,अलग करना,स्थापित करना
take apart,synthesise,अलग करना,संश्लेषण
take apart,synthesize,अलग करना,synthesize
take apart,tack,अलग करना,कील
take apart,tack together,अलग करना,एक साथ सौदा करना
take away,add,ले लेना,जोड़ना
take away,bring,ले लेना,लाना
take away,convey,ले लेना,बताना
take away,fetch,ले लेना,लाना
take away,get,ले लेना,पाना
take down,bring up,नीचे करें,ऊपर लाना
take down,elevate,नीचे करें,ऊपर उठाना
take down,erect,नीचे करें,खड़ा करना
take down,get up,नीचे करें,उठना
take down,lift,नीचे करें,उठाना
take down,put up,नीचे करें,उम्मीदवार होना
take down,raise,नीचे करें,उठाना
take down,rear,नीचे करें,पिछला
take down,set up,नीचे करें,स्थापित करना
take hold,let go,पकड़ लो,जाने देना
take hold,let go of,पकड़ लो,जाने देना
take hold,release,पकड़ लो,मुक्त करना
take hold,relinquish,पकड़ लो,त्यागना
take in,abstain,ले लेना,बचना
take in,desist,ले लेना,रोकना
take in,emit,ले लेना,फेंकना
take in,give off,ले लेना,छोड़ना
take in,give out,ले लेना,बांट दें
take in,let out,ले लेना,बाहर निकालना
take in,refrain,ले लेना,रोकना
take in,widen,ले लेना,चौड़ा
take issue,agree,तर्क करना,सहमत
take issue,concord,तर्क करना,CONCORD
take issue,concur,तर्क करना,सहमत होना
take issue,hold,तर्क करना,पकड़ना
take leave,stay,छुट्टी ले,रहना
take off,add,उड़ान भरना,जोड़ना
take off,add together,उड़ान भरना,एक साथ जोड़ें
take office,leave office,काम करना,Office छोड़ें
take office,quit,काम करना,छोड़ना
take office,resign,काम करना,इस्तीफ़ा देना
take office,step down,काम करना,त्यागपत्र देना
take out,add,साथ ले जाएं,जोड़ना
take out,bank,साथ ले जाएं,किनारा
take out,deposit,साथ ले जाएं,जमा
take out,include,साथ ले जाएं,शामिल करना
take out,pack,साथ ले जाएं,सामान बाँधना
take to heart,drop,दिल से ले लो,बूँद
take to heart,leave out,दिल से ले लो,चोर दिया
take to heart,miss,दिल से ले लो,याद
take to heart,neglect,दिल से ले लो,उपेक्षा करना
take to heart,omit,दिल से ले लो,छोड़ देना
take to heart,overleap,दिल से ले लो,अधिक होना
take to heart,overlook,दिल से ले लो,ओवरलुक
take to heart,pretermit,दिल से ले लो,उपेक्षा करना
talented,talentless,प्रतिभाशाली,अनाड़ी
talented,untalented,प्रतिभाशाली,असंबद्ध
talentless,gifted,अनाड़ी,उपहार में दिया
talentless,talented,अनाड़ी,प्रतिभाशाली
talk,keep one's mouth shut,बात करना,मुंह बंद रखना
talk,keep quiet,बात करना,चुप रहो
talk,shut one's mouth,बात करना,मुँह करना
talk into,talk out of,मना लेना,बड - चढ़ कर बातें करना
talk out of,talk into,बड - चढ़ कर बातें करना,मना लेना
tall,little,लंबा,थोड़ा
tall,short,लंबा,छोटा
tallness,shortness,दीर्घता,तकलीफ
tally,disaccord,गणना,अयुक्त
tally,disagree,गणना,असहमत
tally,discord,गणना,कलह
tame,untamed,टेम,अदम्य
tame,wild,टेम,जंगली
tamed,untamed,पालतू,अदम्य
tamed,wild,पालतू,जंगली
tameness,wildness,दब्बूपन,जंगलीपन
tangibility,impalpability,वास्तविकता,अस्पृश्यता
tangibility,intangibility,वास्तविकता,अस्पृश्यता
tangibility,intangibleness,वास्तविकता,अनिश्चितता
tangible,impalpable,मूर्त,अस्पृश्य
tangible,intangible,मूर्त,अमूर्त
tangibleness,impalpability,स्पर्श,अस्पृश्यता
tangibleness,intangibility,स्पर्श,अस्पृश्यता
tangibleness,intangibleness,स्पर्श,अनिश्चितता
tangle,disentangle,उलझन,सुलझाना
tangle,ravel,उलझन,प्रसिद्ध हो जाना
tangle,ravel out,उलझन,रगड़ना
tangle,straighten out,उलझन,पता लगाना
tangle,unknot,उलझन,और बनाओ
tangle,unpick,उलझन,फैलाना
tangle,unravel,उलझन,खंडित
tangle,unscramble,उलझन,खोलना
tangle,unsnarl,उलझन,अस्वाभाविक
tangle,untangle,उलझन,सुलझाना
tangled,untangled,टैंगल्ड,सुलझा हुआ
tanned,untanned,टैन किया हुआ,अनियंत्रित
tape,delete,फीता,मिटाना
tape,erase,फीता,मिटा
taper file,blunt file,टेंपर फ़ाइल,कुंद संचिका
tapped,untapped,उपयोग किया,अप्रयुक्त
tardily,ahead of time,यिलंबपूर्वक,समय से पहले
tardily,apace,यिलंबपूर्वक,झटपट
tardily,chop-chop,यिलंबपूर्वक,चॉप-डॉग
tardily,early,यिलंबपूर्वक,जल्दी
tardily,quickly,यिलंबपूर्वक,जल्दी से
tardily,rapidly,यिलंबपूर्वक,तेज़ी से
tardily,speedily,यिलंबपूर्वक,जल्दी से
tardily,too soon,यिलंबपूर्वक,बहुत जल्द
tardiness,promptness,मंदी,मुस्तैदी
tardiness,punctuality,मंदी,समय की पाबंदी
target program,source program,लक्ष्य कार्यक्रम,स्रोत कार्यक्रम
tasteful,tasteless,सुस्वादु,को फीका
tastefully,tastelessly,सुरुचिपूर्ण ढंग से,नीरसतापूर्वक
tastefulness,tastelessness,स्वादिष्टता,नीरसता
tasteless,tasteful,को फीका,सुस्वादु
tasteless,tasty,को फीका,स्वादिष्ट
tastelessly,tastefully,नीरसतापूर्वक,सुरुचिपूर्ण ढंग से
tastelessly,tastily,नीरसतापूर्वक,स्वादिष्टता से
tastelessness,tastefulness,नीरसता,स्वादिष्टता
tastily,tastelessly,स्वादिष्टता से,नीरसतापूर्वक
tasty,tasteless,स्वादिष्ट,को फीका
tattily,expensively,उग्रता से,बड़ी लागत
tattle,keep one's mouth shut,गपशप,मुंह बंद रखना
tattle,keep quiet,गपशप,चुप रहो
tattle,shut one's mouth,गपशप,मुँह करना
tautness,looseness,राष्ट्रीयता,ढील
tautness,play,राष्ट्रीयता,खेल
taxable,exempt,कर योग्य,मुक्त करें
taxable,nontaxable,कर योग्य,अयोग्य
tear down,erect,चीथड़े कर दो,खड़ा करना
tear down,put up,चीथड़े कर दो,उम्मीदवार होना
tear down,raise,चीथड़े कर दो,उठाना
tear down,rear,चीथड़े कर दो,पिछला
tear down,set up,चीथड़े कर दो,स्थापित करना
tearful,dry-eyed,शोकाकुल,सूखा
tearful,tearless,शोकाकुल,निर्मम
tearless,tearful,निर्मम,शोकाकुल
technical,nontechnical,तकनीकी,नॉनक्निकल
technical,untechnical,तकनीकी,अनियंत्रित
technophile,technophobe,टेक्नोफाइल,टेक्नोफोब
technophobe,technophile,टेक्नोफोब,टेक्नोफाइल
teemingness,scarceness,टेम्पोरिटी,विरलता
teemingness,scarcity,टेम्पोरिटी,कमी
temperance,intemperance,TEMPERANCE,असंयमीता
temperate,intemperate,शीतोष्ण,असंयमी
tempered,unhardened,टेम्पर्ड,अघोषित
tempered,untempered,टेम्पर्ड,असंस्कारित
temporal,unworldly,लौकिक,अलौकिक
temporalty,clergy,अस्थायीता,पादरियों
temporarily,for good,अस्थायी रूप से,गुड के लिए
temporarily,permanently,अस्थायी रूप से,स्थायी रूप से
temporary,lasting,अस्थायी,तक चलने वाले
temporary,permanent,अस्थायी,स्थायी
tenacious,forgetful,दृढ़,भुलक्कड़
tenacious,short,दृढ़,छोटा
tenacious,unretentive,दृढ़,अयोग्य
tender,tough,नाज़ुक,कठिन
tender,toughened,नाज़ुक,toughened
tense,decompress,तनावग्रस्त,दबाव हटाना
tense,lax,तनावग्रस्त,ढीला
tense,loosen up,तनावग्रस्त,ढीला करो
tense,make relaxed,तनावग्रस्त,आराम करना
tense,relax,तनावग्रस्त,आराम करना
tense,relaxed,तनावग्रस्त,आराम
tense,slow down,तनावग्रस्त,गति कम करो
tense,unbend,तनावग्रस्त,असंतुलित
tense,unlax,तनावग्रस्त,अनलैक्स
tense,unstrain,तनावग्रस्त,अस्वीकार करना
tense,unwind,तनावग्रस्त,खोलना
tense up,decompress,तनाव में आ जाना,दबाव हटाना
tense up,loosen up,तनाव में आ जाना,ढीला करो
tense up,make relaxed,तनाव में आ जाना,आराम करना
tense up,relax,तनाव में आ जाना,आराम करना
tense up,slow down,तनाव में आ जाना,गति कम करो
tense up,unbend,तनाव में आ जाना,असंतुलित
tense up,unlax,तनाव में आ जाना,अनलैक्स
tense up,unstrain,तनाव में आ जाना,अस्वीकार करना
tense up,unwind,तनाव में आ जाना,खोलना
tenuity,thickness,दरिद्रता,मोटाई
terminal,intermediate,टर्मिनल,मध्यवर्ती
terminate,begin,बर्खास्त,शुरू
terminate,commence,बर्खास्त,आरंभ
terminate,employ,बर्खास्त,काम
terminate,engage,बर्खास्त,काम पर लगाना
terminate,get,बर्खास्त,पाना
terminate,get down,बर्खास्त,नीचे उतरो
terminate,hire,बर्खास्त,किराये पर लेना
terminate,lead off,बर्खास्त,लाना
terminate,set about,बर्खास्त,चल पड़ना
terminate,set out,बर्खास्त,प्रस्थान करना
terminate,start,बर्खास्त,शुरू
terminate,start out,बर्खास्त,शुरु होना
terrestrial,amphibious,लौकिक,द्विधा गतिवाला
terrestrial,aquatic,लौकिक,जलीय
territorial,exterritorial,प्रादेशिक,बाहरी
territorial,extraterritorial,प्रादेशिक,राज्यक्षेत्रातीत
territorial,nonterritorial,प्रादेशिक,अपारण संबंधी
territorial waters,high sea,प्रादेशिक जल,उच्च समुद्र
territorial waters,international waters,प्रादेशिक जल,अंतर्राष्ट्रीय जल
terseness,verboseness,तड़पता,क्रिया
terseness,verbosity,तड़पता,शब्दाडंबर
testate,intestate,समाचार पत्र,बिना वसीयतनामा मारा हुआ
text,trade book,मूलपाठ,व्यापार बही
text,trade edition,मूलपाठ,व्यापार संस्करण
text edition,trade book,पाठ संस्करण,व्यापार बही
text edition,trade edition,पाठ संस्करण,व्यापार संस्करण
textbook,trade book,पाठयपुस्तक,व्यापार बही
textbook,trade edition,पाठयपुस्तक,व्यापार संस्करण
thankful,thankless,आभारी,अकृतज्ञ
thankful,ungrateful,आभारी,अहसान फरामोश
thankful,unthankful,आभारी,नमकहराम
thankless,grateful,अकृतज्ञ,आभारी
thankless,thankful,अकृतज्ञ,आभारी
the right way,improperly,सही तरीका,अनुचित
the true,falseness,सच,असत्यता
the true,falsity,सच,असत्यता
theatrical,untheatrical,थियेट्रिकल,अयोग्य
theism,atheism,थेइज़्म,नास्तिकता
theism,godlessness,थेइज़्म,नास्तिकता
thematic,unthematic,विषयगत,अनियंत्रित
then again,on one hand,तो फिर,एक तरफ़
then again,on the one hand,तो फिर,एक ओर
theoretic,empiric,सैद्धांतिक,अनुभवसिद्ध
theoretic,empirical,सैद्धांतिक,प्रयोगसिद्ध
theoretical,applied,सैद्धांतिक,लागू किया हुआ
theoretical,empiric,सैद्धांतिक,अनुभवसिद्ध
theoretical,empirical,सैद्धांतिक,प्रयोगसिद्ध
theoretically,by trial and error,सैद्धांतिक रूप से,परीक्षण और त्रुटि के द्वारा
theoretically,empirically,सैद्धांतिक रूप से,अनुभव
theoretically,through empirical observation,सैद्धांतिक रूप से,अनुभवजन्य अवलोकन के माध्यम से
there,here,वहाँ,यहाँ
there,hither,वहाँ,इधर
thereness,hereness,सुसंगतता,भयावहता
thermal,nonthermal,थर्मल,अस्तित्व संबंधी
thermal reactor,fast reactor,थर्मल रिएक्टर,फास्ट रिएक्टर
thermic,nonthermal,उष्मा सम्बंधी,अस्तित्व संबंधी
thermoplastic,thermoset,थर्माप्लास्टिक,thermoset
thermoplastic,thermosetting,थर्माप्लास्टिक,thermosetting
thermoset,thermoplastic,thermoset,थर्माप्लास्टिक
thermosetting,thermoplastic,thermosetting,थर्माप्लास्टिक
thick,thin,मोटा,पतला
thick,thinly,मोटा,पतले
thicken,thin,और अधिक मोटा होना,पतला
thickly,lightly,घनी,हलकी हलकी
thickly,thin,घनी,पतला
thickly,thinly,घनी,पतले
thickness,slenderness,मोटाई,कमजोरी
thickness,tenuity,मोटाई,दरिद्रता
thickness,thinness,मोटाई,पतलेपन
thin,fat,पतला,मोटा
thin,full,पतला,भरा हुआ
thin,gain,पतला,पाना
thin,inspissate,पतला,निरीक्षण करना
thin,put on,पतला,लगाओ
thin,thick,पतला,मोटा
thin,thicken,पतला,और अधिक मोटा होना
thin,thickly,पतला,घनी
thin person,butterball,पतला व्यक्ति,बटरबॉल
thin person,fat person,पतला व्यक्ति,मोटा
thin person,fatso,पतला व्यक्ति,हमेशा के लिए
thin person,fatty,पतला व्यक्ति,वसायुक्त
thin person,roly-poly,पतला व्यक्ति,रोली पाली
think,blank out,सोचना,ब्लैंक आउट
think,block,सोचना,अवरोध पैदा करना
think,draw a blank,सोचना,रिक्त स्थान
think,forget,सोचना,भूल जाओ
think of,bury,के बारे में सोचें,दफ़नाना
think of,forget,के बारे में सोचें,भूल जाओ
thinkable,unthinkable,मुमकिन,असंभव
thinly,densely,पतले,घनी
thinly,thick,पतले,मोटा
thinly,thickly,पतले,घनी
thinness,avoirdupois,पतलेपन,मोटापन
thinness,blubber,पतलेपन,रोना
thinness,fat,पतलेपन,मोटा
thinness,fatness,पतलेपन,मोटापा
thinness,thickness,पतलेपन,मोटाई
thirsty,hungry,प्यासा,भूखा
thither,here,उधर,यहाँ
thither,hither,उधर,इधर
thoughtful,heedless,विचारमग्न,असावधान
thoughtful,thoughtless,विचारमग्न,अल्हड़
thoughtful,unheeding,विचारमग्न,बेपरवाह
thoughtfully,thoughtlessly,सोच समजकर,बिना सोचे-समझे
thoughtfully,unthinking,सोच समजकर,कल्पनातीत
thoughtfully,unthinkingly,सोच समजकर,अयोग्य ढंग से
thoughtfulness,inconsiderateness,सावधानी,असंगतता
thoughtfulness,inconsideration,सावधानी,असंगति
thoughtfulness,thoughtlessness,सावधानी,अल्हड़ी
thoughtfulness,unthoughtfulness,सावधानी,अयोग्यता
thoughtless,thoughtful,अल्हड़,विचारमग्न
thoughtlessly,thoughtfully,बिना सोचे-समझे,सोच समजकर
thoughtlessness,considerateness,अल्हड़ी,विचार -विमर्श
thoughtlessness,consideration,अल्हड़ी,सोच-विचार
thoughtlessness,thoughtfulness,अल्हड़ी,सावधानी
three-dimensional,linear,तीन आयामी,रेखीय
three-dimensional,one-dimensional,तीन आयामी,एक आयामी
three-dimensional,planar,तीन आयामी,प्लानर
three-dimensional,two-dimensional,तीन आयामी,दो आयामी
three-piece,one-piece,थ्री-पीस,एक टुकड़ा
three-piece,two-piece,थ्री-पीस,दो टुकड़े
thrifty,wasteful,मितव्ययी,अपव्ययी
throne,dethrone,सिंहासन,राज-गद्दी से उतारना
through empirical observation,theoretically,अनुभवजन्य अवलोकन के माध्यम से,सैद्धांतिक रूप से
throw in,enter,अंदर फेंके,प्रवेश करना
throw in,participate,अंदर फेंके,हिस्सा लेना
throw in the towel,enter,हार मान लेना,प्रवेश करना
throw in the towel,participate,हार मान लेना,हिस्सा लेना
throw overboard,arrogate,पनपना,हथियाना
throw overboard,claim,पनपना,दावा
throw overboard,lay claim,पनपना,दावा करना
throw up,keep down,फेंकना,नीचे रखें
thyrotoxicosis,hypothyroidism,थायरोटोक्सीकोसिस,हाइपोथायरायडिज्म
tick over,run,परेशानी करना,दौड़ना
tide,ebb,ज्वार-भाटा,अवनति
tide,ebb away,ज्वार-भाटा,दूर करना
tide,ebb down,ज्वार-भाटा,नीचे गिराना
tide,ebb off,ज्वार-भाटा,बंद करना
tide,ebb out,ज्वार-भाटा,बाहर निकलना
tidiness,messiness,सफ़ाई,गूढ़ता
tidiness,untidiness,सफ़ाई,लापरवाही
tidy,untidy,साफ,लापरवाह
tie,disconnect,बाँधना,डिस्कनेक्ट
tie,unbrace,बाँधना,उछालना
tie,unlace,बाँधना,बंद खोलना
tie,untie,बाँधना,खोल
tie in,decouple,में बाँधो,दसगुणा
tie in,dissociate,में बाँधो,अलग कर देना
tied,unfastened,बंधा हुआ,अनपेक्षित
tied,unlaced,बंधा हुआ,अछूता हुआ
tied,untied,बंधा हुआ,खुला
tight,leaky,कसा हुआ,टपका हुआ
tight,loose,कसा हुआ,ढीला
tight money,easy money,तंग धन,आसानी से कमाया जाने वाला धन
tightening,laxation,कस,जाली
tightening,loosening,कस,ढीला
tightness,dispersion,तंगी,फैलाव
tightness,distribution,तंगी,वितरण
tightness,looseness,तंगी,ढील
tightness,play,तंगी,खेल
timbered,untimbered,लकड़ी का,असंबद्ध
time off,work time,काम या अध्ययन से इतर समय,काम का समय
time to come,past,आने का समय,अतीत
time to come,past times,आने का समय,बीता हुआ समय
time to come,yesteryear,आने का समय,पहल साल
timeliness,inopportuneness,समयबद्धता,असंगतता
timeliness,unseasonableness,समयबद्धता,बेमिसाल
timeliness,untimeliness,समयबद्धता,असंबद्धता
timid,bold,डरपोक,बोल्ड
timid,brave,डरपोक,बहादुर
timid,confident,डरपोक,आत्मविश्वासी
timidity,boldness,कातरता,साहस
timidity,daring,कातरता,साहसी
timidity,hardihood,कातरता,वीरता
timidity,hardiness,कातरता,साहस
timorousness,boldness,समय-समय पर,साहस
timorousness,daring,समय-समय पर,साहसी
timorousness,hardihood,समय-समय पर,वीरता
timorousness,hardiness,समय-समय पर,साहस
tipped,untipped,टिप,Error 500 (Server Error)!!1500.That’s an error.There was an error. Please try again later.That’s all we know.
tipsiness,soberness,चंचलता,स्फटिकता
tipsiness,sobriety,चंचलता,संयम
tire,freshen,थका देना,तरोताजा
tire,interest,थका देना,दिलचस्पी
tire,refresh,थका देना,ताज़ा
tire,refreshen,थका देना,ताज़ा करना
tire out,freshen,थका दो,तरोताजा
tire out,refresh,थका दो,ताज़ा
tire out,refreshen,थका दो,ताज़ा करना
tired,rested,थका हुआ,विश्राम किया
to a greater extent,less,अधिक हद तक,कम
to a greater extent,to a lesser extent,अधिक हद तक,एक हद तक कम करने के लिए
to a higher place,at a lower place,एक उच्च स्थान पर,एक निचले स्थान पर
to a higher place,below,एक उच्च स्थान पर,नीचे
to a higher place,beneath,एक उच्च स्थान पर,नीचे
to a higher place,to a lower place,एक उच्च स्थान पर,एक निचले स्थान पर
to a lesser extent,more,एक हद तक कम करने के लिए,अधिक
to a lesser extent,to a greater extent,एक हद तक कम करने के लिए,अधिक हद तक
to a lower place,above,एक निचले स्थान पर,ऊपर
to a lower place,higher up,एक निचले स्थान पर,ऊंचे
to a lower place,in a higher place,एक निचले स्थान पर,एक उच्च स्थान पर
to a lower place,to a higher place,एक निचले स्थान पर,एक उच्च स्थान पर
to both ears,in one ear,दोनों कानों को,एक कान में
to both ears,monaurally,दोनों कानों को,मोनौर की दृष्टि से
to both ears,to one ear,दोनों कानों को,एक कान तक
to one ear,binaurally,एक कान तक,द्विध्रुवीय रूप से
to one ear,in both ears,एक कान तक,दोनों कानों में
to one ear,to both ears,एक कान तक,दोनों कानों को
to the highest degree,least,उच्चतम डिग्री तक,कम से कम
to the highest degree,to the lowest degree,उच्चतम डिग्री तक,सबसे कम डिग्री तक
to the lowest degree,most,सबसे कम डिग्री तक,अधिकांश
to the lowest degree,to the highest degree,सबसे कम डिग्री तक,उच्चतम डिग्री तक
toadstool,mushroom,सॉप की छतरी,मशरूम
tobacco user,nonsmoker,तंबाकू उपयोगकर्ता,अशिक्षित
toed,toeless,पंजे,बेईमान
toeless,toed,बेईमान,पंजे
tog,discase,लिया,निंदा करना
tog,disrobe,लिया,नंगा करना
tog,peel,लिया,छीलना
tog,strip,लिया,पट्टी
tog,strip down,लिया,छीन लेना
tog,uncase,लिया,खोल देना
tog,unclothe,लिया,पोशाक उतार लेना
tog,undress,लिया,घर का कपड़ा
tog out,dress down,टॉग आउट करना,अनौपचारिक कपड़े पहनना
tog out,underdress,टॉग आउट करना,कमज़ोर करना
tog up,dress down,बनाया,अनौपचारिक कपड़े पहनना
tog up,underdress,बनाया,कमज़ोर करना
tolerable,intolerable,संतोषजनक,न सहने योग्य
tolerable,unbearable,संतोषजनक,असहनीय
tolerable,unendurable,संतोषजनक,अयोग्य
tolerably,intolerably,यों ही,असह्य
tolerably,unacceptably,यों ही,अस्वीकार्य
tolerance,intolerance,सहनशीलता,असहिष्णुता
tolerance,restrictiveness,सहनशीलता,प्रतिबंधात्मकता
tolerance,unpermissiveness,सहनशीलता,अयोग्यता
tolerant,intolerant,सहिष्णु,असहिष्णु
tolerantly,intolerantly,सहनशीलतापूर्वक,असहिष्णुता से
tonal,atonal,तानवाला,अटोनल
tonal,unkeyed,तानवाला,अनिच्छुक
tonality,atonalism,रागिनी,अणुवाद
tonality,atonality,रागिनी,अटोल
tone,amyotonia,टोन,अमीनोटोनिया
tone,atonia,टोन,अटोनिया
tone,atonicity,टोन,अटारसता
tone,atony,टोन,टॉवर
toned,toneless,टोंड,बिना टन का
toneless,toned,बिना टन का,टोंड
tongue,artificial language,जीभ,कृत्रिम भाषा
tongued,tongueless,चातुर,जीभ का
tongueless,tongued,जीभ का,चातुर
tonic,atonic,टॉनिक,निर्बल
tonic,unaccented,टॉनिक,निर्बल
tonicity,amyotonia,"सुर, शक्तिप्रदता",अमीनोटोनिया
tonicity,atonia,"सुर, शक्तिप्रदता",अटोनिया
tonicity,atonicity,"सुर, शक्तिप्रदता",अटारसता
tonicity,atony,"सुर, शक्तिप्रदता",टॉवर
tonus,amyotonia,टन,अमीनोटोनिया
tonus,atonia,टन,अटोनिया
tonus,atonicity,टन,अटारसता
tonus,atony,टन,टॉवर
too soon,belatedly,बहुत जल्द,देर से ही सही
too soon,late,बहुत जल्द,देर
too soon,tardily,बहुत जल्द,यिलंबपूर्वक
toothed,toothless,दांतेदार,दंतहीन
toothless,toothed,दंतहीन,दांतेदार
toothsome,unpalatable,मज़ेदार,कड़ा
top,bottom,शीर्ष,तल
top,bottom of the inning,शीर्ष,पारी के नीचे
top,side,शीर्ष,ओर
top of the inning,bottom,पारी के ऊपर,तल
top of the inning,bottom of the inning,पारी के ऊपर,पारी के नीचे
top out,bottom out,ऊँचे से ऊँचा पत्थर लगाकर भवन पूरा करना,नीचे से बाहर
top-down,bottom-up,उपर से नीचे,नीचे की ओर
toper,abstainer,पियक्कड़,परहेजगार
toper,abstinent,पियक्कड़,संयमी
toper,nondrinker,पियक्कड़,नोड्रिंकर
topless,topped,टॉपलेस,सबसे ऊपर
topped,topless,सबसे ऊपर,टॉपलेस
totally,part,पूरी तरह से,भाग
totally,partially,पूरी तरह से,आंशिक रूप से
totally,partly,पूरी तरह से,आंशिक रूप में
touch on,break,स्पर्श करें,तोड़ना
touch on,bust,स्पर्श करें,छाती
touchable,impalpable,महसूस हो सकनेवाला,अस्पृश्य
touchable,intangible,महसूस हो सकनेवाला,अमूर्त
touched,unaffected,छुआ,अप्रभावित
touched,unmoved,छुआ,स्थिर
touched,untouched,छुआ,अछूता
tough,tender,कठिन,नाज़ुक
tough,untoughened,कठिन,अछूता हुआ
tough luck,good fortune,दुर्भाग्य,शुभ भविष्य
tough luck,good luck,दुर्भाग्य,आपको कामयाबी मिले
tough luck,luckiness,दुर्भाग्य,सौभाग्य
toughened,tender,toughened,नाज़ुक
toughened,unhardened,toughened,अघोषित
toughened,untempered,toughened,असंस्कारित
toughened,untoughened,toughened,अछूता हुआ
toxic,atoxic,विषाक्त,अटॉक्सिक
toxic,nontoxic,विषाक्त,नॉनटॉक्सिक
traceable,untraceable,मिल,अनुसरणीय
trackable,untraceable,ट्रैक करने योग्य,अनुसरणीय
tracked,trackless,ट्रैक,लापता
trackless,tracked,लापता,ट्रैक
tractability,intractability,शिक्षणीयता,अकड़
tractability,intractableness,शिक्षणीयता,अंतरंगता
tractable,intractable,विनयशील,असभ्य
tractableness,intractability,तड़पता,अकड़
tractableness,intractableness,तड़पता,अंतरंगता
trade book,school text,व्यापार बही,विद्यालय पाठ
trade book,schoolbook,व्यापार बही,स्कूल की किताब
trade book,text,व्यापार बही,मूलपाठ
trade book,text edition,व्यापार बही,पाठ संस्करण
trade book,textbook,व्यापार बही,पाठयपुस्तक
trade edition,school text,व्यापार संस्करण,विद्यालय पाठ
trade edition,schoolbook,व्यापार संस्करण,स्कूल की किताब
trade edition,text,व्यापार संस्करण,मूलपाठ
trade edition,text edition,व्यापार संस्करण,पाठ संस्करण
trade edition,textbook,व्यापार संस्करण,पाठयपुस्तक
traditional,nontraditional,परंपरागत,गैर-पारंपरिक
traditional,untraditional,परंपरागत,अनियंत्रित
tragedy,comedy,त्रासदी,कॉमेडी
trained,untrained,प्रशिक्षित,अशिक्षित
tramontane,cismontane,परदेशी,सिस्मोंटान
tranquilize,agitate,शांत होना,आंदोलन
tranquilize,arouse,शांत होना,उकसाना
tranquilize,brace,शांत होना,ब्रेस
tranquilize,charge,शांत होना,शुल्क
tranquilize,charge up,शांत होना,शुल्क लगाना
tranquilize,commove,शांत होना,कदम
tranquilize,energise,शांत होना,Energize
tranquilize,energize,शांत होना,Energize
tranquilize,excite,शांत होना,उत्तेजित
tranquilize,perk up,शांत होना,गर्वीला
tranquilize,rouse,शांत होना,जगाना
tranquilize,stimulate,शांत होना,उकसाना
tranquilize,turn on,शांत होना,चालू करो
tranquillise,agitate,शांत करना,आंदोलन
tranquillise,arouse,शांत करना,उकसाना
tranquillise,brace,शांत करना,ब्रेस
tranquillise,charge,शांत करना,शुल्क
tranquillise,charge up,शांत करना,शुल्क लगाना
tranquillise,commove,शांत करना,कदम
tranquillise,energise,शांत करना,Energize
tranquillise,energize,शांत करना,Energize
tranquillise,excite,शांत करना,उत्तेजित
tranquillise,perk up,शांत करना,गर्वीला
tranquillise,rouse,शांत करना,जगाना
tranquillise,stimulate,शांत करना,उकसाना
tranquillise,turn on,शांत करना,चालू करो
tranquillize,agitate,तसल्ली देना,आंदोलन
tranquillize,arouse,तसल्ली देना,उकसाना
tranquillize,brace,तसल्ली देना,ब्रेस
tranquillize,charge,तसल्ली देना,शुल्क
tranquillize,charge up,तसल्ली देना,शुल्क लगाना
tranquillize,commove,तसल्ली देना,कदम
tranquillize,energise,तसल्ली देना,Energize
tranquillize,energize,तसल्ली देना,Energize
tranquillize,excite,तसल्ली देना,उत्तेजित
tranquillize,perk up,तसल्ली देना,गर्वीला
tranquillize,rouse,तसल्ली देना,जगाना
tranquillize,stimulate,तसल्ली देना,उकसाना
tranquillize,turn on,तसल्ली देना,चालू करो
transeunt,immanent,उत्तीर्ण,निरंतर
transeunt,subjective,उत्तीर्ण,व्यक्तिपरक
transgress,keep,उल्लंघन करना,रखना
transgress,observe,उल्लंघन करना,निरीक्षण
transient,immanent,क्षणिक,निरंतर
transient,subjective,क्षणिक,व्यक्तिपरक
transitive,intransitive,संक्रमण संबंधी,अकर्मक
transitively,intransitively,संक्रामक,अंतरंगता से
transitiveness,intransitiveness,संक्रमणीयता,अंतर्विरोधीयता
transitiveness,intransitivity,संक्रमणीयता,अंतरंगता
transitivise,detransitivise,पारगमन,अव्यवस्था
transitivise,detransitivize,पारगमन,अलग करना
transitivise,intransitivise,पारगमन,अंतरंगता
transitivise,intransitivize,पारगमन,इंट्रान्सिटिव करना
transitivity,intransitiveness,संक्रामिता,अंतर्विरोधीयता
transitivity,intransitivity,संक्रामिता,अंतरंगता
transitivize,detransitivise,पारगमन करना,अव्यवस्था
transitivize,detransitivize,पारगमन करना,अलग करना
transitivize,intransitivise,पारगमन करना,अंतरंगता
transitivize,intransitivize,पारगमन करना,इंट्रान्सिटिव करना
translatable,untranslatable,अनुवाद का लायक़,अनुवाद के लिए अयोग्य
translational,nontranslational,अनुवादकीय,अनिर्णीत
transmontane,cismontane,प्रसारण,सिस्मोंटान
transonic,subsonic,ट्रांसोनिक,सबसोनिक
transonic,supersonic,ट्रांसोनिक,पराध्वनिक
transparence,opacity,पारदर्शिता,अस्पष्टता
transparency,opacity,पारदर्शिता,अस्पष्टता
transport,disenchant,परिवहन,जादू टोने के प्रभाव से छुड़ाना
transport,disillusion,परिवहन,मायूसी
trapezium,parallelogram,समलंब,चतुर्भुज
travel,stay in place,यात्रा,जगह पर रहना
traveled,untraveled,कूच,अयोग्य
traveled,untravelled,कूच,यात्रा नहीं किए गए
treated,unhardened,इलाज,अघोषित
treated,untempered,इलाज,असंस्कारित
treated,untreated,इलाज,अनुपचारित
tree-living,nonarboreal,पेड़ में रहने वाले,नॉनबोरियल
treeless,wooded,वृक्षों के विना,जंगली
tribalisation,detribalisation,आदिवासीकरण,घनत्व
tribalisation,detribalization,आदिवासीकरण,घनत्व
tribalization,detribalisation,आदिवासी,घनत्व
tribalization,detribalization,आदिवासी,घनत्व
tributary,distributary,सहायक नदी,शाखा
trick out,dress down,चकमा देना,अनौपचारिक कपड़े पहनना
trick out,underdress,चकमा देना,कमज़ोर करना
trick up,dress down,चकमा देना,अनौपचारिक कपड़े पहनना
trick up,underdress,चकमा देना,कमज़ोर करना
triclinic,monoclinic,ट्राइक्लिनिनिक,मोनोक्लिनिनिक
trimmed,uncut,छंटनी,काटा हुआ नहीं
trimmed,untrimmed,छंटनी,अप्रत्याशित
trinuclear,binuclear,त्रिन्यूक्लियर,बिन्यूक्लियर
trinuclear,binucleate,त्रिन्यूक्लियर,बिन्यूक्लेट
trinuclear,binucleated,त्रिन्यूक्लियर,बिन्यूक्लेटेड
trinuclear,mononuclear,त्रिन्यूक्लियर,mononuclear
trinuclear,mononucleate,त्रिन्यूक्लियर,मोनोन्यूक्लेट
trinucleate,binuclear,त्रिन्यूक्लेट,बिन्यूक्लियर
trinucleate,binucleate,त्रिन्यूक्लेट,बिन्यूक्लेट
trinucleate,binucleated,त्रिन्यूक्लेट,बिन्यूक्लेटेड
trinucleate,mononuclear,त्रिन्यूक्लेट,mononuclear
trinucleate,mononucleate,त्रिन्यूक्लेट,मोनोन्यूक्लेट
trinucleated,binuclear,त्रिनुचुलाया हुआ,बिन्यूक्लियर
trinucleated,binucleate,त्रिनुचुलाया हुआ,बिन्यूक्लेट
trinucleated,binucleated,त्रिनुचुलाया हुआ,बिन्यूक्लेटेड
trinucleated,mononuclear,त्रिनुचुलाया हुआ,mononuclear
trinucleated,mononucleate,त्रिनुचुलाया हुआ,मोनोन्यूक्लेट
triumph,defeat,विजयोल्लास,हराना
triumph,licking,विजयोल्लास,चाट
troubled,untroubled,परेशान,बेपरवाह
true,false,सत्य,असत्य
true,untruthful,सत्य,बेईमान
true statement,falsehood,सत्य कथन,झूठ
true statement,falsity,सत्य कथन,असत्यता
true statement,untruth,सत्य कथन,बेईमानी
true-false,multiple-choice,सच्चा,बहुविकल्पी
trueness,disloyalty,सच्चाई,द्रोह
trueness,falseness,सच्चाई,असत्यता
trueness,falsity,सच्चाई,असत्यता
truly,insincerely,सही मायने में,असंगति से
trust,distrust,विश्वास,शक
trust,distrustfulness,विश्वास,अविश्वास
trust,mistrust,विश्वास,संदेह
trust,suspect,विश्वास,संदिग्ध व्यक्ति
trustful,distrustful,श्रद्धालु,संदिग्धचित्त
trustfully,distrustfully,भरोसे से,बेईमानी से
trustfully,mistrustfully,भरोसे से,अविश्वास से
trustfulness,distrust,विश्वसनीयता,शक
trustfulness,distrustfulness,विश्वसनीयता,अविश्वास
trustfulness,mistrust,विश्वसनीयता,संदेह
trustiness,untrustiness,भक्ति,असत्य
trustiness,untrustworthiness,भक्ति,untrustworthiness
trusting,distrustful,पर भरोसा,संदिग्धचित्त
trustingly,distrustfully,भोला,बेईमानी से
trustingly,mistrustfully,भोला,अविश्वास से
trustingness,distrust,विश्वसनीयता,शक
trustingness,distrustfulness,विश्वसनीयता,अविश्वास
trustingness,mistrust,विश्वसनीयता,संदेह
trustworthiness,untrustiness,विश्वसनीयता,असत्य
trustworthiness,untrustworthiness,विश्वसनीयता,untrustworthiness
trustworthy,untrustworthy,भरोसेमंद,कुटिल
trustworthy,untrusty,भरोसेमंद,अचूक
trusty,untrustworthy,भरोसेमंद,कुटिल
trusty,untrusty,भरोसेमंद,अचूक
truth,falsehood,सच,झूठ
truth,falseness,सच,असत्यता
truth,falsity,सच,असत्यता
truth,inaccuracy,सच,अशुद्धता
truth,untruth,सच,बेईमानी
truthful,untruthful,सत्य,बेईमान
truthfully,mendaciously,सत्य रूप से,शिष्टता से
truthfully,untruthfully,सत्य रूप से,असभ्य रूप से
truthfulness,untruthfulness,सच्चाई,असत्य
tubed,tubeless,टब किया हुआ,ट्यूबलेस
tubeless,tubed,ट्यूबलेस,टब किया हुआ
tucked,untucked,टक किया हुआ,untucked
tune,untune,धुन,उसके दांत
tune up,untune,धुन,उसके दांत
tuneful,tuneless,सुरीला,बेसुरा
tuneful,unmelodious,सुरीला,अनमोल
tuneful,untuneful,सुरीला,असंबद्ध
tunefully,unmelodiously,सुव्यवस्थित रूप से,अनमोल रूप से
tuneless,melodious,बेसुरा,मधुर
tuneless,tuneful,बेसुरा,सुरीला
turn,unbend,मोड़,असंतुलित
turn a loss,break even,एक हानि मचाना,ब्रेक - ईवन
turn a loss,profit,एक हानि मचाना,लाभ
turn a loss,turn a profit,एक हानि मचाना,मुनाफा बारी
turn a profit,break even,मुनाफा बारी,ब्रेक - ईवन
turn a profit,lose,मुनाफा बारी,खोना
turn a profit,turn a loss,मुनाफा बारी,एक हानि मचाना
turn away,admit,लौटाना,स्वीकार करते हैं
turn away,allow in,लौटाना,होने दो
turn away,intromit,लौटाना,अन्त:
turn away,let in,लौटाना,भीतर आएं
turn down,accept,अस्वीकार करें,स्वीकार करना
turn down,admit,अस्वीकार करें,स्वीकार करते हैं
turn down,allow in,अस्वीकार करें,होने दो
turn down,have,अस्वीकार करें,पास होना
turn down,intromit,अस्वीकार करें,अन्त:
turn down,let in,अस्वीकार करें,भीतर आएं
turn down,take,अस्वीकार करें,लेना
turn in,arise,अन्दर की ओर मोड़ना,उठना
turn in,get up,अन्दर की ओर मोड़ना,उठना
turn in,rise,अन्दर की ओर मोड़ना,उठना
turn in,turn out,अन्दर की ओर मोड़ना,उपस्थित होना
turn in,uprise,अन्दर की ओर मोड़ना,असुरक्षित
turn off,switch on,बंद करें,चालू करना
turn off,turn on,बंद करें,चालू करो
turn on,calm,चालू करो,शांत
turn on,calm down,चालू करो,शांत हो
turn on,cut,चालू करो,काटना
turn on,lull,चालू करो,शांति काल
turn on,quiet,चालू करो,शांत
turn on,quieten,चालू करो,शांत होना
turn on,still,चालू करो,फिर भी
turn on,switch off,चालू करो,बंद कर देना
turn on,tranquilize,चालू करो,शांत होना
turn on,tranquillise,चालू करो,शांत करना
turn on,tranquillize,चालू करो,तसल्ली देना
turn on,turn off,चालू करो,बंद करें
turn on,turn out,चालू करो,उपस्थित होना
turn out,bed,उपस्थित होना,बिस्तर
turn out,crawl in,उपस्थित होना,रेंगना
turn out,go to bed,उपस्थित होना,सोने जाओ
turn out,go to sleep,उपस्थित होना,सो जाओ
turn out,hit the hay,उपस्थित होना,घास का मारो
turn out,hit the sack,उपस्थित होना,बोरी को मार
turn out,kip down,उपस्थित होना,झपकी लेना
turn out,retire,उपस्थित होना,रिटायर
turn out,sack out,उपस्थित होना,बोरी से बाहर निकलना
turn out,switch on,उपस्थित होना,चालू करना
turn out,turn in,उपस्थित होना,अन्दर की ओर मोड़ना
turn out,turn on,उपस्थित होना,चालू करो
turn up,open,बढ़ाना,खुला
turn up,spread,बढ़ाना,फैलाना
turn up,spread out,बढ़ाना,छितराया हुआ
turn up,unfold,बढ़ाना,उधेड़ना
turned,unturned,चालू,बेसुरा
twine,unroll,रस्सी,उतारना
twine,untwine,रस्सी,खोल देना
twine,untwist,रस्सी,सुलझाना
twine,unwind,रस्सी,खोलना
twine,wind off,रस्सी,रवाना होना
twist,unbend,मोड़,असंतुलित
twist,untwist,मोड़,सुलझाना
two-dimensional,cubic,दो आयामी,घन
two-dimensional,linear,दो आयामी,रेखीय
two-dimensional,one-dimensional,दो आयामी,एक आयामी
two-dimensional,three-dimensional,दो आयामी,तीन आयामी
two-footed,four-footed,दोपैरवाला,चौपाया
two-footed,quadruped,दोपैरवाला,चौपाया
two-footed,quadrupedal,दोपैरवाला,चौपाया
two-handed,left-handed,दो हाथों से,बाएं हाथ से काम करने वाला
two-handed,right-handed,दो हाथों से,दांए हाथ से काम करने वाला
two-piece,one-piece,दो टुकड़े,एक टुकड़ा
two-piece,three-piece,दो टुकड़े,थ्री-पीस
two-sided,nonreversible,दोस्र्खा,अवांछित
two-sided,one-sided,दोस्र्खा,एकतरफ़ा
two-year,annual,दो साल का,वार्षिक
two-year,one-year,दो साल का,एक वर्ष
two-year,perennial,दो साल का,चिरस्थायी
type,antitype,प्रकार,प्रतिरूप
typewriter font,proportional font,टाइपराइटर फ़ॉन्ट,आनुपातिक फ़ॉन्ट
typical,atypical,ठेठ,अनियमित
typical,untypical,ठेठ,अनियंत्रित
typicality,atypicality,विशिष्टता,असामान्यता
typicality,untypicality,विशिष्टता,अनियंत्रितता
typically,atypically,आम तौर पर,परिक्रमा से
typically,untypically,आम तौर पर,अनिच्छुक रूप से
uglify,beautify,कुरूप कर देना,सुंदर बनाएं
uglify,embellish,कुरूप कर देना,संवारना
uglify,fancify,कुरूप कर देना,रुकना
uglify,prettify,कुरूप कर देना,सँवारना
ugliness,beauty,कुरूपता,सुंदरता
ugly,beautiful,कुरूप,सुंदर
ultimate,proximate,अंतिम,आसन्न
ultra vires,intra vires,अल्ट्रा वाइस,इंट्रा वाइस
unable,able,असमर्थ,योग्य
unabridged,abridged,तमाम,संक्षिप्त
unabused,abused,अयोग्य,दुर्व्यवहार
unabused,ill-treated,अयोग्य,बीमार का इलाज
unabused,maltreated,अयोग्य,कुरूप
unabused,mistreated,अयोग्य,दुर्व्यवहार करना
unaccented,accented,निर्बल,उच्चारण
unaccented,tonic,निर्बल,टॉनिक
unacceptability,acceptability,अस्वीकार्य,स्वीकार्यता
unacceptability,acceptableness,अस्वीकार्य,स्वीकार्यता
unacceptable,acceptable,गवारा नहीं,स्वीकार्य
unacceptableness,acceptability,अस्वीकार्य,स्वीकार्यता
unacceptableness,acceptableness,अस्वीकार्य,स्वीकार्यता
unacceptably,acceptably,अस्वीकार्य,स्वीकार्य
unacceptably,so-so,अस्वीकार्य,इतना तो
unacceptably,tolerably,अस्वीकार्य,यों ही
unaccessible,accessible,अस्वीकार्य,पहुंच योग्य
unaccommodating,accommodating,बिना सुविधा,मिलनसार
unaccommodating,accommodative,बिना सुविधा,उदार
unaccompanied,accompanied,बिना साथी,के साथ
unaccompanied,attended,बिना साथी,उपस्थित हुए
unaccustomed,accustomed,अनभ्यस्त,आदी
unacknowledged,acknowledged,क्षुद्र,स्वीकार किया
unacquisitive,acquisitive,बेकार,प्राप्त करने की लालसावाला
unactable,actable,अविभाज्य,अभिनय करने योग्य
unadaptability,adaptability,असंबद्धता,अनुकूलन क्षमता
unadaptable,adaptable,पहुंच से बाहर का,अनुकूलनीय
unaddicted,addicted,अचूक,आदी
unaddressed,addressed,बिना पते,संबोधित
unadjusted,adjusted,असमायोजित,समायोजित
unadoptable,adoptable,अयोग्य,ग्रहणीय
unadorned,adorned,अनलंकृत,विभूषित
unadorned,decorated,अनलंकृत,सजाया हुआ
unadventurous,adventuresome,अनियंत्रित,हिम्मतवाला
unadventurous,adventurous,अनियंत्रित,साहसी
unadvisable,advisable,अनियंत्रित,उचित
unadvised,advised,अस्वीकरणीय,सलाह दी
unadvised,well-advised,अस्वीकरणीय,होशियार
unaesthetic,aesthetic,असंबद्ध,सौंदर्य संबंधी
unaesthetic,aesthetical,असंबद्ध,aesthetical
unaesthetic,esthetic,असंबद्ध,सौंदर्यशास्र-संबंधी
unaesthetic,esthetical,असंबद्ध,संस्थापक
unaffected,affected,अप्रभावित,प्रभावित
unaffected,moved,अप्रभावित,ले जाया गया
unaffected,stirred,अप्रभावित,हलचल
unaffected,touched,अप्रभावित,छुआ
unaffected,unnatural,अप्रभावित,अस्वाभाविक
unaffectedness,affectedness,अप्रभावितता,प्रभावितता
unaffixed,affixed,अप्रभावित,चिपका हुआ
unafraid,afraid,अभीत,डरना
unafraid,insecure,अभीत,असुरक्षित
unaggressive,aggressive,उकसाना,आक्रामक
unagitated,agitated,असंबद्ध,उत्तेजित
unairworthy,airworthy,अनभिज्ञ,उड़ने योग्य
unalarming,alarming,अनभिज्ञ,खतरनाक
unalert,alert,अनजान,चेतावनी
unalert,watchful,अनजान,चौकन्ना
unalienable,alienable,अहस्तांतरणीय,बदलने के योग्य
unalike,alike,अनलिक,समान रूप से
unalike,like,अनलिक,पसंद
unalike,similar,अनलिक,समान
unalterability,alterability,अयोग्यता,परिवर्तनीयता
unalterable,alterable,निरंतर,परिवर्तन के योग्य
unaltered,altered,स्थिर,बदल
unambiguity,ambiguity,असंबद्धता,अस्पष्टता
unambiguity,equivocalness,असंबद्धता,समानता
unambiguous,ambiguous,स्पष्ट,अस्पष्ट
unambiguous,equivocal,स्पष्ट,गोलमोल
unambiguously,ambiguously,स्पष्ट रूप से,अस्पष्ट
unambiguously,equivocally,स्पष्ट रूप से,समान रूप से
unambitious,ambitious,असंबद्ध,महत्वाकांक्षी
unambitiously,ambitiously,असंबद्धता से,महत्वाकांक्षा
unambitiously,determinedly,असंबद्धता से,कृतसंकल्प
unamended,amended,बेकार,संशोधन
unanalyzed,analyzed,अनहोनी,विश्लेषण
unangry,angry,असभ्य,गुस्सा
unanimated,alive,सर्वसम्मति से,जीवित
unanimated,animated,सर्वसम्मति से,एनिमेटेड
unapologetic,apologetic,अयोग्य,क्षमाशील
unapologetic,excusatory,अयोग्य,क्षम्य
unappealable,appealable,अपील-अयोग्य,अपीलीय
unappealing,appealing,अनाकर्षक,अपील करने वाला
unappealing,likable,अनाकर्षक,दिलकश
unappealing,likeable,अनाकर्षक,दिलकश
unappealing,sympathetic,अनाकर्षक,सहानुभूति
unappealingly,appealingly,अप्रभावी रूप से,अपहरण करते हुए
unappendaged,appendaged,अनपेक्षित,संलग्न
unappetising,appetising,अनपेक्षित,स्वादिष्ट
unappetising,appetizing,अनपेक्षित,स्वादिष्ट
unappetisingness,appetisingness,अनभिज्ञता,क्षुद्रता
unappetisingness,appetizingness,अनभिज्ञता,क्षुद्रता
unappetizing,appetising,न मजेदार,स्वादिष्ट
unappetizing,appetizing,न मजेदार,स्वादिष्ट
unappetizingness,appetisingness,अनभिज्ञता,क्षुद्रता
unappetizingness,appetizingness,अनभिज्ञता,क्षुद्रता
unappreciatively,appreciatively,बेकार,आदरपूर्वक
unappreciatively,gratefully,बेकार,कृतज्ञता से
unapproachability,accessibility,अप्राप्यता,अभिगम्यता
unapproachability,approachability,अप्राप्यता,दृष्टिकोण
unapproachable,approachable,पहुंच से बाहर का,सुलभ
unarbitrary,arbitrary,अनिर्दिष्ट,मनमाना
unargumentative,argumentative,असंबद्ध,विवादपूर्ण
unarmed,armed,निहत्था,सशस्त्र
unarmored,armored,निहत्था,बख़्तरबंद
unarmored,armoured,निहत्था,बख़्तरबंद
unarmoured,armored,निष्ठा से नुकीला,बख़्तरबंद
unarmoured,armoured,निष्ठा से नुकीला,बख़्तरबंद
unarticulate,articulate,अयोग्य,स्पष्ट करना
unarticulated,articulate,अखंड,स्पष्ट करना
unarticulated,articulated,अखंड,जोड़ा हुआ
unascribable,attributable,कुछ रिकॉर्ड,कारण
unashamed,ashamed,बेशरम,शर्मिंदा
unashamedly,ashamedly,unashamedly,अशुद्धि से
unassertive,assertive,निगेटिव,निश्चयात्मक
unassertive,self-asserting,निगेटिव,आत्मसम्मान
unassertive,self-assertive,निगेटिव,अपने ऊपर भरोसा रखनेवाला
unassertively,assertively,बेकार,दृढंता
unassigned,assigned,निर्दिष्ट नहीं किए गए,सौंपा गया
unassisted,aided,बेबस,एडेड
unassisted,assisted,बेबस,असिस्टेड
unattached,attached,स्वाधीन,जुड़ा हुआ
unattached,committed,स्वाधीन,प्रतिबद्ध
unattractive,attractive,बदसूरत,आकर्षक
unattractively,attractively,अनाकर्षक रूप से,आकर्षक
unattractively,beautifully,अनाकर्षक रूप से,खूबसूरती से
unattractiveness,attractiveness,अनायास,आकर्षण
unattributable,attributable,असंबद्ध,कारण
unauthorised,authorised,अनधिकृत,अधिकृत
unauthorised,authorized,अनधिकृत,अधिकृत
unauthorized,authorised,अनधिकृत,अधिकृत
unauthorized,authorized,अनधिकृत,अधिकृत
unavailability,accessibility,अनुपलब्धता,अभिगम्यता
unavailability,availability,अनुपलब्धता,उपलब्धता
unavailability,availableness,अनुपलब्धता,उपलब्धता
unavailability,handiness,अनुपलब्धता,हाथ
unavailable,available,अनुपलब्ध,उपलब्ध
unavenged,avenged,न तामसिक,बदला लिया
unawakened,awakened,आप हो रहे हैं,जागा
unaware,aware,अनजान,जागरूक
unaware,cognisant,अनजान,जानकार
unaware,cognizant,अनजान,जानकार
unawed,awed,अनभिज्ञ,जागृत
unawed,awestricken,अनभिज्ञ,भय से त्रस्त
unawed,awestruck,अनभिज्ञ,अवाक् हो उठे
unbalance,balance,असंतुलित होना,संतुलन
unbalance,equilibrate,असंतुलित होना,संतुलित करना
unbalance,equilibrise,असंतुलित होना,समतुल्य करना
unbalance,equilibrize,असंतुलित होना,संतुलित करना
unbalanced,balanced,असंतुलित,बैलेंस्ड
unbalconied,balconied,असंतुलित,छज्जेवाला
unbanded,banded,अनिच्छुक,झालरवाला
unbaptised,baptised,असंबद्ध,बपतिस्मा
unbaptised,baptized,असंबद्ध,बपतिस्मा
unbaptized,baptised,बपतिस्मा-विहीन,बपतिस्मा
unbaptized,baptized,बपतिस्मा-विहीन,बपतिस्मा
unbar,bar,बरामद करना,छड़
unbarreled,barreled,असंतुलित,बैरल
unbarreled,barrelled,असंतुलित,बैरल
unbarrelled,barreled,असंबद्ध,बैरल
unbarrelled,barrelled,असंबद्ध,बैरल
unbearable,tolerable,असहनीय,संतोषजनक
unbecomingly,decorously,अनभिज्ञता से,सजावट के साथ
unbecomingness,becomingness,अनभिज्ञता,बग़श में
unbelief,belief,नास्तिकता,आस्था
unbelievable,believable,अविश्वसनीय,मुमकिन
unbelievable,credible,अविश्वसनीय,विश्वसनीय
unbelievably,believably,अविश्वसनीय,विश्वासपूर्वक
unbelievably,credibly,अविश्वसनीय,विश्वसनीयता की दृष्टि
unbelievably,plausibly,अविश्वसनीय,अनुग्राह्यतापूर्वक
unbelievably,probably,अविश्वसनीय,शायद
unbelievingly,believingly,अविश्वास से,विश्वासपूर्वक
unbelievingly,credulously,अविश्वास से,विश्वसनीयता से
unbelt,belt,खुल जाना,बेल्ट
unbelted,belted,अछूता,पेटीवाला
unbend,bend,असंतुलित,झुकना
unbend,deform,असंतुलित,ख़राब
unbend,flex,असंतुलित,मोड़ना
unbend,tense,असंतुलित,तनावग्रस्त
unbend,tense up,असंतुलित,तनाव में आ जाना
unbend,turn,असंतुलित,मोड़
unbend,twist,असंतुलित,मोड़
unbeneficed,beneficed,अनभिज्ञ,लाभान्वित
unbind,bind,अनबाइंड,बाँध
unblemished,blemished,मुकम्मल,कलुषित
unblended,blended,अनुचित,मिति
unblock,block,अनब्लॉ,अवरोध पैदा करना
unblock,freeze,अनब्लॉ,जमाना
unblock,immobilise,अनब्लॉ,विस्मरण करना
unblock,immobilize,अनब्लॉ,स्थिर
unbodied,bodied,अनभिज्ञ,शरीर
unbolt,bolt,जल्दी से ले लेना,पेंच
unbordered,bordered,अनियंत्रित,इसकी सीमाएं
unborn,born,आइंदा,जन्म
unbound,bound,अबाध,अवश्यंभावी
unbounded interval,bounded interval,अनबंड अंतराल,तंग अंतराल
unbounded interval,closed interval,अनबंड अंतराल,बंद अंतराल
unboundedness,boundedness,अनभिज्ञता,बधाई
unboundedness,finiteness,अनभिज्ञता,नियत्ता
unboundedness,finitude,अनभिज्ञता,परिमितता
unbox,box,अनहोनी,डिब्बा
unbox,package,अनहोनी,पैकेट
unbrace,bind,उछालना,बाँध
unbrace,tie,उछालना,बाँधना
unbraid,braid,अनिच्छुक,चोटी
unbraid,pleach,अनिच्छुक,प्लेग
unbrainwashed,brainwashed,अनभिज्ञ,brainwashed
unbranded,branded,बिना ब्रांड,ब्रांडेड
unbreakable,breakable,अटूट,भंगुर
unbreakableness,breakableness,अयोग्यता,टूट -फूला
unbridgeable,bridgeable,अटूट,Bridgeable
unbridle,bridle,बेलगाम होना,उछालना
unbroken,broken,अभंग,टूटा हुआ
unbroken,ploughed,अभंग,जोता
unbroken,plowed,अभंग,जोता
unbroken,unkept,अभंग,unkept
unbuckle,buckle,खोलना,हिरन
unbuckle,clasp,खोलना,अकवार
unburden,burden,बोझ उतारना,बोझ
unburden,burthen,बोझ उतारना,बर्थेन
unburden,weight,बोझ उतारना,वज़न
unburden,weight down,बोझ उतारना,वजन घटना
unburdened,burdened,निर्भार,बोझ
unburied,buried,असंबद्ध,दफ़नाया गया
unburied,inhumed,असंबद्ध,अमानवीय
unburied,interred,असंबद्ध,दफनाया
unbutton,button,खोलना,बटन
unbuttoned,buttoned,खुला हुआ,बटन
unbuttoned,fastened,खुला हुआ,जकड़ा हुआ।
uncamphorated,camphorated,अनियंत्रित,कपूर से सना हुआ
uncared-for,cared-for,उपेक्षित,परवाह करने के लिए
uncarpeted,carpeted,अचूक,कालीन
uncarved,carved,अचूक,खुदी हुई
uncarved,carven,अचूक,कारवेन
uncase,apparel,खोल देना,परिधान
uncase,clothe,खोल देना,उढ़ाना
uncase,dress,खोल देना,पोशाक
uncase,enclothe,खोल देना,घेरना
uncase,fit out,खोल देना,योजना करना
uncase,garb,खोल देना,परिधान
uncase,garment,खोल देना,गारमेंट
uncase,get dressed,खोल देना,कपड़े पहनो
uncase,habilitate,खोल देना,हबील
uncase,raiment,खोल देना,दुर्लभ
uncase,tog,खोल देना,लिया
uncastrated,castrated,बेकार,बधिया
uncastrated,unsexed,बेकार,अनियंत्रित
uncaulked,caulked,अनियंत्रित,चालाक
uncensored,censored,बिना सेंसर,सेंसर
unceremoniously,ceremonially,अचूक रूप से,समारोहपूर्वक
unceremoniously,ceremoniously,अचूक रूप से,समारोह
unceremoniousness,ceremoniousness,अचूकता,समन्वय
uncertain,certain,ढुलमुल,निश्चित
uncertain,sealed,ढुलमुल,सील
uncertain,sure,ढुलमुल,ज़रूर
uncertainly,steadily,अनिश्चितता से,तेजी से
uncertainly,steady,अनिश्चितता से,नियमित
uncertainness,certainty,अनिश्चितता,निश्चितता
uncertainness,foregone conclusion,अनिश्चितता,पूर्वनिश्चित फ़ैसला
uncertainness,sure thing,अनिश्चितता,अवश्य
uncertainty,certainty,अनिश्चितता,निश्चितता
uncertainty,foregone conclusion,अनिश्चितता,पूर्वनिश्चित फ़ैसला
uncertainty,sure thing,अनिश्चितता,अवश्य
uncertified,certified,अनिच्छित,प्रमाणित
unchain,chain,मुक्त कर देना,जंजीर
unchangeability,changeability,अपरिवर्तनीयता,चंचलता
unchangeability,changeableness,अपरिवर्तनीयता,चूकना
unchangeable,changeable,अपरिवर्तनीय,अस्थिर
unchangeable,changeful,अपरिवर्तनीय,परिवर्तन से भरा हुआ
unchangeableness,changeability,अपरिवर्तनीयता,चंचलता
unchangeableness,changeableness,अपरिवर्तनीयता,चूकना
unchanged,altered,अपरिवर्तित,बदल
unchanged,changed,अपरिवर्तित,बदले हुए
unchangingness,changeability,अपरिवर्तनीयता,चंचलता
unchangingness,changeableness,अपरिवर्तनीयता,चूकना
uncharacteristic,characteristic,अस्वाभाविक,विशेषता
uncharacteristically,characteristically,अनियंत्रित रूप से,विशेषता से
uncharged,charged,न लगाए गए,आरोप लगाया
uncharitable,charitable,संगदिल,दान देने की
unchartered,chartered,अज्ञात,चार्टर्ड
unchartered,hired,अज्ञात,काम पर रखा
unchartered,leased,अज्ञात,पट्टे पर
unchaste,chaste,मिलावटी,पवित्र
uncheerful,cheerful,अचूक,हंसमुख
uncheerfulness,blitheness,अनभिज्ञता,धमाकेदारता
uncheerfulness,cheer,अनभिज्ञता,खुश करना
uncheerfulness,cheerfulness,अनभिज्ञता,उत्साह
uncheerfulness,sunniness,अनभिज्ञता,धूप
uncheerfulness,sunshine,अनभिज्ञता,धूप
unchivalrously,chivalrously,अचूक रूप से,शिष्टता से
unchivalrously,gallantly,अचूक रूप से,मर्दानी
unchristian,christian,ईसाई धर्म का नहीं,ईसाई
unchurch,communicate,कोसना,बातचीत करना
uncivil,civil,अशिष्ट,नागरिक
uncivil,polite,अशिष्ट,विनम्र
uncivilly,civilly,असभ्य,आदाब से
unclasp,clasp,मुक्त करना,अकवार
unclassified,classified,अवर्गीकृत,वर्गीकृत
uncle,aunt,चाचा,चाची
uncle,auntie,चाचा,चाची
uncle,aunty,चाचा,चाची
unclean,clean,अशुद्ध,साफ
uncleanliness,cleanliness,मालिन्य,स्वच्छता
uncleanness,cleanness,अशुद्धता,पवित्रता
unclear,clear,अस्पष्ट,स्पष्ट
unclear,well-defined,अस्पष्ट,अच्छी तरह से परिभाषित
uncleared,cleared,मिलावटी,को मंजूरी दे दी
unclearness,clarity,असंबद्धता,स्पष्टता
unclearness,clearness,असंबद्धता,स्पष्टता
unclearness,limpidity,असंबद्धता,पारदर्शकता
unclearness,lucidity,असंबद्धता,स्पष्टता
unclearness,lucidness,असंबद्धता,स्पष्टता
unclearness,pellucidity,असंबद्धता,पेलुसीसता
unclimbable,scalable,अलंघ्य,स्केलेबल
unclip,clip,खोलना,क्लिप
unclog,back up,खोलना,वापस करना
unclog,choke,खोलना,चोक
unclog,choke off,खोलना,चोक कर देना
unclog,clog,खोलना,रोकना
unclog,clog up,खोलना,बंद हो गया
unclog,congest,खोलना,अत्यधिक काम देना
unclog,foul,खोलना,गलत नहीं
unclothe,apparel,पोशाक उतार लेना,परिधान
unclothe,clothe,पोशाक उतार लेना,उढ़ाना
unclothe,dress,पोशाक उतार लेना,पोशाक
unclothe,enclothe,पोशाक उतार लेना,घेरना
unclothe,fit out,पोशाक उतार लेना,योजना करना
unclothe,garb,पोशाक उतार लेना,परिधान
unclothe,garment,पोशाक उतार लेना,गारमेंट
unclothe,get dressed,पोशाक उतार लेना,कपड़े पहनो
unclothe,habilitate,पोशाक उतार लेना,हबील
unclothe,raiment,पोशाक उतार लेना,दुर्लभ
unclothe,tog,पोशाक उतार लेना,लिया
unclothed,clad,अनिच्छुक,क्लैड
unclothed,clothed,अनिच्छुक,पहने
uncloudedness,opacity,असंबद्धता,अस्पष्टता
uncloudedness,opaqueness,असंबद्धता,धुँधलापन
unclutter,clutter,को व्यवस्थित करें,अव्यवस्था
unclutter,clutter up,को व्यवस्थित करें,अव्यवस्था करना
unco,commonly,असमान होना,आमतौर
unco,normally,असमान होना,आम तौर पर
unco,ordinarily,असमान होना,आमतौर पर
unco,unremarkably,असमान होना,अचूक रूप से
unco,usually,असमान होना,आम तौर पर
uncoated,coated,अछूता हुआ,लेपित
uncoil,coil,खुलना,कुंडल
uncoil,curl,खुलना,कर्ल
uncoil,loop,खुलना,कुंडली
uncoiled,coiled,अनियंत्रित,कुंडलित
uncollected,collected,अनियंत्रित,एकत्र किया हुआ
uncollected,gathered,अनियंत्रित,इकट्ठा
uncolored,colored,अनियंत्रित,रंगीन
uncolored,colorful,अनियंत्रित,रंगीन
uncolored,coloured,अनियंत्रित,रंगीन
uncoloured,colored,अनिच्छुक,रंगीन
uncoloured,colorful,अनिच्छुक,रंगीन
uncoloured,coloured,अनिच्छुक,रंगीन
uncolumned,columned,अनियंत्रित,स्तंभ का सा
uncombed,combed,अचूक,कंघी
uncombined,combined,असंयुक्त,संयुक्त
uncomfortable,comfortable,असुविधाजनक,आरामदायक
uncomfortable,comfy,असुविधाजनक,आरामदायक
uncomfortableness,comfort,असहजता,आराम
uncomfortableness,comfortableness,असहजता,सुगमता
uncomfortably,comfortably,असुविधाजनक,आराम से
uncommitted,attached,अशुद्ध,जुड़ा हुआ
uncommitted,committed,अशुद्ध,प्रतिबद्ध
uncommon,common,असामान्य,सामान्य
uncommonness,commonness,असामान्यता,मामूल
uncommonness,commonplaceness,असामान्यता,सामान्यता
uncommonness,everydayness,असामान्यता,हर दिन
uncommunicative,communicative,एकांतप्रिय,मिलनसार
uncommunicative,communicatory,एकांतप्रिय,परिचयात्मक
uncommunicativeness,communicativeness,अव्यवस्थितता,बातूनीपनता
uncomparable,comparable,असंबद्ध,तुलनीय
uncomparably,comparably,असंबद्ध रूप से,तुलनात्मक रूप से
uncompartmented,compartmented,असंबद्ध,डिब्बे का
uncompassionate,compassionate,अस्वीकृति,करुणामय
uncomplaining,complaining,अडिग,उपालंभ देना
uncomplaining,complaintive,अडिग,शिकायत करने वाला
uncomplainingly,complainingly,अचूक रूप से,शिकायत करते हुए
uncomplete,complete,अपूर्ण,पूरा
uncomplimentary,complimentary,अपूर्ण,मानार्थ
uncomplimentary,flattering,अपूर्ण,चापलूसी
uncomprehensible,comprehendible,असंबद्ध,समझदार
uncomprehensible,comprehensible,असंबद्ध,सुबोध
uncompress,compact,uncompress,कॉम्पैक्ट
uncompress,compress,uncompress,संकुचित करें
uncompress,pack together,uncompress,एक साथ पैक करना
uncompromising,compromising,सीधा,समझौता
uncompromising,conciliatory,सीधा,मिलाप करनेवाला
uncompromising,flexible,सीधा,लचीला
unconcealed,concealed,साफ़,छुपा हुआ
unconcern,concern,उदासीनता,चिंता
unconcerned,concerned,उदासीन,संबंधित
unconditional,conditional,बिना शर्त,सशर्त
unconditionally,conditionally,बिना शर्त,सशर्त
unconditioned,conditional,असुविधाजनक,सशर्त
unconditioned,conditioned,असुविधाजनक,वातानुकूलित
unconditioned,learned,असुविधाजनक,सीखा
unconfined,confined,असीमित,सीमाबद्ध
unconfirmed,confirmed,अपुष्ट,की पुष्टि
unconformist,conformist,अनियंत्रित,कंफ़मिस्ट
uncongenial,congenial,जन्मजात नहीं,अनुकूल
uncongeniality,congeniality,अनभिज्ञता,आत्मीयता
unconnected,connected,असंबद्ध,जुड़े हुए
unconnectedness,connectedness,असंबद्धता,संयुक्तता
unconnectedness,connection,असंबद्धता,कनेक्शन
unconnectedness,connexion,असंबद्धता,संबंध
unconquerable,conquerable,अजेय,जेय
unconscientious,conscientious,अचूक,कर्तव्यनिष्ठ
unconscientiousness,conscientiousness,अचूक,कर्त्तव्य निष्ठां
unconscientiousness,painstakingness,अचूक,श्रमसाध्यता
unconscious,conscious,अचेत,सचेत
unconsciously,consciously,अनजाने में,जान-बूझकर
unconsciousness,consciousness,बेहोशी,चेतना
unconsolable,consolable,अनियंत्रित,कंसोल करने योग्य
unconstipated,constipated,अनियंत्रित,कब्ज़
unconstitutional,constitutional,असंवैधानिक,संवैधानिक
unconstitutionally,constitutionally,असंवैधानिक,संवैधानिक रूप से
unconstricted,constricted,असंबद्ध,constricted
unconsummated,consummated,अनियंत्रित,भंग करना
uncontaminated,contaminated,पवित्र,दूषित
uncontaminating,contaminating,अनियंत्रित करना,दूषणकारी
uncontaminating,dirty,अनियंत्रित करना,गंदा
uncontested,contested,निर्विरोध,लड़ा हुआ
uncontrived,studied,अनियंत्रित,अध्ययन
uncontrolled,controlled,अनियंत्रित,नियंत्रित
uncontroversial,controversial,अविवादास्पद,विवादित
uncontroversially,controversially,बिना विवाद,विवादास्पद ढंग से
uncontroversially,polemically,बिना विवाद,पावली से
unconventional,conventional,अपरंपरागत,पारंपरिक
unconventionality,convention,असंबद्धता,सम्मेलन
unconventionality,conventionalism,असंबद्धता,अभिसमय
unconventionality,conventionality,असंबद्धता,अभिसमय
unconventionally,conventionally,अपरंपरागत,पारंपरिक
unconvertible,convertible,असंबद्ध,परिवर्तनीय
unconvertible,exchangeable,असंबद्ध,बदलानेवाला
unconvinced,convinced,असहमत,कायल
unconvincing,convincing,दुविधा में पड़ा हुआ,ठोस
unconvincingly,convincingly,असंबद्धता से,आसानी से
uncooperative,cooperative,असहयोगी,को-ऑपरेटिव
uncork,cork,खोल देना,कॉर्क
uncork,cork up,खोल देना,एक प्रकार का होना
uncorrected,corrected,बेकार,संशोधित
uncouple,couple,जुदा करना,युगल
uncouple,couple on,जुदा करना,जोड़ा
uncouple,couple up,जुदा करना,जोड़ा
uncousinly,cousinly,अनिच्छुक रूप से,बिरादरी का
uncover,cover,उजागर,ढकना
uncrannied,crannied,अनियंत्रित,क्रेन्ड
uncrate,crate,अनिच्छुक होना,टोकरा
uncreative,creative,अचूक,रचनात्मक
uncreative,originative,अचूक,रचनात्मक
uncreativeness,creative thinking,अचूकता,रचनात्मक सोच
uncreativeness,creativeness,अचूकता,रचनात्मकता
uncreativeness,creativity,अचूकता,रचनात्मकता
uncritical,critical,हितैषी,गंभीर
uncritically,critically,गैर-आलोचनात्मक,गंभीर
uncross,cross,अनिच्छुक करना,पार करना
uncrossed,crossed,अनिच्छुक,पार
uncrowded,crowded,अनियंत्रित,भीड़-भाड़ वाला
uncrowned,crowned,राज्य-पद से हटाया हुआ,ताज पहनाया
uncrystallised,crystallised,अछूता हुआ,क्रिस्टल-lized
uncrystallised,crystallized,अछूता हुआ,सघन
uncrystallized,crystallised,अछूता हुआ,क्रिस्टल-lized
uncrystallized,crystallized,अछूता हुआ,सघन
uncultivated,cultivated,बीहड़,खेती
uncurtained,curtained,अपंग,पर्दे
uncut,cut,काटा हुआ नहीं,काटना
uncut,mown,काटा हुआ नहीं,मातम
uncut,trimmed,काटा हुआ नहीं,छंटनी
undamaged,damaged,अविभाजित,क्षतिग्रस्त
undatable,datable,undateable,तारीख
undatable,dateable,undateable,अयोग्य
undeceive,betray,अव्यवस्थित करना,धोखा देना
undeceive,deceive,अव्यवस्थित करना,धोखा देना
undeceive,lead astray,अव्यवस्थित करना,भटकना
undecipherably,decipherably,अविभाज्य रूप से,स्पष्ट रूप से
undecipherably,legibly,अविभाज्य रूप से,स्पष्टता से
undecipherably,readably,अविभाज्य रूप से,पठनीय रूप से
undeciphered,deciphered,अविभाजित,मतलब निकाला
undeclared,declared,पहले से न सोचा,घोषित
undecorated,adorned,असज्जित,विभूषित
undecorated,decorated,असज्जित,सजाया हुआ
undedicated,dedicated,अविभाजित,समर्पित
undefeated,defeated,अपराजित,हारा हुआ
undefined,defined,अपरिभाषित,परिभाषित
undelineated,delineate,अविभाजित,चित्रित करना
undelineated,delineated,अविभाजित,चित्रित
undelineated,represented,अविभाजित,का प्रतिनिधित्व किया
undemanding,demanding,उदार,बहुत अपेक्षाएँ रखने वाला
undemocratic,democratic,अजनतंत्रवादी,लोकतांत्रिक
undemocratically,democratically,अवमूल्य रूप से,लोकतांत्रिक ढंग से
undemonstrative,demonstrative,नमूने का नहीं,ठोस
undeniable,deniable,निर्विवाद,अस्वीकार्य
undependability,dependability,परोपकारिता,निर्भरता
undependability,dependableness,परोपकारिता,निर्भरता
undependability,reliability,परोपकारिता,विश्वसनीयता
undependability,reliableness,परोपकारिता,विश्वसनीयता
undependable,dependable,अयोग्य,भरोसे का
undependable,reliable,अयोग्य,भरोसेमंद
undependableness,dependability,परोपकारिता,निर्भरता
undependableness,dependableness,परोपकारिता,निर्भरता
undependableness,reliability,परोपकारिता,विश्वसनीयता
undependableness,reliableness,परोपकारिता,विश्वसनीयता
undependably,dependably,परोपकारिता से,भरोसे के साथ
undependably,faithfully,परोपकारिता से,ईमानदारी से
undependably,reliably,परोपकारिता से,मज़बूती
underachievement,overachievement,कमज़ोरता,अधिकता
underact,ham,कम करना,जांघ
underact,ham it up,कम करना,हैम इट अप
underact,overact,कम करना,बढ़ा-चढ़ाकर बयान करना
underact,overplay,कम करना,ओवरप्ले
underage,major,अवयस्क,प्रमुख
underarm,overarm,कम करना,बख़ोटी
underarm,overhand,कम करना,ओवरहैण्ड
underarm,overhanded,कम करना,उछलना
underbid,outbid,दाम कम कर देना,आगे बढ़ाना
underbid,overbid,दाम कम कर देना,अधिक
undercharge,fleece,हलकी तरफ मुकदमा चलाना,ऊन
undercharge,gazump,हलकी तरफ मुकदमा चलाना,गजप
undercharge,hook,हलकी तरफ मुकदमा चलाना,अंकुश
undercharge,overcharge,हलकी तरफ मुकदमा चलाना,पल्ला झुकना
undercharge,pluck,हलकी तरफ मुकदमा चलाना,साहस
undercharge,plume,हलकी तरफ मुकदमा चलाना,पंख
undercharge,rob,हलकी तरफ मुकदमा चलाना,लूटना
undercharge,soak,हलकी तरफ मुकदमा चलाना,डुबाना
undercharge,surcharge,हलकी तरफ मुकदमा चलाना,अधिभार
underdress,attire,कमज़ोर करना,पोशाक
underdress,deck out,कमज़ोर करना,बाहर निकलना
underdress,deck up,कमज़ोर करना,डेक अप करना
underdress,dress up,कमज़ोर करना,अच्छा कपड़ा पहनना
underdress,fancy up,कमज़ोर करना,फैंस अप
underdress,fig out,कमज़ोर करना,अंजीर
underdress,fig up,कमज़ोर करना,अंजीर
underdress,get up,कमज़ोर करना,उठना
underdress,gussy up,कमज़ोर करना,गपशप करना
underdress,overclothe,कमज़ोर करना,ओवरक्लॉथ
underdress,overdress,कमज़ोर करना,बेहद सजाना
underdress,prink,कमज़ोर करना,सँवारना
underdress,rig out,कमज़ोर करना,सुसज्जित करना
underdress,tog out,कमज़ोर करना,टॉग आउट करना
underdress,tog up,कमज़ोर करना,बनाया
underdress,trick out,कमज़ोर करना,चकमा देना
underdress,trick up,कमज़ोर करना,चकमा देना
underestimate,overestimate,कम समझना,अत्यधिक
underestimate,overrate,कम समझना,उखाड़ना
underestimate,overvalue,कम समझना,डकैती
underexpose,overexpose,अपूर्ण फोटो बनाना,ओवरएक्सपोज करना
undergarment,outer garment,नीचे पहनने के कपड़े,बाहरी परिधान
undergarment,overgarment,नीचे पहनने के कपड़े,ऊबड़ -खाबड़
underhand,overarm,चालाकीपूर्ण,बख़ोटी
underhand,overhand,चालाकीपूर्ण,ओवरहैण्ड
underhand,overhanded,चालाकीपूर्ण,उछलना
underhanded,overarm,गुप्त,बख़ोटी
underhanded,overhand,गुप्त,ओवरहैण्ड
underhanded,overhanded,गुप्त,उछलना
underived,derived,कम,व्युत्पन्न
underpay,overpay,थोड़ा सा वेतन देना,अधिक भुगतान
underplay,ham,कम करना,जांघ
underplay,ham it up,कम करना,हैम इट अप
underplay,overact,कम करना,बढ़ा-चढ़ाकर बयान करना
underplay,overplay,कम करना,ओवरप्ले
underprivileged,privileged,वंचितों,विशेषाधिकार प्राप्त
underrate,overestimate,कम आंकना,अत्यधिक
underrate,overrate,कम आंकना,उखाड़ना
undershoot,overshoot,अंडरशूट,ओवरशूट करना
underspend,overspend,कम करना,अधिक खर्च
understandability,incomprehensibility,understandability,अचिंतनीयता
understandably,unintelligibly,जाहिर है,अनिच्छुक रूप से
understandably,ununderstandably,जाहिर है,अनिश्चित रूप से
understate,amplify,परदा डालना,बढ़ाना
understate,exaggerate,परदा डालना,अतिरंजना करना
understate,hyperbolise,परदा डालना,हाइपरबोलिस
understate,hyperbolize,परदा डालना,हाइपरबोलिंग करना
understate,magnify,परदा डालना,आवर्धक
understate,overdraw,परदा डालना,ओवरड्रॉ
understate,overstate,परदा डालना,परहेज करना
understatement,exaggeration,परदा डालना,अतिशयोक्ति
understatement,magnification,परदा डालना,बढ़ाई
understatement,overstatement,परदा डालना,अतिप्रवाह
understock,overstock,समझना,overstock
understood,ununderstood,समझा,अनियुंडोस्टोड
undervalue,appreciate,कम आंकना,प्रशंसा करना
undervalue,apprise,कम आंकना,सूचना देना
undervalue,apprize,कम आंकना,बतलाना
undervalue,overestimate,कम आंकना,अत्यधिक
undervalue,overvalue,कम आंकना,डकैती
undervalue,revalue,कम आंकना,पुनर्मूल्यांकन
undescriptive,descriptive,अविभाज्य,वर्णनात्मक
undeservedly,deservedly,अयोग्य ढंग से,यथायोग्य
undesigned,designed,नाहक,डिजाइन
undesigned,intentional,नाहक,जान-बूझकर
undesirability,desirability,अवांछनीयता,इच्छा
undesirability,desirableness,अवांछनीयता,वांछनीयता
undesirable,desirable,अवांछनीय,वांछित
undesiring,desirous,अनिर्णीत,इच्छुक
undesiring,wishful,अनिर्णीत,इच्छुक
undesirous,desirous,अवांछित,इच्छुक
undesirous,wishful,अवांछित,इच्छुक
undetected,detected,चल पाता,का पता चला
undeterminable,determinable,आकस्मिक,निर्धार्य
undetermined,determinate,अनपेक्षित,पक्का
undetermined,determined,अनपेक्षित,दृढ़ निश्चय वाला
undeveloped,developed,अविकसित,विकसित
undeveloped,exploited,अविकसित,शोषित
undifferentiated,differentiated,अविभाज्य,विभेदित
undignified,dignified,नालायक,अभिमानी
undiluted,dilute,अनिर्दिष्ट,पतला
undiluted,diluted,अनिर्दिष्ट,पतला
undimmed,dim,अविभाजित,धुंधला
undimmed,dimmed,अविभाजित,मंद हो
undiplomatic,diplomatic,अकूटनैतिक,कूटनीतिक
undiplomatic,diplomatical,अकूटनैतिक,राजनयिक
undiplomatically,diplomatically,अनिच्छुक रूप से,कूटनीतिक
undiscerning,discerning,अविभाज्य,विवेकी
undiscipline,discipline,अनुशासनहीन,अनुशासन
undiscriminating,discriminating,अविभाज्य,भेदभाव
undistinguishable,distinguishable,समाधान के अयोग्य,साफ़
undiversified,diversified,अविभाजित,विविध
undo,do,पूर्ववत,करना
undo,make,पूर्ववत,बनाना
undo,wrap,पूर्ववत,लपेटना
undo,wrap up,पूर्ववत,लपेटें
undock,dock,अनडॉक,गोदी
undocumented,documented,गैर-दस्तावेजी,दस्तावेज
undomestic,domestic,अविभाज्य,घरेलू
undrained,drained,अविभाजित,सूखा हुआ
undramatic,dramatic,अविभाज्य,नाटकीय
undramatically,dramatically,अविभाजित रूप से,नाटकीय रूप से
undress,apparel,घर का कपड़ा,परिधान
undress,clothe,घर का कपड़ा,उढ़ाना
undress,dress,घर का कपड़ा,पोशाक
undress,enclothe,घर का कपड़ा,घेरना
undress,fit out,घर का कपड़ा,योजना करना
undress,garb,घर का कपड़ा,परिधान
undress,garment,घर का कपड़ा,गारमेंट
undress,get dressed,घर का कपड़ा,कपड़े पहनो
undress,habilitate,घर का कपड़ा,हबील
undress,raiment,घर का कपड़ा,दुर्लभ
undress,tog,घर का कपड़ा,लिया
undrinkable,drinkable,आश्चर्य,पीने का
undrinkable,potable,आश्चर्य,पीने योग्य
undue,due,अनुचित,देय
undulatory theory,corpuscular theory,अविभाज्य सिद्धांत,शव -सिद्धांत
undulatory theory,corpuscular theory of light,अविभाज्य सिद्धांत,प्रकाश का सिद्धांत
undynamic,dynamic,अविभाज्य,गतिशील
undynamic,dynamical,अविभाज्य,गतिरोध संबंधी
uneager,eager,एक प्रकार का,आतुर
unearned,earned,काम न करनेवाला,अर्जित
unearned run,earned run,अनर्जित रन,अर्जित रन
uneasy,easy,असहज,आसान
uneasy,relaxing,असहज,आराम
uneasy,reposeful,असहज,टेकनेवाला
uneasy,restful,असहज,RESTful
uneatable,comestible,एक,खाद्य
uneatable,eatable,एक,खाने योग्य
uneatable,edible,एक,खाद्य
unedifying,edifying,अस्वीकार,संपादित करना
unedifying,enlightening,अस्वीकार,शिक्षाप्रद
uneducated,educated,अशिक्षित,शिक्षित
uneffective,effective,असभ्य,असरदार
uneffective,effectual,असभ्य,क्रियाशील
uneffective,efficacious,असभ्य,प्रभावोत्पादक
unemotional,emotional,असंबद्ध,भावनात्मक
unemotional person,emotional person,अयोग्य व्यक्ति,भावनात्मक व्यक्ति
unemotionality,emotionalism,अचूकता,भावनाओं
unemotionality,emotionality,अचूकता,भावावेश
unemotionally,emotionally,असंबद्धता से,भावनात्मक रूप से
unemployable,employable,बेकार,सेवा योग्य
unemployed,employed,बेरोजगार,नियोजित
unemployment,employ,बेरोजगारी,काम
unemployment,employment,बेरोजगारी,रोज़गार
unenclosed,enclosed,अनियंत्रित,संलग्न करना
unencumbered,encumbered,अभारग्रस्त,भारग्रस्त
unendowed,endowed,अचूक,संपन्न
unendurable,tolerable,अयोग्य,संतोषजनक
unenforceable,enforceable,अप्रवर्तनीय,अप्रवर्तीय
unenforced,enforced,अनियंत्रित,से लागू
unenforced,implemented,अनियंत्रित,कार्यान्वित
unenlightened,enlightened,नामालूम,प्रबुद्ध
unenlightening,edifying,अनियंत्रित,संपादित करना
unenlightening,enlightening,अनियंत्रित,शिक्षाप्रद
unenlightening,illuminating,अनियंत्रित,रोशन
unenlightening,informative,अनियंत्रित,जानकारीपूर्ण
unenlightenment,enlightenment,अनन्तिकरण,प्रबोधन
unenlivened,enlivened,अनभिज्ञ,उच्छृंखल
unenrgetic,energetic,अनभिज्ञ,शक्तिशाली
unenterprising,enterprising,रात का,उद्यमी
unenthusiastic,enthusiastic,उत्साहित,उत्साही
unenthusiastically,enthusiastically,अचूक रूप से,उत्साहपूर्वक
unequal,adequate,असमान,पर्याप्त
unequal,equal,असमान,बराबर
unequally,equally,असमान,समान रूप से
unequally,evenly,असमान,के बराबर
unequipped,equipped,अनुचित,लैस
unequipped,equipt,अनुचित,समतुल्य
unequivocal,ambiguous,स्पष्ट,अस्पष्ट
unequivocal,equivocal,स्पष्ट,गोलमोल
unequivocally,ambiguously,स्पष्ट,अस्पष्ट
unequivocally,equivocally,स्पष्ट,समान रूप से
unequivocalness,ambiguity,असमानता,अस्पष्टता
unequivocalness,equivocalness,असमानता,समानता
unerect,erect,अव्यवस्थित,खड़ा करना
unerect,upright,अव्यवस्थित,ईमानदार
unerect,vertical,अव्यवस्थित,खड़ा
unessential,essential,नगण्य,आवश्यक
unestablished,constituted,अनभिज्ञ,गठित
unestablished,established,अनभिज्ञ,स्थापित
unethical,ethical,अनैतिक,नैतिक
unethically,ethically,अनैतिक,नैतिकता की दृष्टि से
uneven,even,असमतल,यहां तक ​​की
unevenly,equally,असमान,समान रूप से
unevenly,evenly,असमान,के बराबर
unevenness,evenness,असमता,एकरूपता
unevenness,invariability,असमता,अचलता
uneventful,eventful,ऊंचा नीचा,घटनेवाला
unexchangeability,exchangeability,अनियंत्रितता,विनिमय योग्यता
unexchangeability,fungibility,अनियंत्रितता,फंग करने की योग्यता
unexchangeability,interchangeability,अनियंत्रितता,परस्पर
unexchangeability,interchangeableness,अनियंत्रितता,परस्पर क्रिया
unexchangeable,convertible,बेवजह,परिवर्तनीय
unexchangeable,exchangeable,बेवजह,बदलानेवाला
unexcitable,excitable,अनपेक्षित,उत्तेजनीय
unexcited,excited,अस्पष्ट,उत्साहित
unexciting,exciting,अस्पष्ट,रोमांचक
unexciting,stimulating,अस्पष्ट,उत्तेजक
unexcitingly,excitingly,अस्पष्ट रूप से,उत्साहपूर्वक
unexhausted,exhausted,अनपेक्षित,थका हुआ
unexhausted,spent,अनपेक्षित,खर्च किया
unexpansive,expansive,अनपेक्षित,प्रशस्त
unexpected,expected,अप्रत्याशित,अपेक्षित
unexpectedly,advisedly,अप्रत्याशित रूप से,समझबूझकर
unexpectedly,by choice,अप्रत्याशित रूप से,मर्जी से
unexpectedly,by design,अप्रत्याशित रूप से,डिजाइन द्वारा
unexpectedly,deliberately,अप्रत्याशित रूप से,जान-बूझकर
unexpectedly,designedly,अप्रत्याशित रूप से,जान-बूझकर
unexpectedly,intentionally,अप्रत्याशित रूप से,जानबूझकर
unexpectedly,on purpose,अप्रत्याशित रूप से,जान - बूझकर
unexpectedly,purposely,अप्रत्याशित रूप से,जानबूझकर
unexpectedness,expectedness,अप्रत्याशित,अपेक्षितता
unexpendable,expendable,अनपेक्षित,उपभोजित
unexpired,expired,असमाप्त,खत्म हो चुका
unexploited,exploited,बेवजह,शोषित
unexplorative,explorative,अस्पष्ट,खोजपूर्ण
unexplorative,exploratory,अस्पष्ट,खोजपूर्ण
unexploratory,explorative,अस्पष्ट,खोजपूर्ण
unexploratory,exploratory,अस्पष्ट,खोजपूर्ण
unexportable,exportable,बेवजह,निर्यात
unexpressible,expressible,अपरिहार्य,व्याख्या योग्य
unextended,extended,अनिर्दिष्ट,विस्तारित
unfaceted,faceted,अपंग,faceted
unfair,fair,अनुचित,गोरा
unfair,just,अनुचित,अभी
unfairly,clean,गलत तरीके से,साफ
unfairly,fair,गलत तरीके से,गोरा
unfairly,fairly,गलत तरीके से,अच्छी तरह से
unfairness,candor,अनौचित्य,स्पष्टवादिता
unfairness,candour,अनौचित्य,CANDOR
unfairness,equity,अनौचित्य,हिस्सेदारी
unfairness,fair-mindedness,अनौचित्य,निष्पक्ष उदारता
unfairness,fairness,अनौचित्य,फेयरनेस
unfaithful,faithful,अनफेथफुल,वफादार
unfaithfully,dependably,विश्वासघात,भरोसे के साथ
unfaithfully,faithfully,विश्वासघात,ईमानदारी से
unfaithfully,reliably,विश्वासघात,मज़बूती
unfaithfulness,faithfulness,अविश्वास,भक्ति
unfaithfulness,fidelity,अविश्वास,निष्ठा
unfamiliar,familiar,अनजान,परिचित
unfamiliarity,familiarity,अलोकप्रियता,सुपरिचय
unfashionable,fashionable,अफैशनवाला,फैशनेबल
unfashionable,stylish,अफैशनवाला,स्टाइलिश
unfashionably,fashionably,अविभाज्य रूप से,फैशनेबल
unfasten,fasten,विलंब करना,जकड़ना
unfasten,fix,विलंब करना,हल करना
unfasten,secure,विलंब करना,सुरक्षित
unfastened,buttoned,अनपेक्षित,बटन
unfastened,closed,अनपेक्षित,बंद किया हुआ
unfastened,fastened,अनपेक्षित,जकड़ा हुआ।
unfastened,shut,अनपेक्षित,बंद
unfastened,tied,अनपेक्षित,बंधा हुआ
unfastened,unopen,अनपेक्षित,अनियंत्रित करना
unfastidious,exacting,अयोग्य,मांग
unfastidious,fastidious,अयोग्य,दुराराध्य
unfathomable,fathomable,अपरिमेय,थाह का
unfathomable,plumbable,अपरिमेय,धब्बा देने योग्य
unfathomable,soundable,अपरिमेय,सुगंधित
unfavorable,favorable,प्रतिकूल,अनुकूल
unfavorable,favourable,प्रतिकूल,अनुकूल
unfavorableness,advantageousness,प्रतिकूलता,लाभप्रदता
unfavorableness,favorableness,प्रतिकूलता,पक्षपात
unfavorableness,favourableness,प्रतिकूलता,अचूकता
unfavorableness,positiveness,प्रतिकूलता,निश्चय
unfavorableness,positivity,प्रतिकूलता,सकारात्मकता
unfavorableness,profitableness,प्रतिकूलता,लाभप्रदता
unfavorably,favorably,प्रतिकूल,कृपापूर्वक
unfavorably,favourably,प्रतिकूल,कृपापूर्वक
unfavourable,favorable,प्रतिकूल,अनुकूल
unfavourable,favourable,प्रतिकूल,अनुकूल
unfavourableness,advantageousness,अपरिचितता,लाभप्रदता
unfavourableness,favorableness,अपरिचितता,पक्षपात
unfavourableness,favourableness,अपरिचितता,अचूकता
unfavourableness,positiveness,अपरिचितता,निश्चय
unfavourableness,positivity,अपरिचितता,सकारात्मकता
unfavourableness,profitableness,अपरिचितता,लाभप्रदता
unfavourably,favorably,प्रतिकूल,कृपापूर्वक
unfavourably,favourably,प्रतिकूल,कृपापूर्वक
unfeasibility,feasibility,अयोग्यता,व्यवहार्यता
unfeasibility,feasibleness,अयोग्यता,दासता
unfeathered,feathered,अनियंत्रित,पंख
unfeelingly,feelingly,बेईमानी से,कृपापूर्वक
unfeignedly,insincerely,अधूरा,असंगति से
unfertile,fertile,अस्वाभाविक,उपजाऊ
unfilled,filled,न भरे गए,भरा हुआ
unfinished,finished,अधूरा,खत्म
unfit,dispose,अयोग्य,निपटान
unfit,fit,अयोग्य,उपयुक्त
unfit,qualify,अयोग्य,अर्हता
unfitness,ability,अयोग्यता,क्षमता
unfitness,fitness,अयोग्यता,उपयुक्तता
unfitness,fittingness,अयोग्यता,प्रतिष्ठितता
unfitness,physical fitness,अयोग्यता,शारीरिक फिटनेस
unfixed,fixed,अधूरा,तय
unflattering,flattering,अनाकर्षक,चापलूसी
unfledged,fledged,पंखहीन,विकसित
unfledged,mature,पंखहीन,परिपक्व
unfocused,focused,विकेन्द्रित,केंद्रित
unfocused,focussed,विकेन्द्रित,ध्यान केंद्रित
unfocussed,focused,अयोग्य,केंद्रित
unfocussed,focussed,अयोग्य,ध्यान केंद्रित
unfold,fold,उधेड़ना,तह करना
unfold,fold up,उधेड़ना,तह करो
unfold,turn up,उधेड़ना,बढ़ाना
unforceful,forceful,असंगत,सशक्त
unforgettable,forgettable,अविस्मरणीय,भूलने योग्य
unforgettably,unmemorably,अविस्मरणीय रूप से,अनमोल रूप से
unforgivably,excusably,अक्षम्य,उत्साहपूर्वक
unforgivably,forgivably,अक्षम्य,माफ करते हुए
unforgivably,pardonably,अक्षम्य,क्षमा कर
unforgiving,forgiving,माफ,दयालु
unforgivingly,forgivingly,अनहोनी से,फफूंदते हुए
unformed,formed,बेडौल,बनाया
unfortunate,auspicious,दुर्भाग्यपूर्ण,शुभ
unfortunate,fortunate,दुर्भाग्यपूर्ण,सौभाग्यशाली
unfortunately,as luck would have it,दुर्भाग्य से,जैसा कि भाग्य होगा
unfortunately,fortuitously,दुर्भाग्य से,अनायास
unfortunately,fortunately,दुर्भाग्य से,सौभाग्य से
unfortunately,luckily,दुर्भाग्य से,सौभाग्य से
unframed,framed,अपरिचित,फंसाया
unfree,free,बेकार कर देना,मुक्त
unfreeze,block,अनफ़्रीज़,अवरोध पैदा करना
unfreeze,freeze,अनफ़्रीज़,जमाना
unfreeze,immobilise,अनफ़्रीज़,विस्मरण करना
unfreeze,immobilize,अनफ़्रीज़,स्थिर
unfretted,fretted,अनिर्दिष्ट,नक्काशीदार
unfriendliness,friendliness,अव्यवस्थितता,मित्रता
unfriendly,friendly,अमित्र,दोस्ताना
unfrozen,frozen,फ़्रीज़,जमा हुआ
unfruitful,fruitful,अनभिज्ञ,उपयोगी
unfueled,fueled,अयोग्य,ईंधन
unfunded,funded,उड़ाऊ,वित्त पोषित
unfurl,roll up,खोलना,जमना
unfurl,wrap up,खोलना,लपेटें
unfurnished,equipped,बिना असबाब,लैस
unfurnished,furnished,बिना असबाब,सुसज्जित
unfurrowed,furrowed,उछालना,फुर्तीला
unfurrowed,rugged,उछालना,बीहड़
ungathered,collected,N'trounded करो,एकत्र किया हुआ
ungathered,gathered,N'trounded करो,इकट्ठा
ungeared,geared,अचूक,गियर
ungenerous,generous,अनभिज्ञ,उदार
unglazed,glassed,अनियंत्रित,कांचदार
unglazed,glazed,अनियंत्रित,चमकता हुआ
unglazed,shiny,अनियंत्रित,चमकदार
ungodliness,godliness,अभक्ति,देवभक्ति
ungracefully,gracefully,अनभिज्ञता से,इनायत से
ungracefully,graciously,अनभिज्ञता से,विनय से
ungracious,gracious,नमकहराम,विनीत
ungraciously,gracefully,असभ्य रूप से,इनायत से
ungraciously,graciously,असभ्य रूप से,विनय से
ungraciousness,graciousness,असभ्यता,कृपा
ungrammatical,grammatical,अव्याकरणिक,व्याकरण
ungrammatical,well-formed,अव्याकरणिक,सुडौल
ungrammatically,grammatically,बिना किसी,व्याकरण की दृष्टि से
ungrateful,grateful,अहसान फरामोश,आभारी
ungrateful,thankful,अहसान फरामोश,आभारी
ungratefully,appreciatively,कट्टरता से,आदरपूर्वक
ungratefully,gratefully,कट्टरता से,कृतज्ञता से
ungratefulness,gratitude,अकृतज्ञता,कृतज्ञता
ungreased,greased,अचूक,तेल
ungreased,lubricated,अचूक,चिकनाई
ungregarious,gregarious,असंबद्ध,झुण्ड में रहनेवाला
ungroomed,groomed,अनियंत्रित,तैयार
ungrudgingly,grudgingly,अपूर्वार से,अनिच्छा से
unguiculate,hoofed,अस्वीकार करना,फुलाया हुआ
unguiculate,hooved,अस्वीकार करना,आंगन
unguiculate,ungulate,अस्वीकार करना,ungulw
unguiculate,ungulated,अस्वीकार करना,अचूक
unguiculated,hoofed,अनियंत्रित,फुलाया हुआ
unguiculated,hooved,अनियंत्रित,आंगन
unguiculated,ungulate,अनियंत्रित,ungulw
unguiculated,ungulated,अनियंत्रित,अचूक
unguided,guided,बिना मार्गदर्शन,गाइडेड
ungulate,unguiculate,ungulw,अस्वीकार करना
ungulate,unguiculated,ungulw,अनियंत्रित
ungulated,unguiculate,अचूक,अस्वीकार करना
ungulated,unguiculated,अचूक,अनियंत्रित
ungusseted,gusseted,अचूक,गूढ़
unhallow,bless,अनहोनी,आशीर्वाद
unhallow,consecrate,अनहोनी,ज्ञान देना
unhallow,hallow,अनहोनी,पवित्र
unhallow,sanctify,अनहोनी,पवित्र
unhallowed,holy,एकरम,पवित्र
unhappily,blithely,दुख,सानंद
unhappily,gayly,दुख,समलैंगिक रूप से
unhappily,happily,दुख,आनंद से
unhappily,jubilantly,दुख,आनंदपूर्वक
unhappily,merrily,दुख,ख़ुशी से
unhappily,mirthfully,दुख,मिर्च से
unhappiness,felicity,नाखुशी,परम सुख
unhappiness,happiness,नाखुशी,ख़ुशी
unhappy,euphoric,अप्रसन्न,जश्न
unhappy,happy,अप्रसन्न,खुश
unhardened,hardened,अघोषित,कठोर
unhardened,tempered,अघोषित,टेम्पर्ड
unhardened,toughened,अघोषित,toughened
unhardened,treated,अघोषित,इलाज
unharmonious,harmonious,बेमेल,सामंजस्यपूर्ण
unharness,harness,खोलना,दोहन
unharness,tackle,खोलना,जूझना
unheaded,headed,अचूक,अध्यक्षता
unhealthful,healthful,अस्वाभाविक,स्वस्थ
unhealthful,sanitary,अस्वाभाविक,सेनेटरी
unhealthfulness,healthfulness,अस्वीकृति,स्वास्थ्यप्रदता
unhealthiness,good health,अस्वास्थ्यकरता,अच्छा स्वास्थ्य
unhealthiness,healthiness,अस्वास्थ्यकरता,स्वास्थ्यवर्धकता
unhealthy,healthy,बीमार,स्वस्थ
unhearable,audible,अनभिज्ञ,सुनाई देने योग्य
unhearable,hearable,अनभिज्ञ,सुगंधित
unheeding,attentive,बेपरवाह,सचेत
unheeding,heedful,बेपरवाह,सावधान
unheeding,paying attention,बेपरवाह,ध्यान देना
unheeding,thoughtful,बेपरवाह,विचारमग्न
unhelpful,helpful,अनुपयोगी,मददगार
unhelpfully,helpfully,अनियंत्रित रूप से,काम आते हुए
unhesitatingly,hesitantly,दृढ़तापूर्वक,हिचहिचाकर
unhesitatingly,hesitatingly,दृढ़तापूर्वक,हिचहिचाकर
unhitch,catch,अनहोनी,पकड़ना
unhitch,hitch,अनहोनी,अड़चन
unholiness,holiness,अपवित्रता,परम पूज्य
unholiness,sanctitude,अपवित्रता,पवित्रता
unholiness,sanctity,अपवित्रता,पवित्रता
unholy,holy,अपवित्र,पवित्र
unhook,hook,घृणाजनक,अंकुश
unhumorous,humorous,अयोग्य,रस लेनेवाला
unhumorous,humourous,अयोग्य,विनोदी
unhurried,hurried,धीरा,जल्दी में हुआ
unhurriedly,hastily,अयोग्य ढंग से,जल्दी से
unhurriedly,hurriedly,अयोग्य ढंग से,हड़बड़ी
unhurriedly,in haste,अयोग्य ढंग से,जल्दबाजी में
unhygienically,hygienically,अनभिज्ञता से,शुचिता
unicameral,bicameral,एक सदनीय,दो खाने का
unidentifiable,identifiable,न पहचाने,पहचान योग्य
unidimensional,multidimensional,एकआयामी,बहुआयामी
unidirectional,bidirectional,दिशाहीन,द्विदिश
unification,disunion,एकीकरण,एकता का अभाव
unification,separation,एकीकरण,पृथक्करण
uniform,differentiated,वर्दी,विभेदित
uniform,multiform,वर्दी,अनेक आकार का
uniformity,nonuniformity,एकरूपता,असंगतता
uniformness,nonuniformity,समानता,असंगतता
unify,break apart,एकता कायम करना,अलग हुए
unify,carve up,एकता कायम करना,बांट लो
unify,dissever,एकता कायम करना,विभाजित कर देना
unify,disunify,एकता कायम करना,अस्वीकार करना
unify,divide,एकता कायम करना,विभाजित करना
unify,separate,एकता कायम करना,अलग
unify,split,एकता कायम करना,विभाजित करना
unify,split up,एकता कायम करना,विभाजित करना
unilateral,many-sided,एक तरफा,बहुमुखी
unilateral,multilateral,एक तरफा,बहुपक्षीय
unilaterally,multilaterally,एकतरफा रूप से,बहुपक्षीय
unilluminating,enlightening,एकतरफा,शिक्षाप्रद
unilluminating,illuminating,एकतरफा,रोशन
unilluminating,informative,एकतरफा,जानकारीपूर्ण
unimaginatively,imaginatively,कल्पनाशीलता के अभाव में,कल्पनाशीलता
unimodal,bimodal,अनिमॉडल,बिमोडल
unimpaired,impaired,अछूता,बिगड़ा
unimportance,importance,अयोग्यता,महत्त्व
unimportant,important,बेकार,महत्वपूर्ण
unimportant,of import,बेकार,आयात
unimportant,significant,बेकार,महत्वपूर्ण
unimpressionable,impressible,अयोग्य,प्रभाव डालने वाला
unimpressionable,impressionable,अयोग्य,प्रभावित
unimpressionable,waxy,अयोग्य,मोमी
unimpressive,impressive,अप्रभावी,प्रभावशाली
unimpressively,imposingly,बेकार,धाक जमाते हुए
unimpressively,impressively,बेकार,प्रभावशाली
unimproved,improved,असंशोधित,उन्नत
uninflected,inflected,एकत्रित,विभक्ति
uninflected,synthetic,एकत्रित,कृत्रिम
uninfluential,influential,असंबद्ध,प्रभावशाली
uninformative,informative,असभ्य,जानकारीपूर्ण
uninformative,informatory,असभ्य,ज्ञान बढ़ाने वाला
uninformatively,informatively,अनभिज्ञता से,सूचनात्मक रूप से
uninformatively,instructively,अनभिज्ञता से,अध्यापक रूप से
uninformed,informed,बेख़बर,सूचित
uninhabited,inhabited,निर्जन,बसे हुए
uninhibited,inhibited,बेहिचक,संकोची
uninitiate,enlightened,एकतरफा,प्रबुद्ध
uninitiate,initiate,एकतरफा,आरंभ करना
uninjectable,injectable,अनियंत्रित,इंजेक्शन
uninjured,injured,रिहाई,घायल
uninquiring,inquiring,एकत्रित करना,जांच का
uninquisitive,inquiring,अनिच्छित,जांच का
uninspiring,inspiring,फीके,प्रेरणादायक
uninstructive,informative,अनभिज्ञ,जानकारीपूर्ण
uninstructive,instructive,अनभिज्ञ,शिक्षाप्रद
uninstructively,informatively,अनभिज्ञता से,सूचनात्मक रूप से
uninstructively,instructively,अनभिज्ञता से,अध्यापक रूप से
uninsurability,insurability,बेवजह,बीमा
uninsured,insured,अपूर्वदृष्ट,बीमा
unintegrated,integrated,अनपेक्षित,एकीकृत
unintelligent,intelligent,मूर्ख,बुद्धिमान
unintelligently,intelligently,अनिच्छुकता से,समझदारी
unintelligibility,intelligibility,अनपेक्षितता,बोधगम्यता
unintelligible,intelligible,अस्पष्ट,सुगम
unintelligibly,clearly,अनिच्छुक रूप से,स्पष्ट रूप से
unintelligibly,intelligibly,अनिच्छुक रूप से,बुद्धिमानी से
unintelligibly,understandably,अनिच्छुक रूप से,जाहिर है
unintended,intended,अनपेक्षित,अभिप्रेत
unintentionally,advisedly,अनजाने,समझबूझकर
unintentionally,by choice,अनजाने,मर्जी से
unintentionally,by design,अनजाने,डिजाइन द्वारा
unintentionally,deliberately,अनजाने,जान-बूझकर
unintentionally,designedly,अनजाने,जान-बूझकर
unintentionally,intentionally,अनजाने,जानबूझकर
unintentionally,on purpose,अनजाने,जान - बूझकर
unintentionally,purposely,अनजाने,जानबूझकर
uninterested,interested,रसहीन,इच्छुक
uninteresting,interesting,रसहीन,दिलचस्प
uninterestingly,interestingly,निर्बाध रूप से,सुहावना होते हुए
uninterestingness,interest,निर्बाधता,दिलचस्पी
uninterestingness,interestingness,निर्बाधता,दिलचस्पता
uninterrupted,discontinuous,निरंतर,टूटनेवाला
uninterrupted,noncontinuous,निरंतर,अखंड
unintrusive,intrusive,एकतरफा,घुसपैठ
uninucleate,multinucleate,अनभिज्ञ,बहुमूलक
uninviting,inviting,आमंत्रण रद्द करने,आमंत्रण
uninvolved,involved,असंबद्ध,शामिल
union,disunion,मिलन,एकता का अभाव
union,nonunion,मिलन,अनन्य
union,separation,मिलन,पृथक्करण
unionised,ionised,संगठित,आयनित
unionised,ionized,संगठित,आयनित
unionized,ionised,संगठित,आयनित
unionized,ionized,संगठित,आयनित
uniparous,multiparous,एकतरफा,बहुतायत
unipolar,bipolar,एकध्रुवीय,द्विध्रुवी
unironed,ironed,अनिर्दिष्ट,इस्त्री
unitary,federal,अमली,संघीय
unite,break apart,एकजुट हो जाओ,अलग हुए
unite,carve up,एकजुट हो जाओ,बांट लो
unite,dissever,एकजुट हो जाओ,विभाजित कर देना
unite,disunify,एकजुट हो जाओ,अस्वीकार करना
unite,divide,एकजुट हो जाओ,विभाजित करना
unite,separate,एकजुट हो जाओ,अलग
unite,split,एकजुट हो जाओ,विभाजित करना
unite,split up,एकजुट हो जाओ,विभाजित करना
united,divided,यूनाइटेड,विभाजित
uniting,disunion,एकजुट,एकता का अभाव
univalent,bivalent,एकतरफा,बीवालेन्त
univalent,double,एकतरफा,दोहरा
univalent,multivalent,एकतरफा,बहुस्तरीय
univalent,polyvalent,एकतरफा,बहुपक्षीय
univalve,bivalve,एक लहर का,दोपटा
univalve,bivalved,एक लहर का,द्विभाजित
universal,particular,सार्वभौमिक,विशिष्ट
universal,particular proposition,सार्वभौमिक,विशेष प्रस्ताव
universal agent,special agent,सार्वभौमिक एजेंट,विशेष एजेंट
universal proposition,particular,सार्वभौमिक प्रस्ताव,विशिष्ट
universal proposition,particular proposition,सार्वभौमिक प्रस्ताव,विशेष प्रस्ताव
univocal,ambiguous,एक प्रकार का,अस्पष्ट
univocal,equivocal,एक प्रकार का,गोलमोल
unjust,equitable,अन्यायपूर्ण,न्यायसंगत
unjust,fair,अन्यायपूर्ण,गोरा
unjust,just,अन्यायपूर्ण,अभी
unjustifiably,justifiably,अनावश्यक रूप से,उचित
unjustly,justifiedly,अन्यायपूर्ण ढंग से,न्यायपूर्वक
unjustly,justly,अन्यायपूर्ण ढंग से,उचित रूप में
unjustly,rightly,अन्यायपूर्ण ढंग से,ठीक
unjustness,justice,अन्याय,न्याय
unjustness,justness,अन्याय,उचित रूप
unkept,kept,unkept,रखा
unkept,unbroken,unkept,अभंग
unkeyed,tonal,अनिच्छुक,तानवाला
unkind,kind,अशिष्ट,दयालु
unkindly,kindly,बेईमानी से,कृपया
unkindness,kindness,इस कठोरता,दयालुता
unknot,knot,और बनाओ,गाँठ
unknot,ravel,और बनाओ,प्रसिद्ध हो जाना
unknot,tangle,और बनाओ,उलझन
unknowable,cognisable,अज्ञात,संज्ञेय
unknowable,cognizable,अज्ञात,उपलब्ध किया हुआ
unknowable,cognoscible,अज्ञात,उपलब्ध किया हुआ
unknowable,knowable,अज्ञात,ज्ञेय
unknowingly,advertently,अनजाने में,विज्ञापन से
unknowingly,heedfully,अनजाने में,सावधानी से
unknowingly,knowingly,अनजाने में,जानबूझकर
unknowingly,mindfully,अनजाने में,मन से
unknowingly,wittingly,अनजाने में,उग्रता से
unknown,acquaintance,अज्ञात,जान-पहचान
unknown,friend,अज्ञात,दोस्त
unknown,known,अज्ञात,ज्ञात
unlabeled,labeled,लेबल नहीं किया गया,लेबल
unlabeled,labelled,लेबल नहीं किया गया,लेबल किए गए
unlabeled,tagged,लेबल नहीं किया गया,चिह्नित
unlabelled,labeled,लेबल नहीं किया गया,लेबल
unlabelled,labelled,लेबल नहीं किया गया,लेबल किए गए
unlabelled,tagged,लेबल नहीं किया गया,चिह्नित
unlace,bind,बंद खोलना,बाँध
unlace,tie,बंद खोलना,बाँधना
unlaced,laced,अछूता हुआ,सजी
unlaced,tied,अछूता हुआ,बंधा हुआ
unlamented,lamented,अप्राप्य,पर खेद व्यक्त किया
unlash,lash,फुज्जी,चाबुक
unlaureled,crowned,अव्यवस्थित,ताज पहनाया
unlaureled,laureled,अव्यवस्थित,लॉरेल
unlaureled,laurelled,अव्यवस्थित,लॉरेल
unlaurelled,crowned,अव्यवस्थित,ताज पहनाया
unlaurelled,laureled,अव्यवस्थित,लॉरेल
unlaurelled,laurelled,अव्यवस्थित,लॉरेल
unlawful,lawful,ग़ैरक़ानूनी,क़ानूनी
unlawfully,de jure,अवैध,क़ानूनन
unlawfully,lawfully,अवैध,क़ानूनी तौर पर
unlawfully,legally,अवैध,कानूनी तौर पर
unlawfulness,lawfulness,अवैद,वैधता
unlax,strain,अनलैक्स,छानना
unlax,tense,अनलैक्स,तनावग्रस्त
unlax,tense up,अनलैक्स,तनाव में आ जाना
unleaded,leaded,अछूता हुआ,लीडेड
unleaded gasoline,leaded gasoline,बिना सीसे वाला गैसोलीन,लसीका गैसोलीन
unleaded gasoline,leaded petrol,बिना सीसे वाला गैसोलीन,लेडेड पेट्रोल
unleaded petrol,leaded gasoline,अनलेडेड पेट्रोल,लसीका गैसोलीन
unleaded petrol,leaded petrol,अनलेडेड पेट्रोल,लेडेड पेट्रोल
unlearned,conditioned,अशिक्षित,वातानुकूलित
unlearned,learned,अशिक्षित,सीखा
unleavened,leavened,अखमीरी,ख़मीरवाला
unlighted,lighted,अप्रकाशित,प्रकाशित
unlighted,lit,अप्रकाशित,जगमगाता
unlikable,appealing,नापसंद,अपील करने वाला
unlikable,likable,नापसंद,दिलकश
unlikable,likeable,नापसंद,दिलकश
unlikable,sympathetic,नापसंद,सहानुभूति
unlike,like,भिन्न,पसंद
unlike,same,भिन्न,वही
unlike,similar,भिन्न,समान
unlikeable,appealing,अयोग्य,अपील करने वाला
unlikeable,likable,अयोग्य,दिलकश
unlikeable,likeable,अयोग्य,दिलकश
unlikeable,sympathetic,अयोग्य,सहानुभूति
unlikelihood,likelihood,अव्यवस्थितता,संभावना
unlikelihood,likeliness,अव्यवस्थितता,इस संभावना को
unlikeliness,likelihood,अयोग्यता,संभावना
unlikeliness,likeliness,अयोग्यता,इस संभावना को
unlikely,likely,संभावना नहीं,संभावित
unlikely,probable,संभावना नहीं,संभावित
unlikeness,alikeness,अनैतिकता,घातकता
unlikeness,likeness,अनैतिकता,समानता
unlikeness,similitude,अनैतिकता,समानता
unlimited,limited,असीमित,सीमित
unlined,lined,अविभाज्य,पंक्तिवाला
unlipped,lipped,अछूता हुआ,ओंठों का
unlisted,listed,गैर-सूचीबद्ध,सूचीबद्ध
unlisted security,listed security,असंबद्ध प्रतिभूति,सूचीबद्ध सुरक्षा
unlit,lighted,तिमिराच्छन्न,प्रकाशित
unlit,lit,तिमिराच्छन्न,जगमगाता
unlivable,livable,अयोग्य,बड़े जीवन बाल का
unlivable,liveable,अयोग्य,बड़े जीवन बाल का
unliveable,livable,अयोग्य,बड़े जीवन बाल का
unliveable,liveable,अयोग्य,बड़े जीवन बाल का
unliveried,liveried,अनिच्छुक,एक प्रकार के कपड़े को पहनेवाला
unloaded,loaded,उतार,लोड किया हुआ
unloading,loading,उतराई,लोड करना
unlock,lock,अनलॉक,ताला
unlogical,logical,अनियंत्रित,तार्किक
unloose,confine,अनहोनी करना,सीमित
unloose,detain,अनहोनी करना,गिरफ्तारी
unloosen,confine,अनहोनी करना,सीमित
unloosen,detain,अनहोनी करना,गिरफ्तारी
unloved,loved,अप्रिय,पसंद किया हुआ
unloving,loving,प्रेम,प्यार
unlubricated,greased,अछूता हुआ,तेल
unlubricated,lubricated,अछूता हुआ,चिकनाई
unluckily,as luck would have it,unluckily,जैसा कि भाग्य होगा
unluckily,fortuitously,unluckily,अनायास
unluckily,fortunately,unluckily,सौभाग्य से
unluckily,luckily,unluckily,सौभाग्य से
unlucky,lucky,बदकिस्मत,भाग्यशाली
unmade,made,परिवर्तित,बनाया
unmake,do,टुकड़े टुकड़े करना,करना
unmake,make,टुकड़े टुकड़े करना,बनाना
unmalicious,malicious,अनमोल,दुर्भावनापूर्ण
unmalleability,malleability,अनैतिकता,बढ़ने की योग्यता
unmalleability,plasticity,अनैतिकता,प्लास्टिसिटी
unmalted,malted,बिना मौल्ट,माल्टेड
unmanageable,manageable,अस्वाभाविक,प्रबंधनीय
unmanageable,wieldy,अस्वाभाविक,मातम
unmanageably,manageably,अप्रबंधनीय,संप्रदाय से
unmanful,manful,असंबद्ध,बहादुर
unmanful,manlike,असंबद्ध,पुरुष
unmanful,manly,असंबद्ध,मर्दाना
unmanfully,manfully,अनिच्छुक रूप से,मनमोहक रूप से
unmanfully,manly,अनिच्छुक रूप से,मर्दाना
unmanlike,manful,अमानवीय,बहादुर
unmanlike,manlike,अमानवीय,पुरुष
unmanlike,manly,अमानवीय,मर्दाना
unmanly,manful,डरनेवाला,बहादुर
unmanly,manfully,डरनेवाला,मनमोहक रूप से
unmanly,manlike,डरनेवाला,पुरुष
unmanly,manly,डरनेवाला,मर्दाना
unmanned,manned,मानव रहित,आबाद
unmarked,marked,अगोचर,चिह्नित
unmarred,blemished,अविवाहित,कलुषित
unmarried,married,अविवाहित,विवाहित
unmask,mask,पोल खोलना,नकाब
unmated,mated,अचूक,संभोग किया हुआ
unmeasurable,measurable,अयोग्य,औसत दर्जे का
unmeasurable,mensurable,अयोग्य,औसत दर्जे का
unmeasured,measurable,अनापा,औसत दर्जे का
unmeasured,mensurable,अनापा,औसत दर्जे का
unmelodic,melodic,अनमोलोडिक,मधुर
unmelodic,melodious,अनमोलोडिक,मधुर
unmelodic,musical,अनमोलोडिक,म्यूजिकल
unmelodious,melodic,अनमोल,मधुर
unmelodious,melodious,अनमोल,मधुर
unmelodious,musical,अनमोल,म्यूजिकल
unmelodious,tuneful,अनमोल,सुरीला
unmelodiously,melodiously,अनमोल रूप से,मधुर स्वर से
unmelodiously,tunefully,अनमोल रूप से,सुव्यवस्थित रूप से
unmelted,liquid,बेमिसाल,तरल
unmelted,liquified,बेमिसाल,द्रवरूप
unmelted,melted,बेमिसाल,पिघला हुआ
unmemorably,memorably,अनमोल रूप से,ने अविस्मरणीय
unmemorably,unforgettably,अनमोल रूप से,अविस्मरणीय रूप से
unmentionable,outer garment,गंदा,बाहरी परिधान
unmentionable,overgarment,गंदा,ऊबड़ -खाबड़
unmerciful,merciful,बेदर्द,कृपालु
unmercifulness,mercifulness,असभ्यता,रहम
unmercifulness,mercy,असभ्यता,दया
unmerited,deserved,नाहक,उचित
unmerited,merited,नाहक,सराहना
unmilitary,military,असंबद्ध,सैन्य
unmindful,aware,पागल,जागरूक
unmindful,mindful,पागल,सावधान
unmindfully,advertently,बेमिसाल से,विज्ञापन से
unmindfully,heedfully,बेमिसाल से,सावधानी से
unmindfully,mindfully,बेमिसाल से,मन से
unmindfulness,heedfulness,असभ्यता,ध्यान
unmindfulness,mindfulness,असभ्यता,सचेतन
unmined,mined,अनिर्दिष्ट,खनन
unmitigated,mitigated,निरंतर,कम
unmixable,miscible,अचूक,विलेयशील
unmixable,mixable,अचूक,मिश्रण करने योग्य
unmodifiable,modifiable,अनमोल,परिवर्तनीय
unmodified,modified,असंशोधित,संशोधित
unmodulated,modulated,अनमोल किया हुआ,संग्राहक
unmotivated,motivated,अचूक,प्रेरित
unmotorised,motored,अनमोल किया हुआ,मोटा
unmotorised,motorised,अनमोल किया हुआ,मोटर
unmotorised,motorized,अनमोल किया हुआ,मोटर
unmotorized,motored,अनमोल किया हुआ,मोटा
unmotorized,motorised,अनमोल किया हुआ,मोटर
unmotorized,motorized,अनमोल किया हुआ,मोटर
unmourned,lamented,अनमोल किया हुआ,पर खेद व्यक्त किया
unmoved,affected,स्थिर,प्रभावित
unmoved,moved,स्थिर,ले जाया गया
unmoved,stirred,स्थिर,हलचल
unmoved,touched,स्थिर,छुआ
unmoving,moving,बेमिसाल,आगे बढ़ने वाला
unmown,cut,एकजुट हो जाओ,काटना
unmown,mown,एकजुट हो जाओ,मातम
unmusical,melodic,बेसुरा,मधुर
unmusical,melodious,बेसुरा,मधुर
unmusical,musical,बेसुरा,म्यूजिकल
unmusically,musically,अनैतिक रूप से,संगीत की दृष्टि से
unmutilated,blemished,अचूक,कलुषित
unmuzzle,muzzle,अयोग्य,थूथन
unmyelinated,medullated,बिना मेलिनकृत,जासूसी
unmyelinated,myelinated,बिना मेलिनकृत,मेलिनकृत
unnatural,natural,अस्वाभाविक,प्राकृतिक
unnatural,normal,अस्वाभाविक,सामान्य
unnatural,unaffected,अस्वाभाविक,अप्रभावित
unnaturally,course,अप्राकृतिक रूप,अवधि
unnaturally,naturally,अप्राकृतिक रूप,सहज रूप में
unnaturally,of course,अप्राकृतिक रूप,बिल्कुल
unnaturalness,naturalness,अप्राप्य,सहजता
unnecessarily,necessarily,अनावश्यक रूप से,अनिवार्य रूप से
unnecessarily,needfully,अनावश्यक रूप से,ज़ोर से
unnecessary,necessary,अनावश्यक,ज़रूरी
unneeded,necessary,अनावश्यक,ज़रूरी
unneighborliness,good-neighborliness,बेकार,अच्छा-पड़ोसी
unneighborliness,good-neighbourliness,बेकार,अच्छी तरह से
unneighborliness,neighborliness,बेकार,पड़ोसी
unneighborliness,neighbourliness,बेकार,पड़ोसी
unneurotic,neurotic,असंबद्ध,न्युरोटिक
unneurotic,psychoneurotic,असंबद्ध,मनोवैज्ञानिक
unnoticeable,noticeable,unnoticeable,ध्यान देने योग्य
unnoticeable,obtrusive,unnoticeable,निकला हुआ
unnoticeably,noticeably,किसी का ध्यान नहीं से,काफ़ी
unnoticeably,observably,किसी का ध्यान नहीं से,अवलोकन से
unnoticeably,perceptibly,किसी का ध्यान नहीं से,प्रत्यक्ष रूप से
unnoticed,noticed,किसी का ध्यान नहीं,ध्यान दिया
unobjectionable,dirty,निर्विवाद,गंदा
unobligated,obligated,अनियंत्रित,बाध्य
unobliging,accommodating,अनियंत्रित,मिलनसार
unobliging,accommodative,अनियंत्रित,उदार
unobstructed,obstructed,अबाधित,बाधित
unobtrusive,noticeable,विनीत,ध्यान देने योग्य
unobtrusive,obtrusive,विनीत,निकला हुआ
unobtrusively,obtrusively,unobtrusively,अधूरेपन से
unobtrusiveness,obtrusiveness,विनीतता,बेतकल्लुफ़ी
unobvious,obvious,आप राईस,ज़ाहिर
unoccupied,occupied,खुला हुआ,कब्ज़ा होना
unoffending,offending,सीधा,हमलावर
unoffending,offensive,सीधा,अप्रिय
unofficial,official,अनौपचारिक,अधिकारी
unofficially,officially,अनाधिकारिक,आधिकारिक तौर पर
unoiled,oiled,निन्दनीय,तेल
unopen,open,अनियंत्रित करना,खुला
unopen,unfastened,अनियंत्रित करना,अनपेक्षित
unopposable,apposable,अप्राप्य,अपेक्षित
unopposable,opposable,अप्राप्य,अप्रवर्तीय
unopposed,opposed,अनियंत्रित,विरोध
unordered,ordered,अक्रमित,आदेश दिया
unorganised,organized,असंगठित,संगठित
unorganized,organized,असंगठित,संगठित
unoriented,orientated,अचूक,केंद्रित
unoriented,oriented,अचूक,उन्मुखी
unoriginal,original,नक़ल करनेवाला,मूल
unoriginality,originality,अनियंत्रितता,मोलिकता
unorthodox,orthodox,अपरिमित,रूढ़िवादी
unorthodoxy,orthodoxy,अपरिमित,ओथडोक्सी
unostentatious,ostentatious,अप्रथावाला,दिखावटी
unostentatious,pretentious,अप्रथावाला,मिथ्याभिमानी
unowned,owned,किसी का नहीं,स्वामित्व
unpack,pack,खोल देना,सामान बाँधना
unpackaged,packaged,विसंकुलित,डिब्बाबंद
unpaid,paid,अवैतनिक,चुकाया गया
unpaintable,paintable,अयोग्य,मुद्रणनीय
unpainted,painted,रंगी,चित्रित
unpalatability,palatability,अयोग्यता,स्वादिष्ट
unpalatability,palatableness,अयोग्यता,चटपटापन
unpalatable,palatable,कड़ा,स्वादिष्ट
unpalatable,toothsome,कड़ा,मज़ेदार
unpalatableness,palatability,अयोग्यता,स्वादिष्ट
unpalatableness,palatableness,अयोग्यता,चटपटापन
unpalatably,palatably,बेईमानी से,पलायन से
unpardonable,pardonable,बेहया,माफ करना
unpardonably,excusably,अनभिज्ञता से,उत्साहपूर्वक
unpardonably,forgivably,अनभिज्ञता से,माफ करते हुए
unpardonably,pardonably,अनभिज्ञता से,क्षमा कर
unparented,parented,यतीम,पित्ताशय
unpassable,passable,अयोग्य,प्रचलित
unpatriotic,loyal,अदेशभक्तिपूर्ण,वफादार
unpatriotic,patriotic,अदेशभक्तिपूर्ण,देशभक्ति
unpatriotically,patriotically,असंबद्धता से,देशभक्ति से
unpatronised,patronised,अपरिचित,को संरक्षण
unpatronised,patronized,अपरिचित,को संरक्षण
unpatronized,patronised,अप्राप्य,को संरक्षण
unpatronized,patronized,अप्राप्य,को संरक्षण
unpatterned,patterned,अखंड,नमूनों
unpaved,paved,कच्ची,पक्का
unpeaceful,peaceable,अयोग्य,शांतिप्रिय
unpeaceful,peaceful,अयोग्य,शांतिपूर्ण
unperceivable,perceptible,अयोग्य,प्रत्याक्ष
unperceiving,perceptive,अनिच्छुक,भेदक
unperceptive,perceptive,अस्वीकार्य,भेदक
unperceptiveness,perceptiveness,अस्वीकृति,सहजानुभूति
unpermissive,permissive,अनियंत्रित,अनुमोदक
unpermissiveness,permissiveness,अयोग्यता,सहनशीलता
unpermissiveness,tolerance,अयोग्यता,सहनशीलता
unperplexed,perplexed,अनियंत्रित,विकल
unpersuasiveness,persuasiveness,असंबद्धता,विद्या
unpersuasiveness,strength,असंबद्धता,ताकत
unpick,knot,फैलाना,गाँठ
unpick,ravel,फैलाना,प्रसिद्ध हो जाना
unpick,tangle,फैलाना,उलझन
unpin,pin,अनपिन,नत्थी करना
unplanned,planned,अनियंत्रित,की योजना बनाई
unplanted,planted,अनियंत्रित,लगाए
unplayable,playable,अनियंत्रित,बजाने
unplayful,playful,अनियंत्रित,चंचल
unpleasant,pleasant,अप्रिय,सुखद
unpleasant-smelling,fragrant,अप्रिय-महक वाला,सुगंधित
unpleasantly,agreeably,नाखुशगवार,चाव से
unpleasantly,enjoyably,नाखुशगवार,आनंददायक
unpleasantly,pleasantly,नाखुशगवार,सुख से
unpleasantness,pleasantness,वैमनस्य,माधुर्य
unpleasantness,sweetness,वैमनस्य,मिठास
unpleasingness,pleasingness,अनभिज्ञता,मनभावनता
unploughed,ploughed,अनियंत्रित,जोता
unploughed,plowed,अनियंत्रित,जोता
unplowed,ploughed,अनियंत्रित,जोता
unplowed,plowed,अनियंत्रित,जोता
unplug,connect,अनप्लग,जोड़ना
unplug,plug in,अनप्लग,लगाना
unplug,plug into,अनप्लग,में जोड़ो
unpointed,pointed,पहले न सोचा हुआ,नुकीला
unpointedness,point,अनभिज्ञता,बिंदु
unpointedness,pointedness,अनभिज्ञता,एकाग्रता
unpolished,polished,अनियंत्रित,पॉलिश
unpopular,popular,अप्रसिद्ध,लोकप्रिय
unpopularity,popularity,अलोकप्रियता,लोकप्रियता
unportable,portable,अयोग्य,पोर्टेबल
unposed,posed,अनिच्छुक,उत्पन्न
unpotted,potted,अनियंत्रित,कमरों का
unpowered,powered,बेकार,संचालित
unprecedented,precedented,अभूतपूर्व,पूर्ववर्ती
unprecedentedly,precedentedly,अभूतपूर्व,पूर्ववर्ती रूप से
unpredictability,predictability,अनिश्चितता,पूर्वानुमान
unpredictable,predictable,अप्रत्याशित,उम्मीद के मुताबिक
unprejudiced,discriminatory,पहले ही से नहीं मन में स्थिर कर लिया हुआ,भेदभावपूर्ण
unprejudiced,prejudiced,पहले ही से नहीं मन में स्थिर कर लिया हुआ,पक्षपातपूर्ण
unpremeditated,premeditated,पहले न सोचा हुआ,पूर्वचिन्तित
unprepared,prepared,कच्चा,तैयार
unpresidential,presidential,असमान,अध्यक्षीय
unpretending,ostentatious,सच्चा,दिखावटी
unpretending,pretentious,सच्चा,मिथ्याभिमानी
unpretentious,ostentatious,सरल,दिखावटी
unpretentious,pretentious,सरल,मिथ्याभिमानी
unpretentiously,pretentiously,अन्त:,ढोंग के साथ
unpretentiousness,largeness,सत्यता,स्थूलता
unpretentiousness,pretension,सत्यता,अभिमान
unpretentiousness,pretentiousness,सत्यता,दिखावटीपन
unpreventable,preventable,अपरिचित,रोके
unpriestly,priestlike,अप्रत्याशित रूप से,पुजारी की तरह
unpriestly,priestly,अप्रत्याशित रूप से,पुरोहित
unprincipled,principled,अनैतिक,सिद्धांतवादी
unprintable,printable,गंदा,छापने योग्य
unprocessed,processed,असंसाधित,प्रसंस्कृत
unprocessed,refined,असंसाधित,परिशोधित
unproductive,productive,अनुर्वर,उत्पादक
unproductively,fruitfully,असुरक्षित रूप से,लाभकारी
unproductively,productively,असुरक्षित रूप से,उत्पादकता
unproductively,profitably,असुरक्षित रूप से,सफलता से
unproductiveness,productiveness,असुरक्षितता,उत्पादकता
unproductiveness,productivity,असुरक्षितता,उत्पादकता
unprofessional,professional,अव्यवसायिक,पेशेवर
unprofitability,gainfulness,अपव्यवस्था,लाभ
unprofitability,lucrativeness,अपव्यवस्था,भड़काऊपन
unprofitability,profitability,अपव्यवस्था,लाभप्रदता
unprofitability,profitableness,अपव्यवस्था,लाभप्रदता
unprofitable,profitable,लाभहीन,लाभदायक
unprofitableness,gainfulness,निष्फल,लाभ
unprofitableness,lucrativeness,निष्फल,भड़काऊपन
unprofitableness,profitability,निष्फल,लाभप्रदता
unprofitableness,profitableness,निष्फल,लाभप्रदता
unprofitably,fruitfully,लाभरहित,लाभकारी
unprofitably,productively,लाभरहित,उत्पादकता
unprofitably,profitably,लाभरहित,सफलता से
unpronounceable,pronounceable,unpronounceable,उच्चरण करने योग्य
unprophetic,prophetic,अनियंत्रित,भविष्यवाणी
unprophetic,prophetical,अनियंत्रित,भविष्यद्वक्ता संबंधी
unpropitious,propitious,अनियंत्रित,अनुकूल
unpropitiously,auspiciously,असुरक्षित रूप से,स्वच्छता से
unpropitiously,propitiously,असुरक्षित रूप से,प्रचुरता से
unpropitiousness,auspiciousness,अनियंत्रितता,शुभ
unpropitiousness,propitiousness,अनियंत्रितता,प्रचंडता
unprotected,protected,अरक्षित,संरक्षित
unprotective,protective,असुरक्षित,रक्षात्मक
unproved,proved,असुरक्षित,साबित
unproved,proven,असुरक्षित,सिद्ध किया हुआ
unproven,proved,अप्रमाणित,साबित
unproven,proven,अप्रमाणित,सिद्ध किया हुआ
unprovocative,provocative,असंगत,उत्तेजक
unprovoking,provocative,अयोग्य,उत्तेजक
unpublishable,publishable,अयोग्य,प्रकाशन योग्य
unpublished,published,अप्रकाशित,प्रकाशित
unpunctual,punctual,अयोग्य,समयनिष्ठ
unpunished,punished,अदंडित,दंडित
unqualified,competent,अयोग्य,सक्षम
unqualified,qualified,अयोग्य,योग्य
unquestionable,questionable,निर्विवाद,संदिग्ध
unquiet,quiet,अशांत,शांत
unquietly,quiet,अयोग्य तौर पर,शांत
unquietly,quietly,अयोग्य तौर पर,चुपचाप
unquotable,quotable,गंदा,उद्धरण योग्य
unquotable,repeatable,गंदा,repeatable
unraised,leavened,अनपेक्षित,ख़मीरवाला
unravel,knot,खंडित,गाँठ
unravel,ravel,खंडित,प्रसिद्ध हो जाना
unravel,tangle,खंडित,उलझन
unreactive,reactive,सक्रीय,रिएक्टिव
unreadably,decipherably,अपठित रूप से,स्पष्ट रूप से
unreadably,legibly,अपठित रूप से,स्पष्टता से
unreadably,readably,अपठित रूप से,पठनीय रूप से
unready,ready,कच्चा,तैयार
unreal,existent,अवास्तविक,मौजूद
unreal,material,अवास्तविक,सामग्री
unreal,natural,अवास्तविक,प्राकृतिक
unreal,real,अवास्तविक,असली
unreal,substantial,अवास्तविक,संतोषजनक
unrealistic,realistic,अवास्तविक,यथार्थवादी
unrealistically,realistically,अवास्तविक,वास्तविक
unreality,realism,कल्पना,यथार्थवाद
unreality,reality,कल्पना,वास्तविकता
unreality,realness,कल्पना,वास्तविकता
unreasonable,reasonable,अकारण,उचित
unreasonable,sensible,अकारण,समझदार
unreasonably,fairly,अनुचित तरीके से,अच्छी तरह से
unreasonably,jolly,अनुचित तरीके से,जॉली
unreasonably,middling,अनुचित तरीके से,मंझला
unreasonably,moderately,अनुचित तरीके से,मध्यम
unreasonably,passably,अनुचित तरीके से,कामचलाऊ
unreasonably,pretty,अनुचित तरीके से,सुंदर
unreasonably,reasonably,अनुचित तरीके से,यथोचित
unreasonably,sanely,अनुचित तरीके से,सनसनी से
unreasonably,sensibly,अनुचित तरीके से,समझदारी से
unreasonably,somewhat,अनुचित तरीके से,कुछ हद तक
unreassuring,reassuring,अव्यवस्थित,आश्वस्त
unreceptive,open,अप्राप्य,खुला
unreceptive,receptive,अप्राप्य,ग्रहणशील
unrecognisable,recognizably,अपरिचित,मान्यतापूर्वक
unrecognizably,recognizably,अनियंत्रित रूप से,मान्यतापूर्वक
unreconcilable,reconcilable,अप्राप्य,अविस्र्द्ध
unreconstructed,reconstructed,अपरिचित,पुनर्निर्मित
unrecorded,recorded,अप्रत्यक्ष,दर्ज
unrecoverable,recoverable,अप्राप्य,बचानेवाला
unrefined,processed,अपरिष्कृत,प्रसंस्कृत
unrefined,refined,अपरिष्कृत,परिशोधित
unreflected,reflected,अपंग,परिलक्षित
unregenerate,docile,अपंजीकृत करना,विनम्र
unregenerate,regenerate,अपंजीकृत करना,पुनः जेनरेट
unregenerated,regenerate,अपंजीकृत,पुनः जेनरेट
unregistered,registered,अपंजीकृत,दर्ज कराई
unregretful,bad,अनियंत्रित,खराब
unregretful,regretful,अनियंत्रित,पछतावा करता हुआ
unregretful,sorry,अनियंत्रित,क्षमा मांगना
unregretting,bad,अचूक,खराब
unregretting,regretful,अचूक,पछतावा करता हुआ
unregretting,sorry,अचूक,क्षमा मांगना
unregularity,regularity,अनियमितता,नियमितता
unregulated,regulated,सुर नहीं मिलाया,विनियमित
unrelated,related,असंबंधित,संबंधित
unrelated,related to,असंबंधित,संदर्भ के
unrelatedness,relatedness,असंबद्धता,संबद्धता
unreliability,dependability,अविश्वसनीयता,निर्भरता
unreliability,dependableness,अविश्वसनीयता,निर्भरता
unreliability,reliability,अविश्वसनीयता,विश्वसनीयता
unreliability,reliableness,अविश्वसनीयता,विश्वसनीयता
unreliable,dependable,अविश्वसनीय,भरोसे का
unreliable,reliable,अविश्वसनीय,भरोसेमंद
unreliableness,dependability,अविश्वसनीयता,निर्भरता
unreliableness,dependableness,अविश्वसनीयता,निर्भरता
unreliableness,reliability,अविश्वसनीयता,विश्वसनीयता
unreliableness,reliableness,अविश्वसनीयता,विश्वसनीयता
unreliably,dependably,अविश्वसनीय रूप से,भरोसे के साथ
unreliably,faithfully,अविश्वसनीय रूप से,ईमानदारी से
unreliably,reliably,अविश्वसनीय रूप से,मज़बूती
unremarkably,outstandingly,अचूक रूप से,शानदार
unremarkably,remarkably,अचूक रूप से,ध्यान से देखने से
unremarkably,unco,अचूक रूप से,असमान होना
unremarkably,unusually,अचूक रूप से,असामान्य रूप से
unremorseful,penitent,अनियंत्रित,अनुतापी
unremorseful,repentant,अनियंत्रित,पश्चाताप
unrenewable,renewable,अनहोनी,अक्षय
unrenewed,revived,अनन्य,पुनर्जीवित
unrentable,rentable,लाभहीन,किराए योग्य
unrepeatable,quotable,बेजोड़,उद्धरण योग्य
unrepeatable,repeatable,बेजोड़,repeatable
unrepentant,penitent,बेरहम,अनुतापी
unrepentant,repentant,बेरहम,पश्चाताप
unrepentantly,penitentially,पश्चाताप के बिना,तपस्या से
unrepentantly,penitently,पश्चाताप के बिना,तपस्या से
unrepentantly,repentantly,पश्चाताप के बिना,पश्चाताप
unreplaceable,replaceable,अप्राप्य,स्थान लेने योग्य
unreportable,reportable,अनियंत्रित,समाचार-योग्य
unreported,reported,असूचित,सूचित
unreproducible,consistent,अप्राप्य,सुसंगत
unreproducible,reproducible,अप्राप्य,प्रतिलिपि प्रस्तुत करने योग्य
unrequested,requested,अनिवेदित,अनुरोधित
unresentful,resentful,अनभिज्ञ,क्रोधित
unreserved,reserved,निष्कपट,आरक्षित
unresolved,resolved,अनसुलझे,हल किया
unresolved,solved,अनसुलझे,हल किया हुआ
unrespectability,reputability,अमानवीयता,प्रतिष्ठा
unrespectability,respectability,अमानवीयता,सम्मान -योग्यता
unrespectable,respectable,अनहोनी,सम्मानित
unresponsive,responsive,अनुचित,उत्तरदायी
unresponsiveness,responsiveness,अप्रतिसाद,जवाबदेही
unrestrained,restrained,अनर्गल,संयमित
unrestraint,control,बेसब्री,नियंत्रण
unrestraint,restraint,बेसब्री,संयम
unrestricted,restricted,अप्रतिबंधित,वर्जित
unrestrictive,restrictive,अप्रतिबंधक,प्रतिबंधक
unretentive,long,अयोग्य,लंबा
unretentive,recollective,अयोग्य,याद करने वाला
unretentive,retentive,अयोग्य,धारणा शक्तिवाला
unretentive,tenacious,अयोग्य,दृढ़
unreverberant,reverberant,बेकार,प्रतिध्वनि का
unrevived,revived,अनियंत्रित,पुनर्जीवित
unrewarding,rewarding,लाभशून्य,पुरस्कृत
unrhetorical,rhetorical,अनियंत्रित,शब्दाडंबरपूर्ण
unrhymed,rhymed,मुक्त,तुकवाला
unrhymed,rhyming,मुक्त,अंत्यानुप्रासवाला
unrhymed,riming,मुक्त,रिमिंग
unrhythmic,rhythmic,अखंड,तालबद्ध
unrhythmic,rhythmical,अखंड,तालबद्ध
unrhythmical,rhythmic,अनहोनी,तालबद्ध
unrhythmical,rhythmical,अनहोनी,तालबद्ध
unrifled,rifled,अप्राप्य,झिरी
unrigged,rigged,अनिच्छुक,धांधली
unrighteous,righteous,हक से महरूम,न्याय परायण
unrighteously,righteously,अधर्म से,धर्म से
unrighteousness,righteousness,अधर्म,धर्म
unrimed,rhymed,अचूक,तुकवाला
unrimed,rhyming,अचूक,अंत्यानुप्रासवाला
unrimed,riming,अचूक,रिमिंग
unripe,mature,अपरिपक्व,परिपक्व
unripe,ripe,अपरिपक्व,पका हुआ
unripened,mature,अचूक,परिपक्व
unripened,ripe,अचूक,पका हुआ
unroll,roll,उतारना,रोल
unroll,roll up,उतारना,जमना
unroll,twine,उतारना,रस्सी
unroll,wind,उतारना,हवा
unroll,wrap,उतारना,लपेटना
unroll,wrap up,उतारना,लपेटें
unromantically,romantically,अचूक रूप से,प्यार से
unsaddle,saddle,उतारना,काठी
unsaddled,saddled,अस्वाभाविक,काठी
unsafe,safe,असुरक्षित,सुरक्षित
unsafe,secure,असुरक्षित,सुरक्षित
unsalable,salable,अनसुना करने योग्य,विक्रेय
unsalable,saleable,अनसुना करने योग्य,विक्रेय
unsaleable,salable,अविक्रेय,विक्रेय
unsaleable,saleable,अविक्रेय,विक्रेय
unsanitariness,sanitariness,असंबद्धता,सानतता
unsanitary,healthful,मैला,स्वस्थ
unsanitary,sanitary,मैला,सेनेटरी
unsaponified,saponified,असंबद्ध,सशक्त
unsarcastic,sarcastic,अस्वाभाविक,व्यंग्यात्मक
unsatiable,satiate,असमान,पूरा करना
unsatiable,satiated,असमान,तृप्त
unsatisfactorily,satisfactorily,नाराजगी से,संतोषजनक ढंग से
unsatisfactoriness,satisfactoriness,असंतोष,तसल्ली
unsatisfactory,satisfactory,असंतोषजनक,संतोषजनक
unsaturated,concentrated,असंतृप्त,केंद्रित
unsaturated,pure,असंतृप्त,शुद्ध
unsaturated,saturated,असंतृप्त,तर-बतर
unsavory,savory,बेस्वाद,दिलकश
unsavory,savoury,बेस्वाद,दिलकश
unsavoury,savory,बेस्वाद,दिलकश
unsavoury,savoury,बेस्वाद,दिलकश
unscalable,scalable,तुच्छ,स्केलेबल
unscheduled,scheduled,अनियंत्रित,अनुसूचित
unscholarly,scholarly,बेईमान,विद्वत्तापूर्ण
unscientific,scientific,अपढ़,वैज्ञानिक
unscramble,knot,खोलना,गाँठ
unscramble,ravel,खोलना,प्रसिद्ध हो जाना
unscramble,scramble,खोलना,संघर्ष
unscramble,tangle,खोलना,उलझन
unscrew,screw,खोल देना,पेंच
unscripted,scripted,अलिखित,पटकथा
unscripted,written,अलिखित,लिखा हुआ
unscrupulous,scrupulous,बेशरम,ईमानदार
unscrupulousness,scrupulousness,बेईमानी,परिशुद्धता
unseal,seal,खोलना,मुहर
unsealed,certain,सील न की गयी,निश्चित
unsealed,sealed,सील न की गयी,सील
unseamanlike,seamanlike,अनियंत्रित,सीमण्य
unseamanlike,seamanly,अनियंत्रित,सीमणता से
unseasonable,seasonable,कच्चा,समयोचित
unseasonableness,seasonableness,बेमिसाल,सीजनकता
unseasonableness,timeliness,बेमिसाल,समयबद्धता
unseasonably,seasonably,बेमिसाल से,मौक़े पर
unseasoned,seasoned,कच्चा,अनुभवी
unseaworthy,seaworthy,बेपरवाह,समुद्र में चलने योग्य
unsectarian,sectarian,अस्वाभाविक,सांप्रदायिक
unsecured bond,secured bond,असुरक्षित बांड,सुरक्षित बांड
unseductive,seductive,अस्वीकार्य,भव्य
unseeable,seeable,अयोग्य,परत करने योग्य
unseeable,visible,अयोग्य,दृश्यमान
unseeded,seeded,गैरवरीय,वरीयता प्राप्त
unseemliness,grace,अनभिज्ञता,अनुग्रह
unseemliness,seemliness,अनभिज्ञता,प्रतीत होना
unselected,selected,इसे नहीं चुना जाता,चयनित
unselfconsciously,self-consciously,स्वाभाविक रूप से,आत्म होशपूर्वक
unselfconsciousness,self-consciousness,स्वाभाविकता,चेतना
unselfish,selfish,बेगरज,स्वार्थी
unselfishly,egotistically,बिना किसी स्वार्थ के,अहंकारी रूप से
unselfishly,selfishly,बिना किसी स्वार्थ के,स्वार्थपूर्ण
unselfishness,selfishness,स्व -स्वर्गता,स्वार्थपरता
unsensational,sensational,असंतोषजनक,संवेदनात्मक
unsent,sent,नहीं भेजे गए,भेजा
unsentimentally,sentimentally,असंगत रूप से,रहमदिली से
unserviceable,serviceable,अनुपयोगी,फ़ायदेमंद
unservile,servile,असंबद्ध,ग़ुलामी का
unsettled,settled,अस्थिर,तय किया हुआ
unsexed,uncastrated,अनियंत्रित,बेकार
unsexy,sexy,अनियंत्रित,सेक्सी
unshaded,shaded,बेदाग़,छायांकित
unshapely,shapely,बेढब,सुडौल
unshared,shared,अविभाजित,साझा
unshaved,shaved,अचूक,मुंडा
unshaved,shaven,अचूक,मुंडा
unshaven,shaved,मुंडा नहीं,मुंडा
unshaven,shaven,मुंडा नहीं,मुंडा
unsheared,sheared,अचूक,कतरनी
unsheared,shorn,अचूक,छीना
unsheathe,sheathe,म्यान से निकालना,म्यान
unsheathed,sheathed,अचूक,लिपटा
unshelled,shelled,अचूक,खोलीदार
unshockable,narrow-minded,अचूक,संकीर्णता
unshockable,shockable,अचूक,झटका देने योग्य
unshod,calced,बिना जूतें,बगुला
unshod,shod,बिना जूतें,धीमे दौड़ो
unshod,shodden,बिना जूतें,झोंपड़ी
unshod,shoed,बिना जूतें,शूड
unshoed,shod,अचूक,धीमे दौड़ो
unshoed,shodden,अचूक,झोंपड़ी
unshoed,shoed,अचूक,शूड
unshorn,sheared,अविभाजित,कतरनी
unshorn,shorn,अविभाजित,छीना
unshrinkable,shrinkable,अयोग्य,संकुचित करने योग्य
unshuttered,shuttered,अचूक,बंद
unsighted,sighted,बड़ा बदसूरत,देखे
unsigned,signed,अहस्ताक्षरित,पर हस्ताक्षर किए
unsilenced,silenced,असंबद्ध,खामोश
unsimilarity,similarity,असमानता,समानता
unsinkable,sinkable,अयोग्य,जस्ता का
unsized,sized,अनवधि,आकार
unskilled,skilled,अकुशल,कुशल
unskillfulness,skillfulness,अकुशल,कुशलता
unsmilingly,smilingly,अनभिज्ञता से,मुस्करा कर
unsmooth,smooth,अनसुना,चिकना
unsnarl,entangle,अस्वाभाविक,उलझाना
unsnarl,mat,अस्वाभाविक,चटाई
unsnarl,snarl,अस्वाभाविक,गिरह
unsnarl,tangle,अस्वाभाविक,उलझन
unsociability,sociability,असमानता,सुजनता
unsociability,sociableness,असमानता,सामाजिकता
unsociable,sociable,एकांतप्रिय,मिलनसार
unsociableness,sociability,बेवजह,सुजनता
unsociableness,sociableness,बेवजह,सामाजिकता
unsociably,sociably,असंगत रूप से,सामाजिक रूप से
unsocial,social,नामिलनसार,सामाजिक
unsold,sold,बेचने का नहीं,बिका हुआ
unsolvability,solubility,अनिर्दिष्टता,घुलनशीलता
unsolvability,solvability,अनिर्दिष्टता,गलने की योग्यता
unsolved,resolved,न सुलझा हुआ,हल किया
unsolved,solved,न सुलझा हुआ,हल किया हुआ
unsound,sound,अस्वस्थ,आवाज़
unsoundness,firmness,कारण सीमित,दृढ़ता
unsoundness,soundness,कारण सीमित,दृढ़ता
unsoundness,wisdom,कारण सीमित,बुद्धि
unsoundness,wiseness,कारण सीमित,बुद्धिमानता
unsoured,soured,अनसुना,कड़वाहट
unspaced,spaced,अनिर्दिष्ट,दूरी
unspecialised,specialised,अनिर्दिष्ट,विशेष
unspecialised,specialized,अनिर्दिष्ट,विशेष
unspecialized,specialised,अनिर्दिष्ट,विशेष
unspecialized,specialized,अनिर्दिष्ट,विशेष
unspecified,specified,अनिर्दिष्ट,निर्दिष्ट
unspell,spell,अनिर्दिष्ट करना,बोलना
unsportingly,sportingly,बेईमानी से,निष्पक्षतापूर्वक
unstable,stable,अस्थिर,स्थिर
unstableness,stability,अस्थिरता,स्थिरता
unstableness,stableness,अस्थिरता,हताश
unstaged,staged,अयोग्य,मंचन
unstained,stained,अस्थिर,दाग
unstaple,staple,अनिच्छा,प्रधान
unstatesmanlike,statesmanlike,अनैतिकतापूर्ण,राजनेतापूर्ण
unstatesmanlike,statesmanly,अनैतिकतापूर्ण,राजनेता से
unsteadily,steadily,अनभिज्ञता से,तेजी से
unsteadily,steady,अनभिज्ञता से,नियमित
unsteadiness,firmness,अनैतिकता,दृढ़ता
unsteadiness,steadiness,अनैतिकता,स्थिरता
unsteady,steady,अनैतिक,नियमित
unstimulating,stimulating,अयोग्य,उत्तेजक
unstoppable,stoppable,रुक,रुकने योग्य
unstrain,strain,अस्वीकार करना,छानना
unstrain,tense,अस्वीकार करना,तनावग्रस्त
unstrain,tense up,अस्वीकार करना,तनाव में आ जाना
unstrap,strap,पेटी उतारना,पट्टा
unstratified,bedded,अनियंत्रित,पलंगों
unstratified,stratified,अनियंत्रित,विभक्त हो गया
unstratified language,stratified language,अनियंत्रित भाषा,स्तरीकृत भाषा
unstressed,accented,निर्बल,उच्चारण
unstressed,stressed,निर्बल,पर बल दिया
unstring,string,अयोग्य,डोरी
unstructured,structured,अप्रतिस्थित,STRUCTURED
unstuck,stuck,अनभिज्ञता,अटक गया
unstudied,studied,अशिक्षित,अध्ययन
unstuff,block,अनभिज्ञ,अवरोध पैदा करना
unstuff,choke up,अनभिज्ञ,गला घोंटना
unstuff,lug,अनभिज्ञ,पीछे पीछे फिरना
unstuff,stuff,अनभिज्ञ,सामग्री
unstylish,fashionable,अचूक,फैशनेबल
unstylish,stylish,अचूक,स्टाइलिश
unsubdivided,compound,असंबद्ध,मिश्रण
unsubmissive,servile,अलग,ग़ुलामी का
unsubstantial,material,जिसमें कुछ तत्व न हो,सामग्री
unsubstantial,real,जिसमें कुछ तत्व न हो,असली
unsubstantial,substantial,जिसमें कुछ तत्व न हो,संतोषजनक
unsuccessful,successful,असफल,सफल
unsuccessful person,achiever,असफल व्यक्ति,अचीवर
unsuccessful person,succeeder,असफल व्यक्ति,सफल
unsuccessful person,success,असफल व्यक्ति,सफलता
unsuccessful person,winner,असफल व्यक्ति,विजेता
unsuccessfully,successfully,असफल,सफलतापूर्वक
unsuitability,suitability,बेईमानी,उपयुक्तता
unsuitability,suitableness,बेईमानी,ओचित्य
unsuitableness,suitability,अनिश्चितता,उपयुक्तता
unsuitableness,suitableness,अनिश्चितता,ओचित्य
unsuitably,appropriately,बेईमानी से,उचित रूप से
unsuitably,befittingly,बेईमानी से,बेशुमार से
unsuitably,fitly,बेईमानी से,अनुकूल ढंग से
unsuitably,fittingly,बेईमानी से,संयोग
unsuitably,suitably,बेईमानी से,उपयुक्त रूप से
unsupervised,supervised,के चलते किसी,देखरेख
unsupported,supported,असमर्थित,का समर्थन किया
unsupportive,supportive,बेईमान,सहायक
unsure,certain,अनिश्चित,निश्चित
unsure,confident,अनिश्चित,आत्मविश्वासी
unsure,sure,अनिश्चित,ज़रूर
unsurmountable,surmountable,अचूक,जीतने योग्य
unsurprised,surprised,अनभिज्ञ,हैरान
unsurprising,surprising,अस्वाभाविक,आश्चर्यजनक
unsusceptibility,susceptibility,असुरक्षितता,संवेदनशीलता
unsusceptibility,susceptibleness,असुरक्षितता,अतिसंवेदनशीलता
unsusceptible,susceptible,असंवेदनशील,अतिसंवेदनशील
unsuspected,suspected,पहले से न सोचा,संदिग्ध
unswept,swept,अनसुना कर देना,बह
unsworn,sworn,अडिग,शपथ ली
unsyllabic,syllabic,अनियंत्रित,शब्दांश का
unsymbolic,representative,असंबद्ध,प्रतिनिधि
unsymmetrically,symmetrically,असंबद्ध रूप से,संतुलित
unsympathetic,appealing,कुरूप,अपील करने वाला
unsympathetic,likable,कुरूप,दिलकश
unsympathetic,likeable,कुरूप,दिलकश
unsympathetic,sympathetic,कुरूप,सहानुभूति
unsympathetically,empathetically,असंगत रूप से,सशक्तता से
unsympathetically,sympathetically,असंगत रूप से,सहानुभूतिपूर्वक
unsystematic,systematic,बेढ़ंगा,व्यवस्थित
unsystematically,consistently,असंबद्ध रूप से,लगातार
unsystematically,systematically,असंबद्ध रूप से,व्यवस्थित
untactful,tactful,अचूक,विनम्र
untagged,labeled,टैग नहीं किए गए,लेबल
untagged,labelled,टैग नहीं किए गए,लेबल किए गए
untagged,tagged,टैग नहीं किए गए,चिह्नित
untalented,gifted,असंबद्ध,उपहार में दिया
untalented,talented,असंबद्ध,प्रतिभाशाली
untamed,tame,अदम्य,टेम
untamed,tamed,अदम्य,पालतू
untangle,knot,सुलझाना,गाँठ
untangle,ravel,सुलझाना,प्रसिद्ध हो जाना
untangle,tangle,सुलझाना,उलझन
untangled,tangled,सुलझा हुआ,टैंगल्ड
untanned,tanned,अनियंत्रित,टैन किया हुआ
untapped,tapped,अप्रयुक्त,उपयोग किया
untechnical,technical,अनियंत्रित,तकनीकी
untempered,hardened,असंस्कारित,कठोर
untempered,tempered,असंस्कारित,टेम्पर्ड
untempered,toughened,असंस्कारित,toughened
untempered,treated,असंस्कारित,इलाज
unthankful,grateful,नमकहराम,आभारी
unthankful,thankful,नमकहराम,आभारी
untheatrical,theatrical,अयोग्य,थियेट्रिकल
unthematic,thematic,अनियंत्रित,विषयगत
unthinkable,thinkable,असंभव,मुमकिन
unthinking,thoughtfully,कल्पनातीत,सोच समजकर
unthinkingly,thoughtfully,अयोग्य ढंग से,सोच समजकर
unthoughtfulness,thoughtfulness,अयोग्यता,सावधानी
untidiness,neatness,लापरवाही,स्वच्छता
untidiness,tidiness,लापरवाही,सफ़ाई
untidy,tidy,लापरवाह,साफ
untie,bind,खोल,बाँध
untie,tie,खोल,बाँधना
untied,fastened,खुला,जकड़ा हुआ।
untied,laced,खुला,सजी
untied,tied,खुला,बंधा हुआ
untimbered,timbered,असंबद्ध,लकड़ी का
untimeliness,opportuneness,असंबद्धता,अवसाद
untimeliness,patness,असंबद्धता,पैटनेस
untimeliness,seasonableness,असंबद्धता,सीजनकता
untimeliness,timeliness,असंबद्धता,समयबद्धता
untipped,tipped,अछूता हुआ,टिप
untouched,affected,अछूता,प्रभावित
untouched,moved,अछूता,ले जाया गया
untouched,stirred,अछूता,हलचल
untouched,touched,अछूता,छुआ
untoughened,tough,अछूता हुआ,कठिन
untoughened,toughened,अछूता हुआ,toughened
untraceable,traceable,अनुसरणीय,मिल
untraceable,trackable,अनुसरणीय,ट्रैक करने योग्य
untraditional,traditional,अनियंत्रित,परंपरागत
untrained,trained,अशिक्षित,प्रशिक्षित
untranslatable,translatable,अनुवाद के लिए अयोग्य,अनुवाद का लायक़
untraveled,traveled,अयोग्य,कूच
untravelled,traveled,यात्रा नहीं किए गए,कूच
untreated,treated,अनुपचारित,इलाज
untrimmed,cut,अप्रत्याशित,काटना
untrimmed,trimmed,अप्रत्याशित,छंटनी
untroubled,insecure,बेपरवाह,असुरक्षित
untroubled,troubled,बेपरवाह,परेशान
untrustiness,trustiness,असत्य,भक्ति
untrustiness,trustworthiness,असत्य,विश्वसनीयता
untrustworthiness,trustiness,untrustworthiness,भक्ति
untrustworthiness,trustworthiness,untrustworthiness,विश्वसनीयता
untrustworthy,trustworthy,कुटिल,भरोसेमंद
untrustworthy,trusty,कुटिल,भरोसेमंद
untrusty,trustworthy,अचूक,भरोसेमंद
untrusty,trusty,अचूक,भरोसेमंद
untruth,true statement,बेईमानी,सत्य कथन
untruth,truth,बेईमानी,सच
untruthful,true,बेईमान,सत्य
untruthful,truthful,बेईमान,सत्य
untruthfully,truthfully,असभ्य रूप से,सत्य रूप से
untruthfulness,truthfulness,असत्य,सच्चाई
untucked,tucked,untucked,टक किया हुआ
untune,tune,उसके दांत,धुन
untune,tune up,उसके दांत,धुन
untuneful,melodious,असंबद्ध,मधुर
untuneful,tuneful,असंबद्ध,सुरीला
unturned,turned,बेसुरा,चालू
untwine,enlace,खोल देना,जोड़ना
untwine,entwine,खोल देना,गुथना
untwine,interlace,खोल देना,जिल्द
untwine,intertwine,खोल देना,एक दूसरे से लिपटना
untwine,lace,खोल देना,फीता
untwine,twine,खोल देना,रस्सी
untwist,distort,सुलझाना,बिगाड़ना
untwist,twine,सुलझाना,रस्सी
untwist,twist,सुलझाना,मोड़
untypical,typical,अनियंत्रित,ठेठ
untypicality,typicality,अनियंत्रितता,विशिष्टता
untypically,typically,अनिच्छुक रूप से,आम तौर पर
ununderstandably,clearly,अनिश्चित रूप से,स्पष्ट रूप से
ununderstandably,intelligibly,अनिश्चित रूप से,बुद्धिमानी से
ununderstandably,understandably,अनिश्चित रूप से,जाहिर है
ununderstood,understood,अनियुंडोस्टोड,समझा
unusefulness,usefulness,बेईमानी,उपयोग
unusefulness,utility,बेईमानी,उपयोगिता
unusual,familiar,असामान्य,परिचित
unusual,usual,असामान्य,साधारण
unusually,commonly,असामान्य रूप से,आमतौर
unusually,normally,असामान्य रूप से,आम तौर पर
unusually,ordinarily,असामान्य रूप से,आमतौर पर
unusually,unremarkably,असामान्य रूप से,अचूक रूप से
unusually,usually,असामान्य रूप से,आम तौर पर
unusualness,usualness,असामान्यता,सामान्यता
unvaried,varied,अनभिज्ञ,विभिन्न
unvariedness,variedness,अनभिज्ञता,विविधता
unvarying,multiform,बदलते,अनेक आकार का
unvarying,varied,बदलते,विभिन्न
unveil,veil,अनावरण,आवरण
unveiled,veiled,अनावरण किया,अप्रत्यक्ष
unventilated,ventilated,अनियंत्रित,हवादार
unvigilant,alert,अनिच्छुक,चेतावनी
unvigilant,watchful,अनिच्छुक,चौकन्ना
unvoiced,soft,चुप,कोमल
unvoiced,sonant,चुप,आवाज़
unvoiced,voiced,चुप,गूंजनेवाला
unvoluntary,voluntary,अनियंत्रित,स्वैच्छिक
unwanted,desirable,अवांछित,वांछित
unwanted,wanted,अवांछित,वांछित
unwarily,warily,अनिच्छुक रूप से,एहतियात से
unwariness,chariness,अनभिज्ञता,दूरंदेशी
unwariness,wariness,अनभिज्ञता,सावधानी
unwary,wary,असावधान,सावधान
unwatchful,alert,अयोग्य,चेतावनी
unwatchful,watchful,अयोग्य,चौकन्ना
unwaxed,waxed,अचूक,वैक्सिंग
unweaned,weaned,अनिर्दिष्ट,दूध छुड़ाने
unwearable,wearable,अनिर्दिष्ट,पहनने योग्य
unweave,interweave,खोल देना,एक दूसरे से लिपटना
unweave,weave,खोल देना,बुनना
unwebbed,webbed,उछालना,झिल्लीदार
unwelcome,welcome,अनिष्ट,स्वागत
unwellness,health,असमानता,स्वास्थ्य
unwellness,wellness,असमानता,कल्याण
unwholesome,wholesome,बेकार,पौष्टिक
unwholesomeness,wholesomeness,अनभिज्ञता,स्वास्थ्य-प्रदाता
unwieldy,wieldy,बोझल,मातम
unwilling,willing,तैयार नहीं,इच्छुक
unwillingly,volitionally,अनिच्छुक रूप से,स्वच्छता से
unwillingly,willingly,अनिच्छुक रूप से,स्वेच्छा से
unwillingness,willingness,अनिच्छा,इच्छा
unwind,roll,खोलना,रोल
unwind,strain,खोलना,छानना
unwind,tense,खोलना,तनावग्रस्त
unwind,tense up,खोलना,तनाव में आ जाना
unwind,twine,खोलना,रस्सी
unwind,wind,खोलना,हवा
unwind,wrap,खोलना,लपेटना
unwire,wire,उखाड़ फेंकना,तार
unwisely,sagely,मूर्खतापूर्ण,संत जैसी
unwisely,wisely,मूर्खतापूर्ण,बुद्धिमानी से
unwiseness,wisdom,अवैधता,बुद्धि
unwiseness,wiseness,अवैधता,बुद्धिमानता
unwitting,witting,अनिच्छित,वध करना
unwittingly,advertently,बेइरादा,विज्ञापन से
unwittingly,heedfully,बेइरादा,सावधानी से
unwittingly,knowingly,बेइरादा,जानबूझकर
unwittingly,mindfully,बेइरादा,मन से
unwittingly,wittingly,बेइरादा,उग्रता से
unwomanly,feminine,बेईमान से,संज्ञा
unwomanly,womanly,बेईमान से,स्रैण
unwooded,wooded,बेकार,जंगली
unworldly,secular,अलौकिक,धर्मनिरपेक्ष
unworldly,temporal,अलौकिक,लौकिक
unworldly,worldly,अलौकिक,सांसारिक
unworthiness,appropriateness,अयोग्यता,संगति
unworthiness,worthiness,अयोग्यता,पात्रता
unworthy,worthy,नालायक कहीं का,योग्य
unwoven,woven,अनहोनी करना,बुना
unwrap,wrap,खोलना,लपेटना
unwrap,wrap up,खोलना,लपेटें
unwrapped,wrapped,लपेटा न,लपेटा हुआ
unwrinkled,wrinkled,अनियंत्रित,झुर्रियों
unwrinkled,wrinkly,अनियंत्रित,wrinkly
unwritten,written,लिखा नहीं,लिखा हुआ
unyoke,yoke,ऊना,घोड़े का अंसबंध
unzip,zip,खोलना,ज़िप
unzip,zip up,खोलना,ज़िप लगाना
unzip,zipper,खोलना,ज़िपर
up,down,ऊपर,नीचे
up,downward,ऊपर,नीचे
up,downwardly,ऊपर,नीचे की ओर
up,downwards,ऊपर,नीचे की ओर
up the stairs,below,सीढ़ियों से,नीचे
up the stairs,down the stairs,सीढ़ियों से,सीढ़ियों से नीचे
up the stairs,downstairs,सीढ़ियों से,सीढ़ी के नीचे
up the stairs,on a lower floor,सीढ़ियों से,एक निचली मंजिल पर
upbeat,ill-being,उत्साहित,बीमार से किया जा रहा
upchuck,keep down,ऊपर उठना,नीचे रखें
upgrade,break,उन्नत करना,तोड़ना
upgrade,bump,उन्नत करना,उभार
upgrade,declension,उन्नत करना,अवनति
upgrade,declination,उन्नत करना,झुकाव
upgrade,decline,उन्नत करना,गिरावट
upgrade,declivity,उन्नत करना,ढार
upgrade,demote,उन्नत करना,अवनत
upgrade,descent,उन्नत करना,चढ़ाई
upgrade,downgrade,उन्नत करना,ढाल
upgrade,downslope,उन्नत करना,डाउडलोप
upgrade,fall,उन्नत करना,गिरना
upgrade,kick downstairs,उन्नत करना,नीचे किक करना
upgrade,relegate,उन्नत करना,बाहर निकाल देना
uphold,cease,कायम रखना,रोकना
uphold,discontinue,कायम रखना,बंद
uphold,give up,कायम रखना,छोड़ देना
uphold,lay off,कायम रखना,छंटनी
uphold,quit,कायम रखना,छोड़ना
uphold,stop,कायम रखना,रुकना
upland,lowland,अपलैंड,समतल नीचा भूमि
uplift,cast down,उत्थान,गिराना
uplift,deject,उत्थान,दिल तोड़ना
uplift,demoralise,उत्थान,नैतिक करना
uplift,demoralize,उत्थान,नैतिक करना
uplift,depress,उत्थान,दबाना
uplift,dismay,उत्थान,बेचैनी
uplift,dispirit,उत्थान,दिल तोड़ना
uplift,get down,उत्थान,नीचे उतरो
upload,download,अपलोड करना,डाउनलोड करना
upmarket,downmarket,अत्याधुनिक,डाउटमार्केट
upper limit,lower limit,ऊपरी सीमा,निचली सीमा
upper limit,minimum,ऊपरी सीमा,न्यूनतम
upper-case letter,lower-case letter,बड़े अक्षर,छोटा अक्षर
upper-case letter,lowercase,बड़े अक्षर,छोटे
upper-case letter,minuscule,बड़े अक्षर,एक प्रकार का हस्तलेख
upper-case letter,small letter,बड़े अक्षर,छोटा पत्र
upper-class,low-class,उच्च श्रेणी,निम्न श्रेणी
upper-class,lower-class,उच्च श्रेणी,निचली श्रेणी
upper-class,middle-class,उच्च श्रेणी,मध्य वर्ग
uppercase,lower-case letter,अपरकेस,छोटा अक्षर
uppercase,lowercase,अपरकेस,छोटे
uppercase,minuscule,अपरकेस,एक प्रकार का हस्तलेख
uppercase,small letter,अपरकेस,छोटा पत्र
upright,unerect,ईमानदार,अव्यवस्थित
uprightly,dishonorably,सीधी चाल,बेईमानी से
uprise,bed,असुरक्षित,बिस्तर
uprise,come down,असुरक्षित,नीचे आओ
uprise,crawl in,असुरक्षित,रेंगना
uprise,descend,असुरक्षित,उतरना
uprise,fall,असुरक्षित,गिरना
uprise,go down,असुरक्षित,नीचे जाना
uprise,go to bed,असुरक्षित,सोने जाओ
uprise,go to sleep,असुरक्षित,सो जाओ
uprise,go under,असुरक्षित,के नीचे जाना
uprise,hit the hay,असुरक्षित,घास का मारो
uprise,hit the sack,असुरक्षित,बोरी को मार
uprise,kip down,असुरक्षित,झपकी लेना
uprise,lie,असुरक्षित,झूठ
uprise,lie down,असुरक्षित,लेट जाओ
uprise,retire,असुरक्षित,रिटायर
uprise,sack out,असुरक्षित,बोरी से बाहर निकलना
uprise,set,असुरक्षित,तय करना
uprise,sit,असुरक्षित,बैठना
uprise,sit down,असुरक्षित,बैठना
uprise,turn in,असुरक्षित,अन्दर की ओर मोड़ना
upriver,downriver,उग्रता,कमज़ोर
upriver,downstream,उग्रता,डाउनस्ट्रीम
upstage,downstage,चुनौती,दोस्ताना
upstair,downstair,ऊपर को,नीचे
upstair,downstairs,ऊपर को,सीढ़ी के नीचे
upstairs,below,ऊपर,नीचे
upstairs,down the stairs,ऊपर,सीढ़ियों से नीचे
upstairs,downstair,ऊपर,नीचे
upstairs,downstairs,ऊपर,सीढ़ी के नीचे
upstairs,on a lower floor,ऊपर,एक निचली मंजिल पर
upstream,downriver,नदी के ऊपर,कमज़ोर
upstream,downstream,नदी के ऊपर,डाउनस्ट्रीम
uptick,downtick,इजाफा,नीचे
uptime,downtime,अपटाइम,बंद रहने के समय
uptown,downtown,अपटाउन,शहर
upward,down,ऊपर की ओर,नीचे
upward,downward,ऊपर की ओर,नीचे
upward,downwardly,ऊपर की ओर,नीचे की ओर
upward,downwards,ऊपर की ओर,नीचे की ओर
upwardly,down,ऊपर की ओर,नीचे
upwardly,downward,ऊपर की ओर,नीचे
upwardly,downwardly,ऊपर की ओर,नीचे की ओर
upwardly,downwards,ऊपर की ओर,नीचे की ओर
upwards,down,ऊपर की ओर,नीचे
upwards,downward,ऊपर की ओर,नीचे
upwards,downwardly,ऊपर की ओर,नीचे की ओर
upwards,downwards,ऊपर की ओर,नीचे की ओर
upwind,downwind,हवा आने की दिशा,हवा के साथ
upwind,windward,हवा आने की दिशा,विंडवार्ड
urban,rural,शहरी,ग्रामीण
urban area,country,शहरी इलाका,देश
urban area,rural area,शहरी इलाका,ग्रामीण क्षेत्र
urbanity,gaucherie,शहतीसता,भद्दापन
urbanity,rusticity,शहतीसता,गंवारूपन
used,misused,इस्तेमाल किया गया,क्या
useful,useless,उपयोगी,बेकार
usefully,uselessly,उपयोगी,बेकार
usefulness,inutility,उपयोग,व्यर्थता
usefulness,unusefulness,उपयोग,बेईमानी
usefulness,uselessness,उपयोग,अनुपयोगिता
useless,useful,बेकार,उपयोगी
useless,utile,बेकार,उपयोगी
uselessly,usefully,बेकार,उपयोगी
uselessness,usefulness,अनुपयोगिता,उपयोग
uselessness,utility,अनुपयोगिता,उपयोगिता
usual,unusual,साधारण,असामान्य
usually,outstandingly,आम तौर पर,शानदार
usually,remarkably,आम तौर पर,ध्यान से देखने से
usually,unco,आम तौर पर,असमान होना
usually,unusually,आम तौर पर,असामान्य रूप से
usualness,unusualness,सामान्यता,असामान्यता
utile,useless,उपयोगी,बेकार
utility,inutility,उपयोगिता,व्यर्थता
utility,unusefulness,उपयोगिता,बेईमानी
utility,uselessness,उपयोगिता,अनुपयोगिता
utopia,dystopia,आदर्शलोक,तबाह देश
utopian,dystopian,काल्पनिक,मनहूस
uxorial,husbandly,उक्सोरियल,पति
vagile,sessile,योनि का,बिना डंठल का
vague,defined,अस्पष्ट,परिभाषित
valgus,varus,वल्गुस,वरस
valid,invalid,वैध,अमान्य
validate,annul,मान्य,अन्त करना
validate,avoid,मान्य,टालना
validate,invalidate,मान्य,अमान्य
validate,nullify,मान्य,मंसूख़
validate,quash,मान्य,मिटा देना
validate,vitiate,मान्य,भ्रष्ट करना
validate,void,मान्य,खालीपन
valuable,worthless,कीमती,बेकार
value,disesteem,कीमत,औषधि
value,disrespect,कीमत,अपमानित करना
vanish,appear,गायब होना,के जैसा लगना
vanish,come along,गायब होना,साथ आओ
vanity,humbleness,घमंड,शील
vanity,humility,घमंड,विनम्रता
vantage,disadvantage,सहूलियत,नुकसान
variability,evenness,परिवर्तनशीलता,एकरूपता
variability,invariability,परिवर्तनशीलता,अचलता
variability,invariableness,परिवर्तनशीलता,परिवर्तनशून्ता
variability,invariance,परिवर्तनशीलता,निश्चरता
variable,invariable,चर,अचल
variableness,invariability,परिवर्तन हो सकता है,अचलता
variableness,invariableness,परिवर्तन हो सकता है,परिवर्तनशून्ता
variableness,invariance,परिवर्तन हो सकता है,निश्चरता
variance,invariability,झगड़ा,अचलता
variance,invariableness,झगड़ा,परिवर्तनशून्ता
variance,invariance,झगड़ा,निश्चरता
varied,unvaried,विभिन्न,अनभिज्ञ
varied,unvarying,विभिन्न,बदलते
variedness,unvariedness,विविधता,अनभिज्ञता
varietal,generic,varietal,सामान्य
varietal,generic wine,varietal,सामान्य शराब
varietal wine,generic,वैरिएटल वाइन,सामान्य
varietal wine,generic wine,वैरिएटल वाइन,सामान्य शराब
varus,valgus,वरस,वल्गुस
vary,conform,अलग होना,अनुरूप होना
vascular,avascular,संवहनी,अविभाज्य
veer,back,वीर,पीछे
vegetation,fauna,वनस्पति,पशुवर्ग
vegetation,zoology,वनस्पति,जूलॉजी
veil,unveil,आवरण,अनावरण
veiled,unveiled,अप्रत्यक्ष,अनावरण किया
venally,aboveboard,वंश के रूप में,उपरोक्त
venally,honestly,वंश के रूप में,ईमानदारी से
venial sin,deadly sin,के बिना शून्य,घातक पाप
venial sin,mortal sin,के बिना शून्य,नश्वर पाप
ventilated,unventilated,हवादार,अनियंत्रित
ventral,abaxial,उदर,अछूता
ventral,dorsal,उदर,पृष्ठीय
veracity,mendacity,सच्चाई,भिक्षावृति
verbal,mathematical,मौखिक,गणितीय
verbal,numerical,मौखिक,न्यूमेरिकल
verboseness,terseness,क्रिया,तड़पता
verbosity,terseness,शब्दाडंबर,तड़पता
verity,falseness,सचाई,असत्यता
verity,falsity,सचाई,असत्यता
vermiculation,anastalsis,सिंदूर,अनस्टलसिस
vernal,autumnal,वसंती,शरत्काल का
vernal,summery,वसंती,ग्रीष्मकालिन
vernal,wintery,वसंती,शीत ऋतु
vernal,wintry,वसंती,सर्दी
vernal equinox,September equinox,उकसाया,सितंबर विषुव
vernal equinox,autumnal equinox,उकसाया,शरमाज
vernal equinox,fall equinox,उकसाया,विषम
verso,obverse,पीठ,रक्षात्मक
verso,recto,पीठ,रेक्टो
vertebrate,invertebrate,हड्डीवाला,अकशेरुकी
vertebrate,spineless,हड्डीवाला,अति दुर्बल
vertical,horizontal,खड़ा,क्षैतिज
vertical,inclined,खड़ा,इच्छुक
vertical,unerect,खड़ा,अव्यवस्थित
very loudly,pianissimo,बहुत जोर से,पियानसिमो
very loudly,very softly,बहुत जोर से,बहुत धीरे से
very softly,fortissimo,बहुत धीरे से,बहुत मजबूत
very softly,very loudly,बहुत धीरे से,बहुत जोर से
vest,disinvest,बनियान,विनिवेश
vest,divest,बनियान,ले लेना
veto,allow,वीटो,अनुमति दें
veto,countenance,वीटो,मुखाकृति
veto,let,वीटो,होने देना
veto,permit,वीटो,आज्ञा देना
vex,assure,तंग करना,आश्वासन
vex,reassure,तंग करना,आश्वस्त करना
victor,also-ran,विजेता,भी दौड़ा
victor,loser,विजेता,परास्त
victory,defeat,विजय,हराना
victory,licking,विजय,चाट
violable,inviolable,उल्लंघन करने योग्य,पवित्र
violate,conform to,का उल्लंघन,के अनुरूप
violate,keep,का उल्लंघन,रखना
violate,observe,का उल्लंघन,निरीक्षण
violent,nonviolent,हिंसक,अहिंसक
violently,nonviolently,बलपूर्वक,अशिष्टता से
virile,impotent,मर्द का,नपुंसक
virtue,demerit,गुण,अवगुण
virtue,fault,गुण,गलती
virtuous,wicked,धार्मिक,दुष्ट
virtuously,amorally,नेकी,मनमोहक रूप से
virtuously,immorally,नेकी,अनैतिक
virulent,avirulent,विषैला,अविर
visibility,invisibility,दृश्यता,अदर्शन
visibility,invisibleness,दृश्यता,अविभाज्यता
visible,invisible,दृश्यमान,अदृश्य
visible,unseeable,दृश्यमान,अयोग्य
visibleness,invisibility,विजयता,अदर्शन
visibleness,invisibleness,विजयता,अविभाज्यता
visibly,invisibly,दिख,अदृश्य
vitalise,devitalise,ऊर्जावान करने,विचलित करना
vitalise,devitalize,ऊर्जावान करने,बेजान बनाना
vitalize,devitalise,जीवित,विचलित करना
vitalize,devitalize,जीवित,बेजान बनाना
vitalness,dispensability,महत्वपूर्णता,प्रचंडता
vitalness,dispensableness,महत्वपूर्णता,विघटन
vitiate,validate,भ्रष्ट करना,मान्य
viviparous,oviparous,विविपेरस,डिंबप्रसू
viviparous,ovoviviparous,विविपेरस,ओविविविप्रस
vocal,instrumental,स्वर,वाद्य
vocalic,consonantal,स्वर,व्यंजन का
vocalise,devoice,मुखर करना,डिस्चार्ज
vocalize,devoice,मुखर बनाना,डिस्चार्ज
voice,devoice,आवाज़,डिस्चार्ज
voiced,hard,गूंजनेवाला,मुश्किल
voiced,surd,गूंजनेवाला,बहरा
voiced,unvoiced,गूंजनेवाला,चुप
voiced,voiceless,गूंजनेवाला,मौन
voiceless,enfranchised,मौन,मताधिकार
voiceless,soft,मौन,कोमल
voiceless,sonant,मौन,आवाज़
voiceless,voiced,मौन,गूंजनेवाला
void,formalise,खालीपन,सजाना
void,formalize,खालीपन,सजाना
void,validate,खालीपन,मान्य
volatile,nonvolatile,परिवर्तनशील,अस्त -व्यस्त
volatile,nonvolatilisable,परिवर्तनशील,अयोग्य
volatile,nonvolatilizable,परिवर्तनशील,अयोग्य
volatile storage,non-volatile storage,अस्थिर भंडारण,गैर-वाष्पशील भंडारण
volatile storage,nonvolatile storage,अस्थिर भंडारण,अविभाज्य भंडारण
volitionally,unwillingly,स्वच्छता से,अनिच्छुक रूप से
volley,ground stroke,फ़ायर,ग्राउंड स्ट्रोक
voltaic cell,electrolytic cell,वोल्टिक सेल,इलेक्ट्रोलाइटिक कोशिका
voluble,taciturn,बातूनी,अल्पभाषी
volume,softness,आयतन,मृदुता
voluntarily,involuntarily,स्वेच्छा से,अनायास
voluntary,conscript,स्वैच्छिक,भरती होनेवाला
voluntary,draftee,स्वैच्छिक,ड्राफ्ट
voluntary,inductee,स्वैच्छिक,अनुगम
voluntary,involuntary,स्वैच्छिक,अनैच्छिक
voluntary,nonvoluntary,स्वैच्छिक,अनिच्छुक
voluntary,unvoluntary,स्वैच्छिक,अनियंत्रित
volunteer,conscript,स्वयंसेवक,भरती होनेवाला
volunteer,draftee,स्वयंसेवक,ड्राफ्ट
volunteer,inductee,स्वयंसेवक,अनुगम
vomit,keep down,उल्टी,नीचे रखें
vomit up,keep down,उल्टी करना,नीचे रखें
voteless,enfranchised,वोटलेस,मताधिकार
vowel,consonant,स्वर,कसौटी
vowel sound,consonant,स्वर,कसौटी
vulnerability,invulnerability,भेद्यता,अकाटता
vulnerable,invulnerable,असुरक्षित,अभेद्य
waive,arrogate,माफ,हथियाना
waive,claim,माफ,दावा
waive,lay claim,माफ,दावा करना
wake,catch some Z's,जागो,कुछ z पकड़ो
wake,cause to sleep,जागो,सोने का कारण
wake,dope off,जागो,डोप करना
wake,doze off,जागो,बारह
wake,drift off,जागो,सोना
wake,drop off,जागो,बाहर निकलना
wake,drowse off,जागो,बंद करना
wake,fall asleep,जागो,सो जाना
wake,flake out,जागो,बाहर निकलना
wake,kip,जागो,रात बिताने का स्थान
wake,log Z's,जागो,लॉग जेड
wake,nod off,जागो,सो जाना
wake,sleep,जागो,नींद
wake,slumber,जागो,नींद
wake up,cause to sleep,जागो,सोने का कारण
wake up,dope off,जागो,डोप करना
wake up,doze off,जागो,बारह
wake up,drift off,जागो,सोना
wake up,drop off,जागो,बाहर निकलना
wake up,drowse off,जागो,बंद करना
wake up,fall asleep,जागो,सो जाना
wake up,flake out,जागो,बाहर निकलना
wake up,nod off,जागो,सो जाना
wakefulness,drowsiness,जागृत होना,तंद्रा
wakefulness,sleepiness,जागृत होना,तंद्रा
wakefulness,somnolence,जागृत होना,तन्द्रा
waken,cause to sleep,जागना,सोने का कारण
waken,dope off,जागना,डोप करना
waken,doze off,जागना,बारह
waken,drift off,जागना,सोना
waken,drop off,जागना,बाहर निकलना
waken,drowse off,जागना,बंद करना
waken,fall asleep,जागना,सो जाना
waken,flake out,जागना,बाहर निकलना
waken,nod off,जागना,सो जाना
waking,sleeping,जागने,सोना
walk,ride,टहलना,सवारी
walk-on,speaking,चले चलो,बोला जा रहा है
walleyed,cross-eyed,वासना,भेंगा
wane,climb,पतन,चढ़ना
wane,full,पतन,भरा हुआ
wane,mount,पतन,पर्वत
wane,rise,पतन,उठना
wane,wax,पतन,मोम
waning,waxing,घट,वैक्सिंग
wanted,unwanted,वांछित,अवांछित
war,make peace,युद्ध,शांति बनाओ
war,peace,युद्ध,शांति
war hawk,dove,युद्ध हॉक,कबूतर
war hawk,peacenik,युद्ध हॉक,युद्ध कामुख़ालिफ़
warily,unwarily,एहतियात से,अनिच्छुक रूप से
wariness,unwariness,सावधानी,अनभिज्ञता
warm,cool,गरम,ठंडा
warm-blooded,cold-blooded,जोशीला,ठंडे खून वाले
warmhearted,coldhearted,नेक,नरम दिल
wary,unwary,सावधान,असावधान
washable,nonwashable,धो सकते हैं,अयोग्य
waste,conserve,बरबाद करना,संरक्षण
waste,economise,बरबाद करना,अर्थशास्त्र
waste,economize,बरबाद करना,बचत
waste,husband,बरबाद करना,पति
wasted,enlarged,बर्बाद,बढ़ा हुआ
wasted,hypertrophied,बर्बाद,अतिवृद्धि
wasteful,thrifty,अपव्ययी,मितव्ययी
watchful,unalert,चौकन्ना,अनजान
watchful,unvigilant,चौकन्ना,अनिच्छुक
watchful,unwatchful,चौकन्ना,अयोग्य
waterlessness,wetness,पानी कापन,नमी
watermelon-shaped,oblate,तरबूज के आकार का,सपाट किया
watermelon-shaped,pumpkin-shaped,तरबूज के आकार का,कद्दू के आकार का
wave theory,corpuscular theory,तरंग सिद्धांत,शव -सिद्धांत
wave theory,corpuscular theory of light,तरंग सिद्धांत,प्रकाश का सिद्धांत
wave theory of light,corpuscular theory,प्रकाश का तरंग सिद्धांत,शव -सिद्धांत
wave theory of light,corpuscular theory of light,प्रकाश का तरंग सिद्धांत,प्रकाश का सिद्धांत
waviness,straightness,लहरातीपन,सीधा
wax,wane,मोम,पतन
waxed,unwaxed,वैक्सिंग,अचूक
waxing,waning,वैक्सिंग,घट
waxy,unimpressionable,मोमी,अयोग्य
weak,strong,कमज़ोर,मज़बूत
weak part,good part,कमजोर भाग,अच्छा हिस्सा
weak point,forte,कमजोर बिंदु,प्रधान गुण
weak point,long suit,कमजोर बिंदु,लम्बा सूट
weak point,metier,कमजोर बिंदु,धंधा
weak point,speciality,कमजोर बिंदु,स्पेशलिटी
weak point,specialty,कमजोर बिंदु,स्पेशलिटी
weak point,strength,कमजोर बिंदु,ताकत
weak point,strong point,कमजोर बिंदु,मज़बूत बिंदु
weak point,strong suit,कमजोर बिंदु,मजबूत सूट
weak spot,good part,कमजोर स्थान,अच्छा हिस्सा
weaken,beef up,कमजोर,मज़बूत करना
weaken,escalate,कमजोर,आगे बढ़ाएं
weaken,fortify,कमजोर,मज़बूत
weaken,intensify,कमजोर,तेज
weaken,step up,कमजोर,आगे आना
weaken,strengthen,कमजोर,को मजबूत
weakening,strengthening,कमजोर,को सुदृढ़
weakly,strongly,दुर्बलता से,दृढ़ता से
weakness,strength,कमजोरी,ताकत
wealth,impoverishment,संपत्ति,दरिद्रता
wealth,poorness,संपत्ति,पोरसनेस
wealth,poverty,संपत्ति,गरीबी
wealthiness,impoverishment,धन,दरिद्रता
wealthiness,poorness,धन,पोरसनेस
wealthiness,poverty,धन,गरीबी
weaned,unweaned,दूध छुड़ाने,अनिर्दिष्ट
wear,freshen,घिसाव,तरोताजा
wear,refresh,घिसाव,ताज़ा
wear,refreshen,घिसाव,ताज़ा करना
wear down,freshen,मिटना,तरोताजा
wear down,refresh,मिटना,ताज़ा
wear down,refreshen,मिटना,ताज़ा करना
wear out,freshen,थकना,तरोताजा
wear out,refresh,थकना,ताज़ा
wear out,refreshen,थकना,ताज़ा करना
wear upon,freshen,उछालना,तरोताजा
wear upon,refresh,उछालना,ताज़ा
wear upon,refreshen,उछालना,ताज़ा करना
wearable,unwearable,पहनने योग्य,अनिर्दिष्ट
weary,freshen,थका,तरोताजा
weary,refresh,थका,ताज़ा
weary,refreshen,थका,ताज़ा करना
weave,unweave,बुनना,खोल देना
webbed,unwebbed,झिल्लीदार,उछालना
wedge,dislodge,कील,जगह देना
wedge,free,कील,मुक्त
weed,cultivated plant,खर-पतवार,खेती का पौधा
weedless,weedy,बिना खात,पतला
weedy,weedless,पतला,बिना खात
weep,express joy,रोना,व्यक्त आनंद
weep,express mirth,रोना,एक्सप्रेस मिर्थ
weep,laugh,रोना,हँसना
weigh down,buoy up,तौलना,उछालना
weigh down,lighten,तौलना,हल्का
weigh down,lighten up,तौलना,हल्का होना
weigh on,buoy up,चिंता होना,उछालना
weigh on,lighten,चिंता होना,हल्का
weigh on,lighten up,चिंता होना,हल्का होना
weight,disburden,वज़न,हलका करना
weight,unburden,वज़न,बोझ उतारना
weight down,disburden,वजन घटना,हलका करना
weight down,unburden,वजन घटना,बोझ उतारना
weightiness,lightness,बोझिलता,लपट
weightiness,weightlessness,बोझिलता,भारहीनता
weightless,weighty,भारहीन,प्रभावपूर्ण
weightlessness,heaviness,भारहीनता,जड़ता
weightlessness,weightiness,भारहीनता,बोझिलता
weighty,weightless,प्रभावपूर्ण,भारहीन
welcome,say farewell,स्वागत,विदाई कहो
welcome,unwelcome,स्वागत,अनिष्ट
welfare,ill-being,कल्याण,बीमार से किया जा रहा
well,badly,कुंआ,बुरी तरह से
well,disadvantageously,कुंआ,असुविधापूर्वक
well,ill,कुंआ,बीमार
well,poorly,कुंआ,खराब
well,sick,कुंआ,बीमार
well-advised,ill-advised,होशियार,मूर्ख
well-advised,unadvised,होशियार,अस्वीकरणीय
well-being,ill-being,भलाई,बीमार से किया जा रहा
well-defined,ill-defined,अच्छी तरह से परिभाषित,ख़राब ढंग से परिभाषित
well-defined,unclear,अच्छी तरह से परिभाषित,अस्पष्ट
well-formed,ill-formed,सुडौल,बीमार का गठन
well-formed,ungrammatical,सुडौल,अव्याकरणिक
wellbeing,ill-being,भलाई,बीमार से किया जा रहा
wellness,illness,कल्याण,बीमारी
wellness,malady,कल्याण,रोग
wellness,sickness,कल्याण,रोग
wellness,unwellness,कल्याण,असमानता
west,east,पश्चिमी,पूर्व
westerly,easterly,पच्छमी,पूर्व की ओर
western,eastern,वेस्टर्न,पूर्वी
westernise,orientalise,पश्चिमीकरण,ओरिएंटलाइज
westernise,orientalize,पश्चिमीकरण,उन्मुख करना
westernize,orientalise,पश्चिमी बनाना,ओरिएंटलाइज
westernize,orientalize,पश्चिमी बनाना,उन्मुख करना
wet,dry,गीला,सूखा
wet,dry out,गीला,सूखाना
wet fly,dry fly,गीली मक्खी,सूखी मक्खी
wet-bulb thermometer,dry-bulb thermometer,गीला-बल्ब थर्मामीटर,सूखी-बल्ब थर्मामीटर
wet-nurse,bottlefeed,नर्स,बॉटल से पिलाना
wetness,dryness,नमी,शुष्कता
wetness,waterlessness,नमी,पानी कापन
wetness,xerotes,नमी,ज़ेरोट्स
wheeled,wheelless,चक्र का,घबराहट
wheelless,wheeled,घबराहट,चक्र का
whisper,shout,फुसफुसाना,चिल्लाना
white,black,सफेद,काला
white,blacken,सफेद,काला
white,blackness,सफेद,तिमिर
white,inkiness,सफेद,इनहली
white,melanise,सफेद,मेलेनिस
white,melanize,सफेद,मेलेन बनाना
white,nigrify,सफेद,निद्रा देना
white-collar,blue-collar,सफेद कॉलर,नीला कॉलर
whiten,black,निखारने में सहायक,काला
whiten,blacken,निखारने में सहायक,काला
whiten,melanise,निखारने में सहायक,मेलेनिस
whiten,melanize,निखारने में सहायक,मेलेन बनाना
whiten,nigrify,निखारने में सहायक,निद्रा देना
whiteness,black,सफेदी,काला
whiteness,blackness,सफेदी,तिमिर
whiteness,inkiness,सफेदी,इनहली
whole,fractional,साबुत,आंशिक
whole,half,साबुत,आधा
whole,part,साबुत,भाग
whole,partially,साबुत,आंशिक रूप से
whole,partly,साबुत,आंशिक रूप में
whole milk,skim milk,वसायुक्त दूध,स्किम दूध
whole milk,skimmed milk,वसायुक्त दूध,चटपटा दूध
wholesale,retail,थोक,खुदरा
wholesome,unwholesome,पौष्टिक,बेकार
wholesomeness,morbidity,स्वास्थ्य-प्रदाता,रोगों की संख्या
wholesomeness,morbidness,स्वास्थ्य-प्रदाता,विकृति
wholesomeness,unwholesomeness,स्वास्थ्य-प्रदाता,अनभिज्ञता
wholly,part,पूर्ण,भाग
wholly,partially,पूर्ण,आंशिक रूप से
wholly,partly,पूर्ण,आंशिक रूप में
wicked,virtuous,दुष्ट,धार्मिक
wide,narrow,चौड़ा,सँकरा
widely distributed,endemic,व्यापक रूप से वितरित,स्थानिक
widen,contract,चौड़ा,अनुबंध
widen,narrow,चौड़ा,सँकरा
widen,take in,चौड़ा,ले लेना
wideness,narrowness,चौकसता,संकीर्णता
widening,narrowing,चौड़ा,संकुचन
wieldy,unmanageable,मातम,अस्वाभाविक
wieldy,unwieldy,मातम,बोझल
wife,hubby,पत्नी,पति
wife,husband,पत्नी,पति
wife,married man,पत्नी,विवाहित व्यक्ति
wifelike,husbandly,वाइफेलिक,पति
wifely,husbandly,बीवी का,पति
wigged,wigless,विगित किया हुआ,विगहीन
wigless,wigged,विगहीन,विगित किया हुआ
wild,tame,जंगली,टेम
wild,tamed,जंगली,पालतू
wildness,domestication,जंगलीपन,पातलू बनाने का कार्य
wildness,tameness,जंगलीपन,दब्बूपन
will,disinherit,इच्छा,disinherit
will,disown,इच्छा,अस्वीकार
willing,unwilling,इच्छुक,तैयार नहीं
willingly,unwillingly,स्वेच्छा से,अनिच्छुक रूप से
willingness,involuntariness,इच्छा,अनैतिकता
willingness,unwillingness,इच्छा,अनिच्छा
win,drop off,जीतना,बाहर निकलना
win,fail,जीतना,असफल
win,fall back,जीतना,मैदान छोड़ना
win,fall behind,जीतना,पिछड़ना
win,go wrong,जीतना,उल्टा जाओ
win,lose,जीतना,खोना
win,losings,जीतना,पराजय
win,losses,जीतना,हानि
win,miscarry,जीतना,असफल होना
win,recede,जीतना,दूर जाना
wind,unroll,हवा,उतारना
wind,unwind,हवा,खोलना
wind,wind off,हवा,रवाना होना
wind off,roll,रवाना होना,रोल
wind off,twine,रवाना होना,रस्सी
wind off,wind,रवाना होना,हवा
wind off,wrap,रवाना होना,लपेटना
windward,lee,विंडवार्ड,ली
windward,lee side,विंडवार्ड,ली की ओर
windward,leeward,विंडवार्ड,हवा का
windward,upwind,विंडवार्ड,हवा आने की दिशा
winged,wingless,पंखों वाला,पंखहीन
wingless,winged,पंखहीन,पंखों वाला
winner,also-ran,विजेता,भी दौड़ा
winner,failure,विजेता,असफलता
winner,loser,विजेता,परास्त
winner,nonstarter,विजेता,अखंड
winner,unsuccessful person,विजेता,असफल व्यक्ति
winnings,losings,जीत,पराजय
winnings,losses,जीत,हानि
winter solstice,June 21,शीतकालीन अयनांत,21 जून
winter solstice,midsummer,शीतकालीन अयनांत,गरमी का मध्य
winter solstice,summer solstice,शीतकालीन अयनांत,ग्रीष्म संक्रांति
winterise,summerise,विंटरिस,समरस
winterise,summerize,विंटरिस,समर बनाना
winterize,summerise,शीतकालीन बनाना,समरस
winterize,summerize,शीतकालीन बनाना,समर बनाना
wintery,autumnal,शीत ऋतु,शरत्काल का
wintery,summery,शीत ऋतु,ग्रीष्मकालिन
wintery,vernal,शीत ऋतु,वसंती
wintry,autumnal,सर्दी,शरत्काल का
wintry,summery,सर्दी,ग्रीष्मकालिन
wintry,vernal,सर्दी,वसंती
wire,unwire,तार,उखाड़ फेंकना
wired,wireless,तार का,वायरलेस
wireless,wired,वायरलेस,तार का
wisdom,folly,बुद्धि,FOLLY
wisdom,foolishness,बुद्धि,बेवकूफी
wisdom,unsoundness,बुद्धि,कारण सीमित
wisdom,unwiseness,बुद्धि,अवैधता
wise,foolish,ढंग,मूर्ख
wisely,foolishly,बुद्धिमानी से,मूर्खता से
wisely,unwisely,बुद्धिमानी से,मूर्खतापूर्ण
wiseness,folly,बुद्धिमानता,FOLLY
wiseness,foolishness,बुद्धिमानता,बेवकूफी
wiseness,unsoundness,बुद्धिमानता,कारण सीमित
wiseness,unwiseness,बुद्धिमानता,अवैधता
wish,begrudge,इच्छा,डाह खाना
wish,resent,इच्छा,क्रोध करना
wish well,begrudge,अच्छी तरह से कामना करना,डाह खाना
wish well,resent,अच्छी तरह से कामना करना,क्रोध करना
wishful,undesiring,इच्छुक,अनिर्णीत
wishful,undesirous,इच्छुक,अवांछित
withdraw,advance,निकालना,अग्रिम
withdraw,bank,निकालना,किनारा
withdraw,deposit,निकालना,जमा
withdraw,engage,निकालना,काम पर लगाना
withdraw,go on,निकालना,जारी रखें
withdraw,lock,निकालना,ताला
withdraw,march on,निकालना,कूच करना
withdraw,mesh,निकालना,जाल
withdraw,move on,निकालना,आगे बढ़ो
withdraw,operate,निकालना,प्रचालन
withdraw,pass on,निकालना,आगे बढ़ना
withdraw,progress,निकालना,प्रगति
withholder,granter,रोकनेवाला,दानेदार
within,outside,अंदर,बाहर
withstand,give up,का सामना,छोड़ देना
withstand,surrender,का सामना,समर्पण
witting,unwitting,वध करना,अनिच्छित
wittingly,inadvertently,उग्रता से,अनजान
wittingly,unknowingly,उग्रता से,अनजाने में
wittingly,unwittingly,उग्रता से,बेइरादा
woman,adult male,महिला,वयस्क पुरुष
woman,man,महिला,आदमी
womanly,unwomanly,स्रैण,बेईमान से
won,lost,जीत गया,खो गया
wooded,treeless,जंगली,वृक्षों के विना
wooded,unwooded,जंगली,बेकार
woodenly,gracefully,लकड़ी से,इनायत से
woodenly,graciously,लकड़ी से,विनय से
woody,nonwoody,वुडी,नॉनवुड
work,idle,काम,निठल्ला
work,laze,काम,लपेटना
work,malfunction,काम,खराबी
work,misfunction,काम,गलतफहमी
work,slug,काम,काउंटर
work,stagnate,काम,बहना
work day,day of rest,कार्य दिवस,आराम का दिन
work day,rest day,कार्य दिवस,विश्राम का दिन
work time,time off,काम का समय,काम या अध्ययन से इतर समय
workday,day of rest,कार्यदिवस,आराम का दिन
workday,rest day,कार्यदिवस,विश्राम का दिन
worker,nonworker,कार्यकर्ता,नॉनवर्कर
working day,day of rest,कार्य दिवस,आराम का दिन
working day,rest day,कार्य दिवस,विश्राम का दिन
worldliness,naiveness,सांसारिकता,भयावहता
worldliness,naivete,सांसारिकता,भोलेपन
worldliness,naivety,सांसारिकता,नौसिखिया
worldliness,otherworldliness,सांसारिकता,अन्यता
worldliness,spiritism,सांसारिकता,अध्यात्मवाद
worldliness,spiritualism,सांसारिकता,अध्यात्मवाद
worldliness,spirituality,सांसारिकता,आध्यात्मिकता
worldly,unworldly,सांसारिक,अलौकिक
worn,new,पहना हुआ,नया
worrisome,reassuring,चिंताजनक,आश्वस्त
worry,assure,चिंता,आश्वासन
worry,reassure,चिंता,आश्वस्त करना
worse,better,ज़्यादा बुरा,बेहतर
worsen,ameliorate,खराब,उन्नति
worsen,amend,खराब,सुधार करना
worsen,better,खराब,बेहतर
worsen,improve,खराब,सुधार
worsen,meliorate,खराब,कृषि योग्य बनाना
worsened,better,खराब हो गई,बेहतर
worsening,bettering,बिगड़ती,बेहतर
worst,best,बहुत बुरा,श्रेष्ठ
worth,ineptitude,लायक,अयोग्यता
worth,worthlessness,लायक,नाकाबिल
worthiness,unworthiness,पात्रता,अयोग्यता
worthless,valuable,बेकार,कीमती
worthlessness,worth,नाकाबिल,लायक
worthy,unworthy,योग्य,नालायक कहीं का
woven,unwoven,बुना,अनहोनी करना
wrap,undo,लपेटना,पूर्ववत
wrap,unroll,लपेटना,उतारना
wrap,unwind,लपेटना,खोलना
wrap,unwrap,लपेटना,खोलना
wrap,wind off,लपेटना,रवाना होना
wrap up,undo,लपेटें,पूर्ववत
wrap up,unfurl,लपेटें,खोलना
wrap up,unroll,लपेटें,उतारना
wrap up,unwrap,लपेटें,खोलना
wrapped,unwrapped,लपेटा हुआ,लपेटा न
wrinkled,ironed,झुर्रियों,इस्त्री
wrinkled,unwrinkled,झुर्रियों,अनियंत्रित
wrinkled,wrinkleless,झुर्रियों,बिना झुर्रियों का
wrinkleless,wrinkled,बिना झुर्रियों का,झुर्रियों
wrinkleless,wrinkly,बिना झुर्रियों का,wrinkly
wrinkly,unwrinkled,wrinkly,अनियंत्रित
wrinkly,wrinkleless,wrinkly,बिना झुर्रियों का
written,spoken,लिखा हुआ,बोला
written,unscripted,लिखा हुआ,अलिखित
written,unwritten,लिखा हुआ,लिखा नहीं
wrong,aright,गलत,दाहिनी ओर
wrong,compensate,गलत,मुआवजा
wrong,correct,गलत,सही
wrong,correctly,गलत,सही ढंग से
wrong,redress,गलत,निवारण
wrong,right,गलत,सही
wrong,rightfulness,गलत,हक
wrongfulness,right,गलतफहमी,सही
wrongfulness,rightfulness,गलतफहमी,हक
wrongly,aright,गलत तरीके से,दाहिनी ओर
wrongly,correctly,गलत तरीके से,सही ढंग से
wrongly,right,गलत तरीके से,सही
wrongness,appropriateness,गलतफहमी,संगति
wrongness,correctness,गलतफहमी,यथार्थता
wrongness,rightness,गलतफहमी,सच्चाई
xenogeneic,allogeneic,ज़ेनोजेनिअसिक,अनुवांशिक रूप से भिन्न
xeric,hydric,ज़िंदगी,हाइड्रिक
xeric,mesic,ज़िंदगी,मेस -संबंधी
xerotes,wetness,ज़ेरोट्स,नमी
yang,yin,कौन,यिन
yea,nay,हाँ,अस्वीकार
year-around,seasonal,साल-दर-ओर,मौसमी
year-round,seasonal,वर्ष के दौरान,मौसमी
yes,no,हाँ,नहीं
yesteryear,future,पहल साल,भविष्य
yesteryear,futurity,पहल साल,भविष्यकाल
yesteryear,hereafter,पहल साल,इस के बाद
yesteryear,time to come,पहल साल,आने का समय
yield,come through,उपज,के द्वारा आएं
yield,make it,उपज,इसे बनाएं
yield,pull round,उपज,चक्कर लगाना
yield,pull through,उपज,काबू पाना
yield,remain firm,उपज,दृढ़ रहना
yield,stand,उपज,खड़ा होना
yield,survive,उपज,जीवित बचना
yieldingly,disobediently,उपज से,अवज्ञा से
yin,yang,यिन,कौन
yoke,unyoke,घोड़े का अंसबंध,ऊना
young,aged,युवा,वृद्ध
young,elderly,युवा,बुज़ुर्ग
young,old,युवा,पुराना
youngness,oldness,उग्रता,प्राचीनता
youth,aged,युवा,वृद्ध
youth,elderly,युवा,बुज़ुर्ग
zealot,nonpartisan,कट्टरपंथी,निष्पक्षीय
zealot,nonpartizan,कट्टरपंथी,नॉनपार्टिज़न
zenith,nadir,शीर्षबिंदु,नादिर
zip,unzip,ज़िप,खोलना
zip up,unzip,ज़िप लगाना,खोलना
zipper,unzip,ज़िपर,खोलना
zonal,azonal,जोनल,अज़ोनल
zoology,botany,जूलॉजी,वनस्पति विज्ञान
zoology,flora,जूलॉजी,फ्लोरा
zoology,vegetation,जूलॉजी,वनस्पति
zygodactyl,heterodactyl,ज़ीगोडैक्टाइल,हेटेरोडैक्टाइल
zygodactyl foot,heterodactyl foot,ज़ीगोडैक्टाइल फुट,हेटेरोडैक्टाइल फुट
zygomorphic,actinomorphic,ज़ीगोमोर्फिक,एक्टिनोमोर्फिक
zygomorphic,actinomorphous,ज़ीगोमोर्फिक,एक्टिनोमोर्फस
zygomorphous,actinomorphic,ज़ीगोमोर्फस,एक्टिनोमोर्फिक
zygomorphous,actinomorphous,ज़ीगोमोर्फस,एक्टिनोमोर्फस
