sentence1,sentence2,label
दो लोग मोटरसाइकिल नहीं चला रहे हैं,दो लोग मोटरसाइकिल चला रहे हैं,NP
पिल्ला प्लास्टिक के कंटेनर से खेल रहा है,पिल्ला प्लास्टिक के कंटेनर से खेल रहा है,P
आंध्र प्रदेश के श्रीहरिकोटा से आज सुबह पहला स्वदेशी स्पेस शटल  आरएलवी-टीडी  का सफल प्रक्षेपण किया गया। ,सोमवार सुबह श्रीहरिकोटा के सतीश धवन अंतरिक्ष केंद्र से करीब ग्यारह टन वजन वाले रॉकेट का प्रक्षेपण हो गया,P
1984 में बारामती से उन्होंने पहली बार लोकसभा चुनाव जीता।,बारामती से 1984 में  उन्होंने पहली बार लोकसभा चुनाव जीता।,P
पीएम नरेंद्र मोदी के बाद अब कपिल शर्मा का स्टैचू भी मैडम तुसाद संग्रहालय की शोभा बढ़ाएगा।,पा' से चर्चा में आए निहाल नहीं रहे,NP
राज्यसभा की आचार समिति के अध्यक्ष करण सिंह की ओर से उन्हें लिखे गए पत्र का भी जिक्र किया।,25 अप्रैल को हुई एथिक्स कमेटी ने उन्हें 7 दिन का वक्त दिया|,NP
नीले रंग में एक लड़की हरे रंग की स्लाइड से नीचे जा रही है,नीले रंग की लड़की स्लाइड से नीचे जा रही है,P
"पाकिस्तान को करारा जवाब, भारत ने पृथ्वी-2 मिसाइल का किया सफल प्रक्षेपण",पृथ्वी दो मिसाइल का प्रक्षेपण ओडिशा में चांदीपुर परीक्षण रेंज से किया गया ,NP
क्रिकेट जगत के भगवान माने जाने वाले सचिन तेंदुलकर ने भारतीय ओलंपिक संघ के निमंत्रण को स्वीकार कर लिया है,महान क्रिकेटर सचिन तेंदुलकर ने आगामी रियो ओलंपिक खेलों के लिए देश का सद्भावना दूत बनने का भारतीय ओलंपिक संघ (आईआओए) का निमंत्रण स्वीकार कर लिया है,P
मंत्री ने सार्वजनिक संबोधन में सुधार की प्रशंसा प्रगतिशील और समावेशी होने के रूप में की।,मंत्री ने सार्वजनिक भाषण में कहा कि यह सुधार रूढ़िवादी और बहिष्कृत था।,NP
उसके बाद बीएसपी की चीफ और यूपी की पूर्व मुख्यमंत्री मायावती को लेकर भी पोस्टर जारी हुआ था,गोरखपुर में कांग्रेस के कार्यकर्ताओं की तरफ से राहुल गांधी का सिंघम अवतार वाला पोस्टर जारी किया गया है,NP
इस दौरान कई लड़कियों के पैरों में दर्द होने लगा। मुर्गा बने लड़कों की हालत भी खराब हो गई।,कई लड़कियों के पैरों में इस दौरान दर्द होने लगा। मुर्गा बने लड़कों की हालत भी ख़राब हो गई।,P
"इसका नाम विवेकानंद ब्रिज है, फ्लाई ओवर को बनाने का काम पिछले तीन साल से चल रहा था।","बताया जा रहा है कि पुल तंग जगह में बन रहा थी, इस वजह से वहां ट्रॉफिक भी बाधित हो गई है।",NP
एक नाव पानी के ऊपर शांति से चल रही है,एक नाव लंगर है,NP
पाकिस्तान  के एफ-16 विमान चौकस थे।,इस डील को लेकर पाकिस्तान के कुछ आर्मी जनरल बेहद नाराज थे|,NP
"सबसे पहले, अधिकांश सवार हील और एक चिकनी, काफी पतले तले वाले राइडिंग बूट्स पहनते हैं।","सबसे पहले, अधिकांश सवार एक एड़ी और एक चिकनी, काफी संकीर्ण, एकमात्र के साथ सवारी के जूते पहनते हैं।",NP
बंदर मार्शल आर्ट्स का अभ्यास कर रहा है,एक दस्तानेदार व्यक्ति एक बंदर के हाथ पर लात मार रहा है,NP
"1963 में बाँध बनने के बाद, मौसमी बाढ़ जो पूरे नदी में तलछट फैला देगी वह रुक गई थी.","१९६३ में बांध ोंके निर्माण के बाद, मौसमी बाढ़ जो पूरी नदी में तलछट फैल जाएगी, को रोक दिया गया था ।",P
न्यायमूर्ति दीपक मिश्रा और शिवकीर्ति सिंह की खंड़पीठ ने अटॉर्नी जनरल मुकुल रहतोगी से कहा कि वे उत्तराखंड़ में शीर्ष न्यायालय की देख-रेख में शक्ति परीक्षण की संभावनाओं पर निर्देश लें और केन्द्र की राय से न्यायालय को बुधवार तक अवगत कराए।,आदित्यनाथ शादी कर मर्दानगी साबित करें : आजम खान,NP
"पहले पड़ाव में वे बेल्जियम की राजधानी ब्रसेल्स जा रहे हैं, उनकी सिक्युरिटी के लिए वहां बेल्जियम की आर्मी लगाई गई है।",प्रधानमंत्री नरेन्द्र मोदी का तीस मार्च को बेल्जियम प्रधानमंत्री चार्ल्से मिशेल से ब्रुसेल्सन में मिलने का कार्यक्रम है।,NP
शेफ ध्यान से कुछ तेल एक पैन में डाल रहा है,एक आदमी द्वारा एक पैन में कुछ तरल पदार्थ डाला जा रहा है,P
चांद की सतह चट्टानों और धूल से बनी है. चांद की बाहरी परत को क्रस्ट कहते हैं.,चांद की सतह चट्टानों और धूल से बनी है।चन्द्रमा की बाहरी परत को क्रस्ट कहा जाता है।,NP
"    मुलायम के पास 2 घर, एक इटावा और एक लखनऊ में, जबकि एक घर सैफई में है।  मुलायम की कुल संपत्ति 15 करोड़ 96 लाख है। ","  वहीं, कल्याण सिंह के पास भी एक बिल्डिंग है और कुल संपत्‍ति‍ 60 लाख की है। ",NP
आदमी एक टमाटर काट रहा है,एक महिला एक गाजर काट रही है,NP
अगस्ता डील पर किरीट सोमैया के आरोपों से खुश हुए राहुल गांधी,अगस्ता डील पर किरीट सोमैया के आरोपों से  मैं खुश हुं : राहुल गांधी,P
ऑस्ट्रेलिया के पूर्व क्रिकेटर माइकल हसी ने कहा है कि धोनी अब भी कप्तानी के लिए बेस्ट हैं और हसी ने यह भी कहा कि बल्लेबाजी में भी धोनी चुके नहीं हैं।,"उन्होंने भारतीय गेंदबाजी के बारे में कहा, 'मुझे भारत के गेंदबाज पसंद है और  ईशांत शर्मा और उमेश यादव अच्छे गेंदबाज है।",NP
इंडोनेशिया की राजधानी जकार्ता में आतंकियों ने आत्मघाती हमला किया,जकार्ता में धमाकों के बाद  स्टारबक्स कैफे के पास फायरिंग अभी भी चल रही है।,NP
आदमी एक चट्टानी पहाड़ पर खड़ा है और ग्रे बादल पृष्ठभूमि में हैं,वह व्यक्ति किसी चट्टानी पहाड़ पर खड़ा नहीं है और भूरे बादल पृष्ठभूमि में नहीं हैं,NP
एक आदमी गिटार खेल रहा है,एक आदमी गिटार नहीं खेल रहा है,NP
एक झील में एक फ्रिस्बी के लिए लड़ने वाले कुत्ते नहीं हैं,एक झील में दो कुत्ते एक फ्रिस्बी के लिए लड़ रहे हैं,NP
विराट कोहली पर लग सकता है एक मैच का बैन, कोहली पर लग सकता है एक मैच का बैन,P
मक्खन को एक महिला ने चाकू से काटा जा रहा है,चाकू वाली महिला एक मिर्च काट रही है,P
  सिक्युरिटी फोर्सेस ने पत्थरबाजों को कंट्रोल करने में पैलेट गन का इस्तेमाल किया। इससे 400 से ज्यादा घायल हुए हैं।,महबूबा से तीखा सवाल हुआ  घाटी में सेना के बल प्रयोग पर आपने स्टैंड क्यों बदला? इसका उन्होंने उतना ही तीखा जवाब दिया।,NP
नैनीताल और पौड़ी में भेजे वायुसेना हेलीकॉप्टर आग बुझाने में व्यस्त है|,राज भवन के अधिकारियों ने बताया कि एनडीआरएफ की तीन और एसडीआरएफ की एक कंपनी राज्य के अलग-अलग हिस्सों में आग बुझाने में व्यस्त है|,P
मिलान कोर्ट की रूलिंग में सोनिया-मनमोहन का नाम है|,केंद्रीय मंत्री रविशंकर प्रसाद ने कहा कि  भाजपा संसद में इस मुद्दे पर कांग्रेस पर प्रहार करेगी।,NP
राज्य में सभी वन अधिकारियों और कर्मचारियों की छुट्टी रद्द कर दी गई है।,राज्य के सभी वन कर्मियों की छुट्टियां रद्द कर दी गयी हैं|,P
"  भारत के लिए स्टुअर्ट बिन्नी ने 11वां ओवर किया, जिसमें लुईस ने एक के बाद एक 5 छक्के लगा दिए। ",  जवाब में टारगेट का पीछा करने उतरी टीम इंडिया की शुरुआत अच्छी नहीं रही और 4.4 ओवर में 44 रन पर उसके दो विकेट गिर गए।,NP
करिश्मा कपूर और उनके पति संजय कपूर के बीच तलाक केस में शुक्रवार को समझौता हो गया।,उत्तरी कश्मीर के कुपवाड़ा जिले के हंदवाड़ा इलाके में मंगलवार को सेना की फायरिंग में दो स्थानीय युवकों की मौत हो गई।,NP
"  कहा भाजपा जानबूझकर ऐसे फैसले लेती है, ताकी मनसे और शिवसेना इसका विरोध करें। और ","  धुरी के मुताबिक गोरेगांव इलाके में घर लेने के लिए उन्होंने श्रीधरन नाम के बिल्डर के ऑफिस में फोन किया था। महिला ने बताया, गोरेगांव इलाके में एक 22 मंजिला इमारत बन रही है। ",NP
सैन्य कर्मी द्वारा एक लड़की के साथ कथित छेड़छाड़ की खबर के बाद इलाके में भड़की हिंसा को काबू करने के लिए जवानों को फायरिंग करनी पड़ी और फायरिंग में तीन लोगों की मौत हो गई।,"हंदवाड़ा मामले में नया मोड़, पीड़ित लड़की ने कहा- नहीं हुई थी छेड़खानी|",NP
एक बाघ का बच्चा एक गेंद के साथ खेल रहा है,एक बच्चा बाघ गेंद के साथ खेल रहा है,P
इन मामलों में उसके निशाने पर यूपीए सरकार और कांग्रेस अध्यक्ष सोनिया गांधी रहेंगी।,इन मामलों में भाजपा के निशाने पर यूपीए सरकार और कांग्रेस अध्यक्ष सोनिया गांधी रहेंगी।,P
कहीं ईरान से उसे किडनैप तो नहीं किया गया था?,ऐसे में लगता है कि कुलभूषण का ईरान से  अपहरण किया गया है।,P
मोदी का यहां इंडियन कम्युनिटी को भी एड्रेस करने का प्रोग्राम है।,जबकि उस वक्त हमारी टीम एक -दो  से पिछड़ रही थी।',NP
कुछ सफेद कुत्ते समुद्र तट पर दौड़ रहे हैं और कूद रहे हैं,दो श्वेत कुत्ते समुद्र तट के किनारे दौड़ते और कूदते हैं,P
सताईस  फरवरी दो हज़ार दो  को गोधरा में साबरमती एक्सप्रेस की बोगी नंबर S-6 में आग लगने से 98 लोगों की मौत हो गई थी।,गुजरात सरकार ने दो हज़ार दो  में मामले की जांच के लिए नानावती कमीशन बनाया था। ,NP
सिर्फ मैंने फिल्म देखी।,मैंने सिर्फ फिल्म देखी।,NP
एक महिला पेंट और पोशाक पहन रही है और व्यस्त सड़क पर साइकिल चला रही है,एक व्यस्त सड़क पर पेंट और पोशाक पहने हुए एक महिला बाइक पर सवार है,P
वित्तीय स्थिति लगातार खराब होने के कारण आइएस अपने प्रभाव वाले क्षेत्रों में कर और जुर्माने बढ़ाता जा रहा है।,"नकदी, खाद्य सामाग्री और दवाओं के संकट से जूझ रहे आतंकवादी इन गुलामों को खरीद-बेच रहे हैं",NP
इस पर कोर्ट ने टिप्पणी की कि राष्ट्रपति राजा नहीं है|,नेवी में सिलेंडर ब्लास्ट की घटना सामने आई|,NP
तकनीकी गड़बड़ी के चलते रुकी हेडली की गवाही,धर्मशाला में भारत-पाक मैच को लेकर बीसीसीअई असमंजस में है|,NP
पिछले विधानसभा के सेशन में दिल्ली सरकार द्वारा पारित किए गए अधिकतर बिलों (विधेयकों) को उपराज्यपाल नजीब जंग ने केंद्र सरकार के पास भेज दिया है,इस बार का मुद्दा है बिना उपराज्यपाल की मंजूरी के डीडीसीए की जांच के लिए नोटिफिकेशन जारी करना।,NP
चिक्कू रॉबर्ट यहां सलाह सिटी के बदर अल समा हॉस्पिटल में काम करती थी।,यहां वह सलाह सिटी के बदर अल समा हॉस्पिटल में काम करती थी।,P
केवल जर्म-लाइन कोशिकाओं में वृद्धि बच्चों तक पहुँच सकती है जबकि अन्य कहीं होने वाली वृद्धि से कोशिकाएँ नष्ट हो सकती हैं या कैंसर हो सकता है.,"केवल जर्म-लाइन कोशिकाओं में उत्परिवर्तन बच्चों को पारित किया जा सकता है, जबकि अन्य जगहों पर उत्परिवर्तन कोशिका-मृत्यु या कैंसर का कारण बन सकता है।",P
भीषण आग से 6 लोगों की मौत हो गई है।,अब तक छह लोगों के मरने की खबर है।,P
"  किसी तरह गुजारा करने के लिए उन्होंने मजदूरी का काम शुरू किया। दिनभर पत्थर तोड़ते और शाम को जो मजदूरी मिलती, उससे खाने का इंतजाम करते।",  खली शुरू से ही बलशाली थे। हाइट काफी अच्छी थी।  उनकी जिंदगी में नया मोड़ तब आया जब वे सिक्युरिटी गार्ड की नौकरी के लिए शिमला गए।,NP
एक आदमी एक खाली पूल में कूद रहा है,एक आदमी एक पूर्ण पूल में कूद रहा है,NP
विदेश मंत्रालय के प्रवक्ता विकास स्वरूप ने ट्वीट कर माल्या का पासपोर्ट रद्द होने की जानकारी दी,"विकास स्वरूप ने ट्वीट किया, प्रवर्तन निदेशालय (ईडी) की तरफ से जारी किए गए नोटिस पर विजय माल्या के जवाब के बाद ये कार्रवाई की गई है।",NP
"उनके पाठ्यक्रम में यूरोपियन पॉलिटिक्स, इंडियन पॉलिटिकल अनैलेसिस और साइकॉलजी ऑफ पॉलिटिक्स विषय शामिल थे।","2 साल के कोर्स में पीएम मोदी ने विषय के तौर पर यूरोपियन पॉलिटिक्स, भारतीय राजनीति का विश्लेषण और राजनीति का मनोविज्ञान पढ़ा था।",P
प्रधानमंत्री नरेंद्र मोदी ने उज्ज्वला योजना की शुरुआत उत्तर प्रदेश  के बलिया जिले से की।,पीएम नरेंद्र मोदी ने बलिया से आज 'प्रधानमंत्री उज्जवला योजना' की शुरुआत की|,P
1973 में रोजी रोटी की तलाश में वे गोरखपुर आ गए।,  31 दिसंबर 2002 में खाद्य कारखाना अचानक बंद हो गया और नौकरी चली गई।,NP
"एडगर वेगुइला के हाथ और जबड़े जख्मि हो गये, जबकि क्रिस्टोफ़र श्नाइडर को चेहरे की पुनर्निर्माण सर्जरी की आवश्यकता थी।",एडगर वेगुइला को हाथ और जबड़े में चोट लगी जबकि क्रिस्टोफर श्नाइडर को अपने चेहरे के लिए पुनर्निर्माण सर्जरी की आवश्यकता थी।,P
दो बच्चे एक मूर्ति पर खेल रहे हैं,छोटे बच्चे पार्क में एक मूर्ति पर चढ़ रहे हैं,P
रेसिंग कुत्तों का एक समूह पट्टीदार वर्दी पहने हुए है और एक ट्रैक पर दौड़ रहा है,रेसिंग के लिए प्रजनन किए गए कुत्तों का एक समूह पट्टियों वाली वर्दी पहने हुए है और एक ट्रैक पर दौड़ रहा है,P
पीडीपी की अध्यक्ष महबूबा मुफ्ती सोमवार को जम्मू-कश्मीर की पहली महिला मुख्यमंत्री बनीं,महबूबा मुफ्ती ने जम्मू-कश्मीर की तेरह वें  सीएम के रूप में शपथ ली।,P
श्रीलंका के खिलाफ क्यों जीता भारत|,श्रीलंका को हराकर भारत एशिया कप के फाइनल में पहुंचा|,NP
एक भूरा कुत्ता और एक काला कुत्ता रेत में खेल रहे हैं,रेत में खेलते कोई भूरा कुत्ता और काला कुत्ता नहीं,NP
ईडी ने विजय माल्या का पासपोर्ट रद्द करने की मांग की थी|,कई बार ईडी ने माल्या को पूछताछ के लिए बुलाया था|,NP
पुलिस आरोपी टीचर से पढ़ने वाले अन्य बच्चों और उनके माता-पिता के बयान भी ले रही है।,आरोपी टीचर से पढ़ने वाले अन्य बच्चों और उनके माता-पिता के बयान भी पुलिस ले रही है।,P
दो लड़के एक ट्रांपॉलिन पर खेल रहे हैं,कोई भी ट्रैंपॉलिन पर खेल रहा है,NP
एक पुरुष और एक महिला हाथ मिला रहे हैं,दो लोग हाथ मिला रहे हैं,P
एक महिला कानों की सुरक्षा पहन रही है और वह एक बंदूक से एक इनडोर शूटिंग रेंज पर गोली मार रही है,एक महिला लक्ष्य अभ्यास पर गोली मार रही है,P
एक आदमी रस्सी के पुल पर धीरे-धीरे चल रहा है,एक आदमी रस्सी से बने पुल पर धीरे-धीरे चल रहा है,P
बहुत धूप के दिन एक पीला कुत्ता सफेद बर्फ पर दौड़ रहा है,एक पीला कुत्ता धूप के दिन सफेद बर्फ पर दौड़ रहा है,P
नौ जनवरी से स्टेट में गवर्नर रूल लागू है।,नौ जनवरी से जम्मू-कश्मीर  में राज्यपाल का शासन  लागू है।,P
"आतंकवादी' थे भगत सिंह-चंद्रशेखर आजाद, दिल्लि विश्वविद्यालय  में बच्चे ये ही पढ़ रहे हैं|",महाराष्ट्र का एक बड़ा राजनेता दाऊद से करता है रोजाना बात|,NP
एक पूर्वी पुरुष और दो महिलाएं कैमरे के सामने हैं,लोगों का समूह एक साथ खड़ा है और कैमरे को देख रहा है,P
एक गाय घास खा रही है,एक गाय घास खा रही है,P
सुप्रिया एनसीपी की टॉप लीडर्स में से एक होने के साथ ही पिछले 2 बार से 2009 और 2014 में अपनी पिता की सीट बारामती से एमपी हैं।,पिछले 2 बार से 2009 और 2014 में अपनी पिता की सीट बारामती से सुप्रिया एमपी होने के साथ साथ एनसीपी की टॉप लीडर्स में से एक हैं।,P
नम आंखों से बाबा हरदेव सिंह को अंतिम विदाई|,पंचतत्व में विलीन हुआ निरंकारी बाबा हरदेव सिंह का पार्थिव शरीर|,NP
दो घंटे के अंदर सरकारी इमारतों के पास तीन और बम फटे।,दो घंटे की अवधि में सरकारी भवनों के पास तीन और बम विस्फोट हुए।,P
मैंने जब वापसी की तो मैं बहुत आश्वस्त था,जब मैने वापसी की तब मैं आत्मविश्वास से ओतप्रोत था,P
जोनाथन बैंक को लादेन की लोकेशन बताने वाला पाकिस्तानी कर्नल  अब वॉशिंगटन के पास ही रहता है।,"अहमदाबाद मिरर' को मिली जानकारी के मुताबिक, मोदी औसत से अच्छे स्टूडेंट थे और राजनीति शास्त्र में एम ए प्रथम श्रेणी में पास किया था।",NP
"एक व्यक्ति एक रस्सी के साथ एक चट्टान पर चढ़ रहा है, जो गुलाबी है",एक आदमी रस्सी के साथ चट्टान पर चढ़ रहा है,P
"इसके साथ ही उन्होंने ‘बेटी बचाओ, बेटी पढाओ' जैसी योजनाओं के जरिए महिलाओं के कल्याण के लिए अपनी सरकार की प्रतिबद्धता भी जाहिर की.",कन्हैया ने अपने मशहूर भाषण में गोलवरकर के मुसोलिनी से मुलाकात करने की बात की थी।,NP
हालांकि माल्या भारत वापस लौटने के सवाल पर चुप्पी साधे रहे।,"उनका पूरा परिवार एनआरआई है, इस कारण उनकी प्रॉपर्टी के बारे में जानकारी मांगने का हक भारत में किसी को नहीं है।",NP
तीन दोस्त कैमरे के लिए चेहरे बना रहे हैं,तीन दुश्मन कैमरे के लिए चेहरे बना रहे हैं,NP
"केंद्रीय मंत्री ने यह भी कहा कि बसपा का जहाज डूब रहा है, इसीलिए लोग बसपा छोड़कर हमारी पार्टी में आ रहे हैं। हमने सपा को भी परिवारवाद से बाहर निकलने का निवेदन किया है।"," हम मोदी सरकार के कामों को लेकर जनता के बीच में जाएंगे और यूपी की जनता को भ्रष्टाचार मुक्त, सुशासित सरकार देंगे।",NP
उत्तराखंड हाईकोर्ट के फैसले के खिलाफ केंद्र की अपील की सुनवाई कोर्ट ने बुधवार तक के लिए स्थगित कर दी।,मामले की सुनवाई बुधवार तक के लिए टाल दी गई थी,P
पीरियड्स से कैसे जुड़ी है महिलाओं की शुद्धता : सुप्रीम कोर्ट,सुप्रीम कोर्ट ने पूछा-माहवारी का महिलाओं की पवित्रता से क्या संबंध,P
"वहीं, दूसरा झटका भी वॉटसन ने ही दिया और इस बार उनका शिकार बने सब्बीर रहमान (बारह ) जिनका कैच फॉकनर ने लपका।",सब्बीर रहमान बारह  रन बनाकर वॉटसन का ही शिकार बने।,P
शरीफ को यह राजस्थानी गुलाबी साफा शुक्रवार को यहां आए भारत के प्रधानमंत्री मोदी ने अपनी लाहौर यात्रा के दोरान दी थी।,"नवाज शरीफ ने रविवार को अपनी नातिन के दावत-ए-वलीमा समारोह में गुलाबी रंग की वह पगड़ी पहनी, जो गत शुक्रवार को लाहौर यात्रा के दौरान प्रधानमंत्री नरेंद्र मोदी ने उन्हें भेंट की थी।",P
माल्या ने पहले चार हज़ार चार सौ  करोड़ रुपए की पेशकश की थी|,इससे पहले माल्या ने चार हज़ार चार सौ  करोड़ का ऑफर दिया था|,P
एक आदमी इलेक्ट्रिक साइकिल चला रहा है,एक व्यक्ति इलेक्ट्रिक साइकिल चला रहा है,P
मछलियाँ गतिहीन हैं,एक मछली तैर रही है,NP
उन्होंने कहा कि यह सवाल रणवीर से ही पूछना बेहतर रहेगा।,"आज हो सकती है भारत-पाक फॉरेन सेक्रेटरीज की मुलाकात,|",NP
"पत्नी की हत्या कर किए लाश के पांच टुकड़े, बोरी में बंद कर प्लॉट में फेंका शव",सुपरस्टार शाहरुख खान की फिल्म फैन ने रिलीज होने के महज तीन दिनों के भीतर पांच करोड़ रुपये की कमाई कर पाकिस्तान में बॉक्स ऑफिस पर नया रेकॉर्ड कायम किया है।,NP
राज्यपाल के कार्यालय ने बताया कि घायलों में से उन्नीस पुलिस अधिकारी थे।,राज्यपाल कार्यालय ने कहा कि घायलों में से उन्नीस पुलिस अधिकारी थे ।,P
बॉलिवुड ऐक्ट्रेस प्रियंका चोपड़ा ने टाइम मैगज़ीन के सौ  सबसे प्रभावशाली लोगों की प्रतिष्ठित सूची में खुद को शामिल किए जाने पर आभार जताया है।,"माल्या ने बढ़ाई सेटलमेंट राशि, अब  छ्ह हज़ार आठ सौ अठ्सठ  करोड़ रुपए देने का ऑफर",NP
एक वरिष्ठ अधिकारी ने कहा कि सोमैया का पत्र हमें मिल गया है। ,सीबीआई के एक वरिष्ठ अधिकारी ने कहा कि भाजपा सांसद किरीट सोमैया का पत्र हमें मिल गया है। ,P
धोनी के बैट से ज्यादा कमाता है कोहली का बैट,धोनी के बल्ले से ज्यादा कमाई करता है कोहली का बल्ला,P
"रिपोर्ट में कहा गया है कि फ्रेशर्स को इस ग्रुप (रिंग) में शामिल करने के लिए मनी, ड्रग्स, सेक्स और शराब को टूल्स की तरह यूज किया जाता है", प्रोफसरों की इस रिपोर्ट को अमिता सिंह ने जेएनयू प्रशासन को सौंप दिया था ,NP
"ट्रम्प ने कहा, वह ओरलैंडो हमले के शूटर के पिता सिद्धीकी मतीन को बाहर फेंक देंगे।",अमेरिका में राष्ट्रपति चुनाव की दौड़ में डेमोक्रेट हिलेरी से पिछड़ रहे डोनाल्ड ट्रम्प ने चुनाव के 82 दिन पहले अपनी प्रचार टीम में बदल दी है। ,NP
इसका समय प्रातः पांच  बजे  से दस बजे तक रहेगा।,"भारत के अतिरिक्त यह ग्रहण ऑस्ट्रेलिया, थाईलैड, ताइवान, जापान, चीन व म्यांमार आदि देशों में पूर्ण सूर्यग्रहण देखा जा रहा है।",NP
आदमी वजन उठा रहा है,आदमी वजन उठा रहा है,P
यह वीवीआईपी हेलीकॉप्टर डील दो हज़ार दस में  हुई थी,यूपीए-एक् सरकार के वक्त दो हज़ार दस में अगस्ता वेस्टलैंड से वीवीआईपी के लिए 12 हेलिकॉप्टरों की खरीद की डील हुई थी।,P
 खबर है कि नई जेनरेशन का यह आईफोन पहले के सभी आईफोन के मुकाबले ज्यादा स्लिम होगा। एंटीना लाइन की जगह में भी थोड़े बदलाव किए जाएंगे। स्मार्टफोन पहले की तुलना में ज्यादा अच्छा वाटर रेजिस्टेंट होगा। रैम भी 3 GB तक मिल सकती है।,"  हालांकि, पिछले कुछ समय से इसके फीचर को लेकर कई तरह की बातें चल रही हैं। दुनियाभर की साइट्स ने अपने दावे किए हैं। ",NP
प्लेन के अंदर जेएनयू  स्टूडेंट लीडर कन्हैया पर हमला,कन्हैया कुमार पर विमान में अटैक,P
बाइक पर एक बैरेट पहने हुए व्यक्ति मनोरंजन पथ पर सवारी कर रहा है,एक आदमी बैरेट पहन रहा है और साइकिल से मनोरंजन के मार्ग पर जा रहा है,P
पुलिस ने करीब पच्चास  छात्रों को हिरासत में लिया है।,"इससे मुद्राकोष की विश्वसनीयता, वैधानिकता और प्रभावशीलता में वृद्धि होगी।",NP
एक आदमी दौड़ का नेतृत्व कर रहा है,एक आदमी दौड़ के पीछे ला रहा है,NP
रविवार को समारोह में दो हज़ार  अतिथि आए थे। इनमें सऊदी अरब से आए अतिथियों के अलावा कुछ वीवीआइपी भी शामिल थे।,"समारोह में करीब दो हज़ार  मेहमान शामिल हुए, जिनमें सऊदी अरब से आए कुछ अति विशिष्ट मेहमान भी थे।",P
"आईएनएस  निरीक्षक में धमाके से तीन  नौसैनिक जख्मी, एक का काटना पड़ा पैर|",हत्या के सिलसिले में पुलिस ने एक पड़ोसी को गिरफ्तार किया है जो पाकिस्तान का रहने वाला है।,NP
माल्या ने छिपाई तीन अमरीकी फ्लैट्स की जानकारी|,कोर्ट ने जब माल्या से भारत वापसी का सवाल पूछा तो उन्होंने कोई जवाब नहीं दिया।,NP
"मुझे उन्नीस सौ निन्यानब्बे में उस वक्त बहुत बुरा लगा था जब उन्होंने वेस्टइंडीज के खिलाफ सीरीज के अंतिम टेस्ट में मुझे टीम से  बाहर रखा  था,'",डबल्स में दुनिया की नंबर एक खिलाड़ी सानिया मिर्जा ने अंकिता के साथ मिलकर अगुल अमनमुराडोवा और एरीना फाल्ट्स की जोड़ी को  पराजित कर भारत को एक तरफा जीत दिला दी।,NP
एक आदमी पियानो खेल रहा है,कोई आदमी पियानो नहीं बजता है,NP
आतंकियों ने यह कार्य सन उन्नीस सौ चौरासि में अमृतसर के स्वर्ण मंदिर में सेना की कार्रवाई के विरोध में किया था।,आतंकियों ने इस कार्य का आयोजन  सन  उन्नीस सौ चौरासि  में अमृतसर के स्वर्ण मंदिर में सेना की कार्रवाई के विरोध में किया था।,P
"कृपया याद रखें कि आप एक तरह से एक सामूहिक कब्र स्थल पर जा रहे हैं, साथ ही साथ एक ऐसा स्थल भी जिसका दुनिया की आबादी के एक महत्वपूर्ण हिस्से के हिसाब से असंख्य अर्थ हैं।","कृपया याद रखें कि आप अनिवार्य रूप से एक सामूहिक कब्र साइट का दौरा कर रहे हैं, साथ ही साथ एक ऐसी साइट का दौरा कर रहे हैं जिसका दुनिया की आबादी के एक महत्वपूर्ण हिस्से के लिए लगभग अगणनीय अर्थ है।",NP
पीडीपी-भाजपा गठबंधन सरकार के शपथ ग्रहण समारोह का कांग्रेस बहिष्कार क‌िया।,कांग्रेस ने इस गठबंधन को 'अपवित्र' बताते हुए इसका बायकॉट किया,P
एक महिला प्याज काट रही है,एक महिला प्याज काट रही है,P
वरिष्ठ शिक्षकों के लिए यह असामान्य नहीं था कि वे धीरे-धीरे अपनी विधियाँ नए पाठ्यक्रम के अनुसार अनुकूलित कर लें।,यह सामान्य था कि अनुभवी शिक्षक नए पाठ्यक्रम के साथ तुरंत नहीं बल्कि धीरे-धीरे तालमेल बिठाते।,P
आदमी सब्जियां काट रहा है,एक आदमी द्वारा सब्जियों को काटा जा रहा है,P
काला कुत्ता एक चट्टान पर चढ़ रहा है,काला कुत्ता चट्टान पर नहीं चढ़ रहा है,NP
केजीरवाल ने ट्वीट में कहा की 'रिपोर्ट में किसी का नाम नहीं लिया गया है.,"केजीरवाल ने ट्वीट में कहा, इसमें किसी के नाम का उल्लेख नहीं किया गया है|",P
सात जनवरी को सीएम मुफ्ती मोहम्मद सईद के निधन के बाद दोनों दलों के बीच दूरियां बढ़ गईं और  नौ  जनवरी से स्टेट में गवर्नर रूल लागू है,जम्मू कश्मीर में मुफ्ती मोहम्मद सईद के न‌िधन के बाद से गठबंधन सरकार में लगातर चल रहे व‌िवादों के चलते राज्य में राज्यपाल शासन लागू कर द‌िया गया था।,P
"लड़की, जो छोटी है, अपने बालों को ध्यान से एक घोड़े की पूंछ में पोंछ रही है","लड़की, जो छोटी है, अपने बालों को एक घोड़े की पूंछ में पोंछ रही है।",P
"उन्होंने कार्यप्रणाली, अपेक्षित परिणाम और बजट अनुमान बताने वाला एक व्यापक प्रस्ताव जमा किया।","उन्होंने प्रस्ताव जमा किया जिसमें कार्यप्रणाली और अपेक्षित परिणाम थे, लेकिन बजट अनुमान शामिल नहीं था।",NP
एक आदमी एक घोड़े पर सवारी कर रहा है,एक आदमी घोड़े पर सवार है,P
जहां उन्नीस सौ बावन् में प्रतिव्यक्ति पानी की उपलब्धता चौदह हज़ार एक सौ अस्सी लीटर थी,उन्नीस सौ बावन् में एवरेज चौदह हज़ार एक सौ अस्सी  लीटर डेली पर कैपिटा ग्राउंड वाटर एवेलेबल था|,P
एक आदमी एक बर्तन में सब्जियां मिला रहा है,एक आदमी एक बर्तन में सब्जियों को मिला रहा है,P
"कुत्ता, जो काला-सफेद है, दौड़ रहा है और एक व्यक्ति उसके पीछे खड़ा है",एक छोटा कुत्ता दौड़ रहा है और उसका मालिक उसे पकड़ने की कोशिश कर रहा है,NP
कोई जानवर को खिला रहा है,कोई जानवर को भोजन दे रहा है,P
एक आदमी कुछ खाना खा रहा है,एक आदमी कुछ खाना खा रहा है,P
"विदेश मंत्री सुषमा स्वराज की तबीयत बिगड़ी, एम्स में भर्ती|","कितनी सही है दाऊद को गैंगरीन होने की खबर, छोटा शकील ने किया ये दावा|",NP
हालांकि विश्वविद्यालय ने प्रधानमंत्री के स्नातक की डिग्री को लेकर कोई जानकारी नहीं दी है,प्रधानमंत्री नरेंद्र मोदी उज्ज्वला योजना से  देशभर में गरीबी की रेखा से नीचे रहने वाले करीब पांच करोड़ परिवारों को एलपीजी के कनेक्शन प्रदान करेंगे ।,NP
नोएडा में दिनदहाड़े गुंडों ने की पुलिसवाले की हत्या|,मैं सिर्फ 12 साल का था और मुश्किल से तेज दौड़ पाता था।,NP
नीलामी में वॉटसन ने मारी बाजी,इशांत शर्मा- तीन  करोड़ अस्सी  लाख में खरीदे गये,NP
आदमी मंजिल अभ्यास कर रहा है,एक आदमी मंजिल अभ्यास कर रहा है,P
एक आदमी गिटार खेल रहा है,कोई भी आदमी गिटार नहीं बजता है,NP
भारतीय अंतरिक्ष अनुसंधान संगठन (इसरो) के चेयरमैन किरण कुमार ने  कहा कि इसरो इस परीक्षण को लेकर काफी उत्साहित है|,देश को बड़ी कामयाबी: पहला मेड इन इंडिया स्पेस शटल लॉन्च|,NP
पाक के फॉरेन सेक्रेटरी एजाज अहमद चौधरी मंगलवार को हार्ट ऑफ एशिया के ऑफिशियल्स की बैठक में भाग लेने के लिए भारत पहुंच रहे हैं।,पाकिस्तान के विदेश सचिव एजाज अहमद चौधरी मुख्य रूप से ‘हार्ट ऑफ एशिया के वरिष्ठ अधिकारियों की बैठक’ में हिस्सा लेने के लिए एक दिन के दौरे पर यहां आएंगे,P
उन्होंने समझाया कि परमिट पिछले महीने जारी किए गए थे और उसके बाद काम तुरंत शुरू हो गया।,उन्होंने बताया कि परमिट अगले महीने जारी किए जाएंगे और फिर निर्माण शुरू होगा।,NP
भारत की खुफिया एजेंसियों के मुताबिक मसूद को कभी हिरासत में लिया ही नहीं गया।,दिल्ली में  में शीतलहर,NP
दो महिलाएं बिकिनी पहन रही हैं और रेत पर चल रही हैं,समुद्र तट पर दो महिलाएं बिकिनी पहन रही हैं जो रेत है,P
एक छोटा सा बंदर पानी में चल रहा है,एक बंदर पानी में नहीं चल रहा है,NP
कोई भी पुरुष एक महिला को गाते नहीं है,एक आदमी एक महिला को गाती है,NP
बीएसपी से राज्यसभा सांसद नरेंद्र कश्यप की बहू ने खुद को गोली मार ली।,बीएसपी के राज्यसभा सांसद नरेंद्र कश्यप की बहू हिमानी ने बुधवार को सुसाइड कर लिया।,P
एक आईएस आतंकी ने दो लड़कियों के फोटो फेसबुक पर पोस्ट किए और लिखा कि ये बिक्री के लिए उपलब्ध हैं।,यौन गुलाम बनी लड़कियों|,NP
मौत से कुछ दिनों पहले ही कराया गया था प्रत्यूषा का गर्भपात|,"प्रत्यूषा बनर्जी थीं प्रेग्‍नेंट, मौत से पहले कराया था अबॉर्शन|",P
मह‌िलाएं अब शन‌ि महाराज का तैलाभ‌िषेक कर शन‌ि महाराज की कृपा पा सकेंगी|,अब महिलाएं भी चबूतरे पर चढ़कर शनि भगवान की पूजा कर सकेंगी और उन्हें तेल चढ़ा सकेंगी।,P
एक महिला घोड़े पर सवार है,एक औरत एक जानवर पर सवारी कर रही है,P
जांच एजेंसी ने मामले में संदिग्ध एयरोमेट्रिक्स के एक पूर्व बोर्ड सदस्य गौतम खेतान को भी बुधवार को पूछताछ के लिए बुलाया है ,"खेतान और संजीव, राजीव एवं संदीप ने अपने खिलाफ लगे आरोपों का दृढता से इनकार कर दिया है|",NP
पुरुष कार के ट्रंक में सूटकेस पैक कर रहे हैं,पुरुष कार के ट्रंक में सूटकेस नहीं पैक कर रहे हैं,NP
महिला प्याज काट रही है,एक महिला प्याज काट रही है,P
भाजपा विधायक दल के नेता डॉ. निर्मल सिंह डिप्टी सीएम बने|,डी-कंपनी के दस् सदस्यों को देश में मोदी सरकार आने के बाद संघ नेताओं पर हमला करने का काम दिया गया था।,NP
लोग बात नहीं कर रहे हैं,लोग बात कर रहे हैं,NP
महिला एक टमाटर काट रही है,महिला एक टमाटर काट रही है,P
इस पर सत्तापक्ष और विपक्षी सदस्यों के बीच भारी शोरगुल के चलते विधानसभा की कार्यवाही दस  मिनट के लिये स्थगित की गई।,"सत्ता पक्ष ने जोरदार विरोध किया  गया, हंगामे के बीच कार्यवाही लगातार बाधित होने पर स्पीकर को सदन की कार्यवाही दस् मिनट के लिए स्थगित करनी पड़ी।",P
"लड़के मांगने लगेंगे आरक्षण:नरेंद्र मोदी,","काबुल में अमेरिकी दूतावास के नजदीक बम धमाका, चौबीस् मरे|",NP
पठानकोट से लापता हुई सफेद ऑल्टो पर दिल्ली पुलिस का अलर्ट|,धौनी के बचाव में आगे आये माइकल हसी|,NP
"केमिली सेंट-सेंस द्वारा, फ्रेंच ऑपेरा में प्रस्तुत कहानी, एक कलाकार की है “जिसका जीवन ड्रग्स के लिए प्यार और जापान से दर्शाया जाता है।”","फ्रेंच ओपेरा में पेश की गई कहानी कैमिल सेंट-सेंस एक कलाकार की है, 'जो की जिंदगी ड्रग्सऔर जापान के प्रति प्रेम से तय होती है।'",P
एक आदमी व्यायाम कर रहा है,एक व्यक्ति व्यायाम कर रहा है,P
जबकि ऐेसे ही तीसरे मामले में मिली आजीवन कारावास की सजा को बरकरार रखा।,फिंच ने कहा- 'भारत ने टी-टव्न्टी विश्व कप की तैयारी के मद्देनजर अपने कुछ अनुभवी खिलाड़ियों को टीम में शामिल किया है।,NP
एक आदमी एक मछली काट रहा है,एक आदमी एक मछली काट रहा है,P
दो कुत्ते और दो लोग जंगल में बैठे हैं,दो कुत्ते और दो लोग जंगल में चल रहे हैं,NP
हेलीकॉप्टर घोटाले की रकम एमजीएफ एम्मार में जाने की जांच शुरू कर दी है,हजारों करोड़ के घोटाले की कुछ रकम कांग्रेस नेता कनिष्क सिंह की कथित कंपनी एमजीएफ एम्मार में भी जाने की भी जांच शुरू हो गई है। ,P
जम्मू-कश्मीर में सरकार गठन पर अगले कदम को लेकर महबूबा ने बुलाई बैठक|,महबूबा मुफ्ती ने राज्य के मौजूदा हालात व भाजपा से गठबंधन  की शर्तों  पर चर्चा के लिए पार्टी की आमसभा की एक बैठक बुलाई थी।,NP
असंतुष्ट जनरल को सेवानिवृत्ति के बाद पीआईए का अध्यक्ष बना दिया गया|,सऊदी अरब के कहने पर पाकिस्तान ने एबटाबाद के परिसर में लादेन को कब्जे में रखा|,NP
बीजेपी एमपी किरीट सौमेया ने आरोप लगाया- 'राहुल के एडवाइजर कनिष्क सिंह और अगस्ता डील के एक मिडलमैन हेशके के बीच लिंक थे।',ओसामा के छिपने के ठिकाने से वाकिफ था पाक : हिलेरी क्‍लिंटन,NP
चार  विदेशी यात्रियों और केबिन क्रू के सदस्यों को छोड़कर बाकी सभी यात्रियों को छोड़ दिया गया है।,इसके बाद वह अमेरिका और सउदी अरब जाएंगे।,NP
"जिस समय पुलिस स्कूल पहुंची, उस वक्त वहां करीब पांच हज़ार बच्चे मौजूद थे. ","जिस समय पुलिस स्कूल पहुंची, उस समय करीब पांच हज़ार बच्चे वहा मौजूद थे. ",P
गंभीर हालत के चलते ही नौसैनिक का दायां पैर काटना पड़ा है।,गंभीर हालत के चलते ही नेवी के एक गोताखोर को अपना पैर काटना पड़ा।,P
एक महिला एक बच्चे के कंगारू को अपनी बाहों में ले रही है,"एक महिला एक कंगारू को उठा रही है, जो कि एक बच्चा है, उसकी बाहों में",P
उसके पास रिटायर्ड मिलिट्री अफसरों के घर भी थे। ,सचिन तेंदुलकर होंगे रियो ओलंपिक के गुडविल ब्रांड एंबेसडर,NP
एक स्केटबोर्डर आधे पाइप पर एक्रोबाटिक कर रहा है,एक स्केटबोर्डर आधे पाइप पर ट्रिक्स कर रहा है,P
यूपी में कांग्रेस ने राहुल गांधी को बनाया 'सिंघम,उत्तरप्रदेश में राहुल गांधी का सिंघम' अवतार,P
"हंदवाड़ा में सुरक्षा बलों और प्रदर्शनकारियों में झड़प, तीन  की मौत|",कुपवाड़ा जिले के हंदवाड़ा इलाके में आर्मी की गोली से क्रिकेटर समेत तीन् की मौत|,P
छोटा लड़का पीला टैंक टॉप पहन रहा है और हंस रहा है,एक छोटा लड़का पीला टैंक टॉप पहन रहा है और हंस रहा है,P
बेंगलुरू की कंपनी नमोटेल ने अच्छे दिन नाम से स्मार्टफोन लॉन्च किया है। ,नमोटेल कंपनी के प्रोमोटर माधव रेड्डी का दावा है कि ये विश्व का सबसे सस्ता स्मार्टफोन है।,NP
मिससौरी स्टेट कोर्ट ने कंपनी को  आदेश दिया है कि वह पीडि़त महिला को तीन सौ चौहत्तर करोड़ रुपए का जुर्माना दे। ,अमरीका की एक अदालत ने बेबी प्रोडक्ट बनाने वाली कंपनी जॉनसन एंड जॉनसन (जेएंडजे) को एक महिला को तीन सौ चौहत्तर करोड़ मुआवजा देने का आदेश दिया है। ,P
आदमी कैमरा सेट कर रहा है और समुद्र तट पर सूर्यास्त की तस्वीरें ले रहा है,एक आदमी झील की तस्वीरें ले रहा है,NP
एक व्यक्ति स्वार्थी रूप से एक चिह्न पकड़ रहा है और पैसे की तलाश कर रहा है,एक आदमी एक साइन पकड़ रहा है और पैसे की तलाश कर रहा है,P
"विदेश मंत्री सुषमा स्वराज की तबीयत बिगड़ी, एम्स में भर्ती|",अंडरवर्ल्ड डॉन दाऊद इब्राहिम के पैर में गैंगरीन होने की खबर है|,NP
"उनकी टीम के साथी फ़र्नांडो अलोंसो अधिकांश दौड़ में आगे थे, लेकिन अपने अल्प-विराम के ठीक बाद इसे रोक दिया, शायद इसलिए क्योंकि सामने वाला पहिया बुरी तरह से सिकुड़ गया था.","उनकी टीममेट फर्नांडो एलोन्सो ज्यादातर रेस के लिए अग्रणी थी, लेकिन अपने गड्ढे-बचाव के ठीक बाद इसे खत्म कर दिया, शायद क्योंकि एक बुरी तरह से सही मोर्च व्हील टक गया।",P
 पवार नेशनल कांग्रेस पार्टी के प्रेसिडेंट हैं।,नेशनल कांग्रेस पार्टी के अब पवार प्रेसिडेंट हैं।,P
एक बिल्ली का बच्चा ताजा दूध पी रहा है,एक शराबी आदमी एक बिल्ली को दूध दे रहा है,NP
लोगों का समूह एक स्मारक के बाहर जमीन पर बैठा है,कुछ लोग एक स्मारक के बाहर जमीन पर बैठे हैं,P
"हैदराबाद नगर निगम की वेबसाइट पर सनी लियोनी का न्यूड फोटो, हड़कंप|","छोटा शकील ने कहा, 'आपकी एजेंसी के पास बिल्कुल गलत खबर है।",NP
घास वाली पहाड़ी पर कोई कुत्ता नहीं दौड़ता,एक कुत्ता एक घास वाली पहाड़ी पर दौड़ रहा है,NP
डीआरडीओ की ओर से इंटीग्रेटेड गाइडेड मिसाइल प्रोग्राम के तहत विकसित की गयी पृथ्वी-दो पहली मिसाइल है ,परमाणु आयुध ले जाने में सक्षम पृथ्वी-दो अपनी तरफ आने वाली किसी भी बैलेस्टिक मिसाइल को नष्ट करने की क्षमता रखती है। ,NP
एक व्यक्ति मोटरसाइकिल चला रहा है,एक व्यक्ति मोटरसाइकिल के पास खड़ा है,NP
बिल्डर कंपनी ऎविआरसिएल के खिलाफ तीन केस दर्ज किए गए हैं।,फ्लाइओवर के निर्माण का काम हैदराबाद स्थित ऎविआरसिएल  कंपनी पर  इस घटना के संबंध में  तीन मामले दर्ज किए गए हैं।,P
ओसामा पाकिस्तानी मिलिट्री एकेडमी के पास बने घर में रह रहा था, ओसामा का ठिकाना कम्युनिटी मिलिटरी अकेडमी के निकट था।‘,P
एक सफेद रेस कार एक तालाब के माध्यम से ड्राइव कर रही है,एक सफेद रेसिंग वाहन एक तालाब के माध्यम से चला रहा है,P
आदमी एक नदी के किनारे घोड़े पर सवार है,घोड़े पर सवार कोई आदमी नहीं है,NP
"पायलट की जिद से दो घंटे लेट हुई फ्लाइट, किसी महिला को साथ ले जाना चाहता था",पसंदीदा महिला की मांग के लिए ढ़ाई घंटे रोके रखा विमान,P
टीकमगढ़ से करीब 60 किलोमीटर दूर स्थित जेरोन थाने के गांव लोहरगवां में रविवार सुबह करीब 11 बजे पीड़िता अपने खेत पर चारा काट रही थी। ,टीकमगढ़ से 60 किलोमीटर दूर जेरोन थाने के गांव लोहरगवां में रविवार सुबह 11 बजे पीड़ित औरत अपने खेत पर चारा काट रही थी। ,P
कुत्ता एक लड़के को पानी में धकेल रहा है,एक कुत्ता एक बच्चे को बारिश के तालाब में धकेल रहा है,NP
उनका कहना है कि ज्यादातर संपत्तियों पर गांधी फैमिली का नाम क्यों है?,देश में कई जगहों का नाम गांधी फैमिली से जुड़े नेताओं के नाम पर रखे जाने को लेकर ऋषि कपूर भड़क गए हैं।,NP
पिटीशन में आरोप लगाया था माल्या ने ब्रिटिश फर्म से मिले 4 करोड़ डॉलर समेत अपनी पूरी संपत्ति की जानकारी नहीं दी थी।, माल्या से बंद लिफाफे में संपत्ति की जानकारी मांगी थी सुप्रीम कोर्ट ने। ,NP
"मेरठ से जुडे़ पठानकोट आतंकी हमले के तार, मिले सबूत|","पठानकोट हमले का बिहार कनेक्शन,सबूत मिले|",P
सुप्रीम कोर्ट की फटकार के बाद भी आजम अपने बयान पर कायम हैं। , सरकार का फर्ज बनता है कि लगातार हो रही एक जैसी रेप की घटनाएं के पीछे की सच्चाई का पता लगाया जाये।,NP
बिपाशा बसु ने करण सिंह ग्रोवर संग रचाई शादी,उन्होंने कहा कि पाक की मिली भगत के बिना एबटाबाद में अमेरिकी हेलीकॉप्टर प्रवेश नहीं कर सकता था।,NP
एक आदमी घोड़े पर सवार है,एक आदमी एक घोड़े पर सवारी कर रहा है,P
पूरे राज्य में हाई अलर्ट है। ,"उत्तराखंड:जंगल की आग बुझाने को उतरी वायुसेना, हेलीकॉप्‍टर से पानी का छिड़काव ",NP
आदमी रोटी काट रहा है,आदमी रोटी काट रहा है,P
आतंकवाद मामलों के जानकारों और मानवाधिकार समूहों का कहना है कि इस्लामिक स्टेट पर इराक और सीरिया में जिस तरह से दबाव बढ़ रहा है,"शोध के अनुसार, वित्तीय स्थिति लगातार खराब होने के कारण आइएस अपने प्रभाव वाले क्षेत्रों में कर और जुर्माने बढ़ाता जा रहा है।",NP
एक आदमी एक कटोरे के किनारे को साफ कर रहा है,एक कटोरे के किनारे को पोंछने वाला कोई आदमी नहीं है,NP
प्रधानमंत्री नरेंद्र मोदी ने सोमवार को दिल्ली में बी आर अंबेडकर राष्ट्रीय स्मारक के लिए आधारशिला रखी|,पीएम नरेंद्र मोदी ने सोमवार को डॉ. भीमराव आंबेडकर नैशनल मेमोरियल की आधारशिला राखी|,P
अगर आप ऐक्शन के नज़दीक रहना चाहते हैं तो आपको म्यूज़िक के नज़दीक वाली कैंपिंग साइट पर जल्दी से जल्दी पहुँचना होगा.,यदि आप कार्रवाई के करीब होना चाहते है आप के लिए जल्दी में पाने के लिए एक डेरा डाले हुए साइट संगीत के करीब पाने के लिए जा रहे हैं ।,P
 दो महीने में उन्होंने यह दूसरी बार बदलाव किया है। रिपब्लिकन उम्मीदवार ट्रम्प ने कंजरवेटिव वेबसाइट ब्रेटबर्ट न्यूज के प्रमुख स्टीफन बेनन को प्रचार अभियान का सीईओ बनाया है।, यूनिवर्सिटी ऑफ टेक्सास की स्टडी में कहा गया है दुनिया के कई देशों में रोबोट बनाने की दिशा में तेजी से काम हो रहा है।,NP
शांति प्रस्ताव पर इस्लामिक स्टेट् ने रविशंकर को भेजी सिर कटे शव की फोटो,"रविशंकर ने की शांति प्रस्ताव पर बातचीत की कोशिश, इस्लामिक स्टेट्  ने भेजी सिर कटे शव की तस्वीर",P
 रात को दो बजे कुत्तों के भौंकने पर दोनों सेल्समैन उठे।,  कुत्तों के रात को दो बजे भौंकने पर दोनों सेल्समैन उठे।,P
बेटी ने चौदह  अप्रैल को अपनी मां के गायब होने की शिकायत दर्ज कराई थी।,पाकिस्तान मे पहले तीन दिन में ही देश भर में फिल्म ने पांच करोड़ रुपये की कमाई की है।,NP
एक खरगोश खिलौना खरगोश के साथ खेल रहा है,एक भरवां खरगोश के साथ कोई खरगोश नहीं खेलता है,NP
बूढ़े और गरीब दिख रहे इस फेमस बॉलिवुड सिंगर को कोई पहचान नहीं पाया|,पेश किया गया 99 रुपये वाला एंड्रॉयड फोन|,NP
एक महिला एक कटोरे में दो अंडे तोड़ रही है,कुछ सामग्री को एक व्यक्ति द्वारा एक कटोरे में अलग किया जा रहा है,NP
गुरुवार को सीबीआई जांच में सहयोग करने वाले आईपीएस अफसर व एसआईटी टीम के प्रमुख सतीश वर्मा ने कहा है कि साल दो हज़ार चार  में गुजरात में हुआ ये एनकाउंटर इशरत जहां की पूर्व नियोजित हत्या थी।,इशरत एनकाउंटर मामले में ताजा विवाद के बीच कोर्ट द्वारा नियुक्त एसआईटी जांच टीम के सदस्य रहे आईपीएस अफसर सतीश वर्मा ने बुधवार को फिर कहा कि इशरत जहां का एनकाउंटर फर्जी था।,P
एक बंदर एक व्यक्ति को लात मार रहा है,एक व्यक्ति को एक बंदर द्वारा चकमा दिया जा रहा है,P
बाइक पर कोई व्यक्ति नहीं है,एक व्यक्ति साइकिल चला रहा है,NP
मह‌िलाएं अब शन‌ि महाराज का तैलाभ‌िषेक कर शन‌ि महाराज की कृपा पा सकेंगी|,"कुपवाड़ा में सुरक्षा बलों और प्रदर्शनकारियों में झड़प, दो की मौत|",NP
लादेन को मार गिराने का समझौता किए जाने से पाकिस्तान के कुछ जनरल नाराज थे।,लादेन को मरवाने के लिए अमेरिका के साथ पाक ने की थी डील|,NP
नियम प्रत्येक आवेदक से नगरपालिका में निवास का प्रमाण देने की मांग करता है।,नियम आवेदकों से विभिन्न निवास प्रमाणपत्रों की एक सूची माँगता है।,NP
एक आदमी झंडे के पास सूर्यास्त के सामने एक नाव पर शांति से बैठा है,एक आदमी सूर्यास्त के सामने एक नाव पर है,P
फाइनल वर्जन बनाने में दस से पन्द्रह साल लगेंगे|,एलीट क्लब में शामिल हुआ भारत|,NP
आदमी एक हथौड़ा का उपयोग एक कंक्रीट ब्लॉक को तोड़ने के लिए कर रहा है जो किसी अन्य व्यक्ति पर है,एक आदमी एक स्लेज हथौड़ा से कंक्रीट की स्लैब तोड़ रहा है,P
आदमी एक घोड़े से गिराया जा रहा है,कोई घोड़े पर है,NP
युवती एक और महिला के घुटने को माप रही है,औरत दूसरी औरत को माप रही है,P
कामागाटा मारू घटना के सौ  साल बाद कनाडा के पीएम मांगेंगे माफी|,भारत से जुड़ी इस घटना के लिए कनाड़ा के पिएम ने सौ साल बाद मांगी माफी|,P
न्यूज एजेंसी रॉयटर्स की खबरों के मुताबिक प्लेन को हाइजैक करने वाले आतंकी ने अपने शरीर पर विस्फोटक बांध रखा है।,"तीन देशों के दौरे पर रवाना हुए पीएम, बोले- दुख की घड़ी में ब्रसेल्स के साथ हैं",NP
एक आदमी प्लास्टिक से बने कंटेनर को पूरी तरह से खाली कर रहा है,एक आदमी प्लास्टिक से बने कंटेनर को खाली कर रहा है,P
एक पांडा भालू कुछ बांस खा रहा है,पांडा बांस नहीं खा रहा है,NP
कुछ सोशल नेटवर्किंग वेबसाइटों द्वारा हाल ही में जम्मू-कश्मीर को पाकिस्तान और अरूणाचल प्रदेश को चीन का हिस्सा बताए जाने के बाद सरकार ने यह कदम उठाया है।,मंत्रालय की तीन सदस्‍यीय एक टीम एनआईटी पहुंच चुकी है और परीक्षा होने तक श्रीनगर में ही रहेगी।,NP
एम्मार एमजीएफ का नाम कॉमनवेल्थ गेम्स घोटाले में भी आया था,"भाजपा एमपि ने अगस्ता डील के आरोपी दलाल  गुईदो हेशके, कनिष्क  कुमार सिंह और रियल एस्टेट कंपनी एम्मार एमजीएफ के संबंधों की जांच की मांग की.",NP
एक लड़की गिटार बजा रही है,व्यक्ति गिटार का अभ्यास कर रहा है,P
ऑड-ईवन फॉर्मूले का ब्लू प्रिंट जारी|,प्रतिबंधों की चेतावनी की अनदेखी करते हुए उत्तर कोरिया ने आज रॉकेट का प्रक्षेपण किया|,NP
ओडिशा के कालाहांडी में सरकारी अस्पताल में दाना मांझी की पत्नी अमंग देवी की टीबी के इलाज के दौरान मौत हो गई थी। ,कालाहांडी (ओडिशा) के सरकारी अस्पताल में दाना मांझी की पत्नी की टीबी के इलाज के दौरान हुई थी मौत। ,P
आदमी मंजिल अभ्यास कर रहा है,एक आदमी व्यायाम कर रहा है,P
दौड़ में दो पुरुष ट्रैक्टर के टायर घुमा रहे हैं,दौड़ में दो लोग ट्रैक्टर के टायर घुमा रहे हैं,P
कनाडा ने इस मामले में अपनी गलती को स्वीकार करते हुए अठारह मई को देश की संसद में एक प्रस्ताव के जरिए माफी मांगने का ऐलान किया है,इक्वाडोर में तड़के आए भीषण भूकंप से मरने वालों की संख्या दो सौ बहत्तर  तक पहुंच गई है|,NP
ओसामा बिन लादेन को मारने वाले 'अमेरिकी अभियान' से अवगत था पाकिस्तान|,"उत्तराखंड के जगंलों में लगी भीषण आग बुझाने पहुंचा एमआई-17 हेलीकॉप्टर, ऊपर से होगी पानी की बौछार|",NP
एक महिला एक मिर्च काट रही है जो हरा है,एक महिला एक हरे मक्खन को काट रही है,P
एक आदमी एक गिटार रख रहा है,एक आदमी गिटार बजा रहा है,NP
मोदी चौथा  न्यूक्लियर सिक्युरिटी समिट में हिस्सा लेने के लिए इक्त्तीस मार्च को वॉशिंगटन डीसी पहुंचेंगे।,मोदी ब्रसेल्स के बाद वाशिंगटन जाएंगे जहां वह इक्त्तिस  मार्च और एक अपै्रल को परमाणु सुरक्षा सम्मेलन में भाग लेंगे.,P
एक बड़ी बिल्ली अपने पांवों से एक प्लास्टिक के दराज को खोल रही है और अंदर कूद रही है,एक बिल्ली एक दराज खोल रही है और अंदर कूद रही है,P
कैंपस के सूत्र इस बात पर यह तर्क दे रहे हैं कि एआईएसएफ और आईसा व एबीवीपी के पदाधिकारी इस पर सेंट्रल पैनल की चार सीटों पर जीते हुए है मगर 9 फरवरी के विवाद और कैंपस में चले स्वतंत्रता दिवस उत्सव के बाद पूरा माहौल बदला हुआ है।,"  मुलायम के पास 2 घर, एक इटावा और एक लखनऊ में, जबकि एक घर सैफई में है। ",NP
कुंदन श्रीवास्तव नाम के एक व्यक्ति ने ये वीडियो फेसबुक पर डाली है|,इस वीडियो को सामाजिक कार्यकर्ता कुंदन श्रीवास्तव ने अपने फेसबुक पेज पर साझा किया है,P
उत्तरी कोलकाता के गिऱीश पार्क एरिया में एक निर्माणाधीन ब्रिज गिरने से दस  लोगों की मौत हो गई,अब भी एक सौ पच्चास से ज्यादा लोगों के फंसे होने की आशंका है,NP
एक शिशु गैंडा और उसकी माँ एक पेन में खड़े हैं,एक शिशु गैंडा एक वयस्क गैंडा का पीछा कर रहा है,NP
एक महिला एक ऑक्टोपस को काट रही है,एक महिला एक ऑक्टोपस काट रही है,P
पीएम नरेंद्र मोदी ने बलिया से आज 'प्रधानमंत्री उज्जवला योजना' की शुरुआत की|,अमेरिकी राष्ट्रपति बराक ओबामा हर साल व्हाइट हाउस में डिनर का एक खास प्रोग्राम रखते हैं।,NP
सी.बी.आई. ने त्यागी और उनके रिश्तेदारों एवं यूरोपीय बिचौलियों समेत तेरह् अन्य लोगों के खिलाफ मामला दर्ज किया था। ,सी.बी.आई.  त्यागी और उनके रिश्तेदारों एवं यूरोपीय बिचौलियों समेत तेरह् अन्य लोगों के खिलाफ  जांच  जारी कर रहा है. ,P
केंद्रीय मंत्री और पूर्व सेना प्रमुख वीके सिंह ने भी कहा कि उनके साथ और भी कई लोग इस घोटाले में शामिल हैं। ,केंद्रीय मंत्री वीके सिंह ने भी कहा कि त्यागी के साथ और  कई लोग इस घोटाले में शामिल हैं। ,P
 आरोपियों में से एक युवक रेलवे कर्मचारी है|,आरोपी युवको में से एक युवक रेलवे कर्मचारी भी है|,P
मेरे पास सर्कल के बाहर एक अतिरिक्त फील्डर भी था जो बहुत लाभदायक साबित हुआ।,हत्या के एक अन्य मामले में मिली उम्रकैद की सजा को बहाल रखा है।,NP
वाराणसी जैसे शहरों में भी आंशिक असर देखने को मिला।,साल के पहले सूर्यग्रहण की शुरूआत हो चुकी है।,NP
"हालाँकि मौसम पूर्वानुमान में भारी बारिश की संभावना थी, पूरे कार्यक्रम में कोई रुकावट नहीं आई।","मौसम पूर्वानुमान में धूप की भविष्यवाणी की गई थी, लेकिन पूरे कार्यक्रम में बारिश ने सब कुछ बिगाड़ दिया।",NP
लोग एक चट्टानी धारा के ऊपर एक रस्सी पुल पर चल रहे हैं,लोग एक चट्टानी धारा पर रस्सी की पुल पर नहीं चल रहे हैं,NP
इसके लिए उन्होंने रणदीप हुड्डा ने महीने में ही अठारह  किलो वजन घटाया।,इस फिल्म के लिए रणदीप हुडा ने अठायीस दिनों में अठारह किलो वजन घटाया है।,P
एक आदमी दो कुत्तों को गले लगा रहा है,दो कुत्तों को एक आदमी द्वारा चूसा जा रहा है,P
"आतंकी हमले में एक प्रोफेसर ,दो  छात्रों, एक गार्ड समेत तीन और लोगों की मौत हो चुकी है।","आतंकी हमले में तीन लोगों के मारे जाने की खबर है इस में  एक प्रोफेसर, दो छात्र और एक गॉर्ड मारे गये हैं",P
लड़का नीले समुद्र के पास बैठा है,लड़का नीले महासागर में चल रहा है,NP
एक श्वेत व्यक्ति कठिनाई के साथ भूरे पानी के माध्यम से कुत्ता चल रहा है,एक सफेद और भूरे रंग का कुत्ता पानी में मुश्किल से चल रहा है,NP
मोदी का यहां इंडियन कम्युनिटी को भी एड्रेस करने का प्रोग्राम है।,जबकि उस वक्त हमारी टीम एक -दो  से पिछड़ रही थी।',NP
"जेटली से मांगें माफी, कोर्ट जाकर भी मानें गलती",जेटली से मांगें माफी और कोर्ट में जाकर भी अपनी गलती मानें|,P
इसके अलावा फिल्म 'इट्स मैन्स वर्ल्ड' में वो लीड रोल में नजर आए थे।,पांच बार की ग्रैंड स्लैम विनर मारिया शारापोवा ऑस्ट्रेलियन ओपन के डोप टेस्ट में फेल हो गई थीं।,NP
संसद में बजट पर चर्चा का जवाब दिए जाने के दौरान जेटली इस प्रस्ताव को वापस लेने की घोषणा कर सकते हैं।,संसद में बजट पर चर्चा का जवाब दिए जाने के दौरान वित्त मन्त्री  इस प्रस्ताव को वापस लेने की घोषणा कर सकते हैं।,P
इसके बाद जीआरपी का सिपाही हरनारायण सिंह जेबकतरे की तलाश में स्टेशन पर घूमने लगा। ,सिपाही ने बचे के बेहोश होने के बाद उसे जोर से प्लेटफार्म पर पटक दिया|,NP
कोई काला-सफेद मोटरसाइकिल पर है और सीट पर खड़ा है,कोई भी मोटरसाइकिल सवार मोटरसाइकिल की सीट पर खड़ा नहीं है,NP
इस योजना का उद्देश्य देशभर में गरीबी की रेखा से नीचे रहने वाले करीब पांच करोड़ परिवारों को एलपीजी के कनेक्शन प्रदान करना है।,प्रधानमंत्री उज्जव लाइफ योजना का उद्देश्य देशभर में गरीबी की रेखा से नीचे रहने वाले करीब पांच करोड़ परिवारों को एलपीजी के कनेक्शन प्रदान करना है।,P
दाऊद को गैंगरीन होने की खबर पर छोटा शकील बोला भाई बिलकुल ठीक|,"दाऊद इब्राहिम को गैंगरीन, पैर काटने की नौबत|",NP
एक कुत्ता एक ट्रैंपॉलिन पर कूद रहा है,एक कुत्ता एक ट्रैंपॉलिन पर कूद रहा है,P
कपिल शर्मा फोर्ब्स की लिस्ट में भी बना चुके हैं जगह,उर्मिला और मोहसिन की मुलाकात दो हज़ार चौदह  में मनीष मल्होत्रा की भतीजी के शादी में हुई थी,NP
"1963 में बाँध बनने के बाद, मौसमी बाढ़ जो पूरे नदी में तलछट फैला देगी वह रुक गई थी.","1963 में बांध के बनने के बाद, नदी में अवसाद फैलाने वाली मौसमी बाढ़ को रोक दिया गया।",P
"सभी गुफाओं, जिनका नाम “सात बहनें” रखा गया, में घुसने की जगह का डायमीटर कम से कम 100 से 250 मीटर (328 से 820 फ़ीट) है.","गुफा के प्रवेश द्वार, जिनका नाम ""सात बहनों"" था, व्यास में कम से कम 100 से 250 मीटर (328 से 820 फीट) हैं।",P
एक आदमी एक बंदूक के लिए एक शोरबाण फिक्स कर रहा है,एक आदमी एक हथियार के लिए एक शोरबाण लगा रहा है,P
एक कैमरे वाला व्यक्ति विषय का अध्ययन कर रहा है,इस विषय का अध्ययन करने वाला कोई भी व्यक्ति कैमरा नहीं है,NP
एक चट्टान पर एक महिला कंबल पर झूठ बोल रही है और एक किताब पढ़ रही है,चट्टान पर एक महिला खड़ी है और चारों ओर देख रही है,NP
एक व्यक्ति एक बिल्ली के फर को पीस रहा है,व्यक्ति एक बिल्ली को ब्रश कर रहा है,P
एयरलिफ्ट' ने पहले दिन बॉक्‍स ऑफिस पर किया बढि़या कलेक्‍शन,एयलिफ्ट' ने पहले दिन कमाए अछे पैसे,P
एक बिल्ली पियानो खेल रही है,एक आदमी दो कीबोर्ड खेल रहा है,NP
इसके बाद पीएम ऑफिस ने बहरीन में मौजूद इंडियन एम्बेसी से कॉन्टैक्ट किया। , फाइनेंशियल मदद के तौर पर कितना अमाउंट दिया गया है  इसकी जानकारी मीडिया रिपोर्ट्स में नहीं है।,NP
एक महान कुत्ता एक ऊंची पहाड़ी पर चढ़ रहा है,एक बड़ा कुत्ता एक ऊंची पहाड़ी पर जंगली चढ़ रहा है,P
बंगाली रस्म-रिवाज के साथ शादी के परिणय सूत्र में बंधे करण-बिपाशा|,बिपाशा लाल रंग के लहंगे में बेहद खूबसूरत लग रही थी।,NP
"सूत्रों के मुताबिक, राहत और बचाव कार्य जारी है।",- उन्होंने लिखा कि- ''एक शख्स ने जेट एयरवेज फ्लाइट में गला दबाने की कोशिश की।'',NP
कांग्रेस उपाध्यक्ष राहुल गांधी के दो दिवसीय मुंबई दौरे की तैयारियों के लिए बुलाई गई मुंबई कांग्रेस की बैठक में मंगलवार को जमकर हंगामा हुआ।,अदालत के सामने झूठ बोलने के लिए रेयात को  नौ साल की अतिरिच्थ सजा दी गयी थी|,NP
"आयोजकों ने स्थल, वक्ता और कार्यक्रम की पुष्टि की और अंत में एक पुरस्कार समारोह की घोषणा भी की।","आयोजकों ने स्थल, वक्ता व कार्यक्रम के साथ-साथ सभी प्रतिभागियों को मुफ्त भोजन और यात्रा भत्ता भी उपलब्ध कराने की घोषणा की।",NP
अश्विन ने तीन मैचों के ब्रेक के बाद वापसी की और आशीष नेहरा के साथ गेंदबाजी का आगाज किया।,अदालत ने कहा कि मामले में कोई भी चश्मदीद गवाह नहीं है,NP
एक महिला ने आंखों की छाया पहनी है,महिला मेकअप निकाल रही है,NP
सड़क पर एक आदमी धीरे-धीरे नृत्य कर रहा है,एक आदमी नृत्य कर रहा है,P
कागज का टुकड़ा काट रहा है,कुछ कागज काटा जा रहा है,P
एक आदमी चट्टान पर नहीं चढ़ रहा है और एक शहर और एक खाड़ी पृष्ठभूमि में हैं,एक आदमी चट्टान पर चढ़ रहा है और एक शहर और एक खाड़ी पृष्ठभूमि में हैं,NP
नरेन्द्र मोदी ने भोजपुरी में अपने भाषण की शुरुआत की|,पीएम मोदी ने  कहा-मैं देश का मजदूर नंबर-वन|,NP
"नीली जैकेट, काले पैंट और सफेद हेलमेट वाली बाइकर गंदे जमीन पर लापरवाही से गाड़ी चला रही है और लोग देख रहे हैं","नीली जैकेट, काले पैंट और सफेद हेलमेट वाली बाइकर जमीन पर ड्राइव कर रही है और लोग देख रहे हैं",P
आदमी पानी में जा रहा है,आदमी पानी में नहीं जा रहा है,NP
गुजरात लायंस ने साउथ अफ्रीका के डेल स्टेन और वेस्टइंडीज के ड्वेन स्मिथ को दो  करोड़ तीस लाख  रुपये में खरीदा।,"डेल स्टेन- दो करोड़ तीस लाख, गुजरात लायंस",P
मोटरसाइकिल पर एक आदमी एक पहिया पर सवारी कर रहा है,एक व्यक्ति मोटरसाइकिल पर चाल चला रहा है,P
इसे भारत का अपना खुद का स्पेस शटल बताया जा रहा है।,इस शटल को एक ठोस रॉकेट मोटर से ले जाया गया|,NP
उसने सही उत्तर दिया।,उसने गलत उत्तर दिया।,NP
सौरभ सेनगुप्ता द्वारा निर्देशित 'इट्स मैन्स वर्ल्ड'   में मोहसिन पुरुष यौनकर्मी के किरदार में नज़र आए थे।,"शारापोवा ने कहा कि उन्हें मेल्डोनियम  दवा के सेवन की वजह से फेल किया गया था,",NP
सदन में शून्यकाल के दौरान बीजेपी सदस्य अनुराग ठाकुर ने यह मामला उठाते हुए कांग्रेस पर आरोप लगाया कि उसने अपने शासनकाल के दौरान देश की शिक्षा को खत्म करने और इतिहास को तोड़ने मरोड़ने का प्रयास किया है|,इससे भी आपत्तिजनक यह बात है कि 'क्रांतिवाद' और  'आतंकवाद' नामक  दो विचारधाराओं के नाम पर ऐसी पुस्तक दिल्ली विश्वविद्यालय में पढ़ाई जा रही है।,NP
एक लाल हेलमेट वाला मोटरसाइकिल चालक सड़क पर नीली मोटरसाइकिल चला रहा है,बिना हेलमेट के एक मोटरसाइकिल चालक सड़क के पास नीली मोटरसाइकिल पर इंतजार कर रहा है,NP
"धौला कुआं, लक्ष्मी नगर और राजौरी गार्डन पर भी ट्रैफिक रेंगता रहा।","धौला कुआं, लक्ष्मी नगर और राजौरी गार्डन पर भी ट्रैफिक थीरे थीरे आगे बड़ा।",P
एक आदमी शॉट बंदूक चला रहा है,कोई शॉटशॉट शूट करने वाला आदमी नहीं है,NP
"सुंदरबन 3,850 वर्ग किलोमीटर में फैला है, जिसमें से करीब एक तिहाई में पानी/दलदल वाला इलाका है.","सुंदरवन 3,850 वर्ग किमी के क्षेत्र को कवर करता है, जिसमें से लगभग एक-तिहाई पानी / दलदली क्षेत्रों मेंशामिल है।",NP
पेंट हाऊस विजय माल्या के ही नाम पर खरीदा गया है।,विजय माल्या ने कहा कि उसे दिए गए लोन का एक भी पैसा परिवार या मित्रों के नाम पर कोई प्रॉपर्टी खरीदने में इस्तेमाल नहीं किया गया है।,NP
नरेन्द्र मोदी ने भोजपुरी में अपने भाषण की शुरुआत की|,पीएम मोदी ने  स्थानीय भाष भोजपुरी में अपने भाषण की शुरुआत की,P
"मैं, मेरी बीवी और बच्चे एनआरआई: विजय माल्या",माल्या :मेरा पूरा परिवार एनआरआई है,P
कोई आदमी नहीं लड़ता है,दो पुरुष लड़ रहे हैं,NP
लाल शर्ट वाली लड़की एक बुलबुला उड़ा रही है,एक रंगीन लाल शर्ट में लड़की एक बुलबुला उड़ा नहीं है,NP
पठानकोट आतंकी हमले के पीछे मास्टरमाइंड  मसूद अजहर हैं उसे सतरा  साल पहले  भारत ने छोड़ा था|,"हरकत-उल-मुजाहिद्दीन के आतंकियों ने भारत सरकार के सामने एक सौ अठ्हत्तर  यात्रियों की जान के बदले में तीन आतंकियों मौलाना मसूद अजहर, मुश्ताक अहमद जरगर और अहमद उमर सईद शेख  की रिहाई का सौदा किया था|",NP
हनुमान थापा को बचाने के लिए  अब उन्हें आरआर अस्पताल में भर्ती कराया है।,आज (सोमवार) सुबह लांस नायक हनुमान थापा को आरआर अस्पताल ले  जाकर भर्ती कराया,P
बीस  जनवरी को कांगड़ा के कल्टा ब्रिज के पास से टैक्सी के ड्राइवर विजय कुमार गग्गल की लाश बरामद हुई है जिसके बाद से पुलिस इन तीनों को तलाश रही है।,पठानकोट से शव बरामद होने के बाद दिल्ली पुलिस सतर्क हो गई है,NP
बड़ा बाजार काफी घनी आबादी वाला इलाका है और पुल गिरने की वजह से इलाके का ट्रैफिक ठप हो गया है।,वर्ल्ड टी-ट्वन्टी  के सेमीफाइनल मुकाबले में गुरुवार को टीम इंडिया को हराने के बाद वेस्टइंडीज टीम ने जमकर मस्ती की।,NP
बोर्ड सचिव अनुराग ठाकुर ने कहा है कि राज्य को 'राजनीति' नहीं करनी चाहिए,इस मामले में राजनीति नहीं होनी चाहिए।,P
स्मुक्डेस पहने दो छोटे लड़के लाल कालीन वाली मंजिल पर खड़े हैं,दो छोटे लड़के स्मुक्स पहन रहे हैं,P
खबर है कि इस दौरान लाठीचार्ज भी हुआ।,पहले ही मैच में पंड्या को मिली आईसीसी से फटकार,NP
"इसके पहले वे बांग्लादेश में थे। बुधवार को पीएम नरेन्द्र मोदी, एक्सटर्नल अफेयर्स मिनिस्टर सुषमा स्वराज, एनएसए अजीत डोवाल से भी मुलाक़ात करेंगे।",ट्वीट कर गुड़गांव पुलिस ने कहा कि सभी पुलिसकर्मियो को सड़कों पर तैनात कर दिया गया है। ,NP
लकड़ी से बने एक बड़े दरवाजे के सामने लड़कों का एक समूह गेंद से खेल रहा है,एक लकड़ी की गेंद लड़कों के एक बड़े समूह के सामने एक दरवाजे के माध्यम से खेला जा रहा है ।,NP
इस दौरान प्रधानमंत्री ने अपने आपको देश का मजदूर नंबर-1 बताया|,मैंने एक कार्यक्रम में संपन्न लोगों से गैस सब्सिड़ी छोडऩे की अपील की थी। आज परिणाम यह है कि देश में 1.10 लोगों ने छोड़ी गैस सब्सिड़ी छोड़ दी है।,NP
एक आदमी चाकू के साथ एक बॉक्स खोल रहा है,चाकू के साथ एक बॉक्स खोलने वाला कोई आदमी नहीं है,NP
एक गंदा फुटबॉल गेंद एक लक्ष्य जाल में रोल कर रहा है,एक फुटबॉल गेंद एक लक्ष्य जाल में रोल कर रही है,P
भारत काफी अनुभवी खिलाड़ियों को लेकर आया है।,फिंच ने कहा- 'भारत ने टी-टव्न्टी विश्व कप की तैयारी के मद्देनजर अपने कुछ अनुभवी खिलाड़ियों को टीम में शामिल किया है।,P
सलमान खान साल के अंत यानी दिसंबर में अपनी गर्लफ्रेंड लूलिया वंतूर के साथ शादी के बंधन में बंध जायेंगे.,गोधरा में ट्रेन जलाने की साजिश का मास्टरमाइंड चौदह साल बाद अरेस्ट,NP
कोहली की ‘उदारता’ पर आमिर ने कहा थैंक्स,इस मामले में राजनीति नहीं होनी चाहिए।,NP
नाचने वाला कोई आदमी नहीं है,एक कठिन टोपी वाला आदमी नृत्य कर रहा है,NP
एक आदमी कुछ पकवान तैयार कर रहा है,महिला एक प्याज को चाकू से नहीं काट रही है,NP
ओरसी को साढ़े चार साल की कैद की सजा मिली है।,ओरसी को साढ़े चार साल जेल की सजा सुनाई गई है।,P
मृदुला और विपिन चंद्रा की पुस्तक 'इंडियाज स्ट्रगल फार इंडीपेंडेंस' में भगत सिंह को 'क्रांतिकारी आतंकवादी' बताया जाना बेहद आपत्तिजनक है|,मृदुला और विपिन चंद्रा की इसी  पुस्तक  में भगत सिंह को 'क्रांतिकारी आतंकवादी' बताया जाना बेहद आपत्तिजनक है,P
"वहीं, 2012 में शूटर विजय कुमार और रेसलर योगेश्वर दत्त को दिया गया।",2012 में यह अवार्ड शूटर विजय कुमार और रेसलर योगेश्वर दत्त को मिला था।,P
सड़क के किनारे हरे मैदान में तीन कुत्तों के साथ पांच लोग खड़े हैं,कुछ कुत्तों के साथ घास में पांच लोग खड़े हैं,P
  सिमंस 19 बॉल पर 19 रन बनाकर आउट हुए। जिसमें उन्होंने 3 चौके भी लगाए।,  कीरोन पोलार्ड (13 रन) के रूप में वेस्ट इंडीज को पांचवां झटका लगा। ,NP
   30 अप्रैल 1974 फर्टिलाइजर कॉर्पोरेशन ऑफ इंडिया में स्पोर्ट्समेन ट्रेनीज के पद पर चयन।  1975 से 1985 तक फर्टिलाइजर कार्पोरेशन गोरखपुर आल इंडिया इंटर यूनिट में कप्तानी की और लगातार 9 वर्ष तक चैंपियन रहे।,  10 मई 1987 से फर्टिलाइजर गोरखपुर के ग्राउंड पर निशुल्क हॉकी की कोचिंग शुरू की।,NP
दो लोग दो बाइक पर सवार हैं,दो लोग साइकिल चला रहे हैं,P
एक बिल्ली कोल में मक्का खा रही है,बिल्ली कुछ मक्का खा रही है,P
पठानकोट एयरबेस के आसपास रहने वाले लोग महज 20 रुपये की रिश्वत देकर इसके अंदर अपने मवेशियों को चरात हैं  इतना ही नहीं वे यहां मौजूद सीएसडी की कैंटीन से खरीदारी भी कर लेते थे।,राहुल गांधी पन्द्रह्-सोलह् जनवरी को मुंबई आ रहे हैं।,NP
माल्या ने पहले चार हज़ार चार सौ  करोड़ रुपए की पेशकश की थी|,इससे पहले माल्या ने चार हज़ार चार सौ  करोड़ का ऑफर दिया था|,P
"पठानकोट अटैक: संसदीय कमेटी ने उठाए सरकार पर सवाल, बताईं ये खामियां|",बीसीसीआई ने प्रतिष्ठित राजीव गांधी खेल रत्न पुरस्कार के लिए भारतीय टेस्ट कप्तान विराट कोहली के नाम की सिफारिश की है।,NP
फोटोग्राफरों से घिरे व्यक्ति ने ग्रे सूट और चश्मे पहने हुए हैं,सूट में एक आदमी फोटोग्राफरों से घिरा हुआ है,P
कुत्ता गीले रेत में दौड़ रहा है,कुत्ता गीले रेत में चल रहा है,P
मुंबई की स्पेशल कोर्ट ने इन्फोर्समेंट डायरेक्टोरेट (ईडी) की अर्जी पर इसी साल जून में यह फैसला सुनाया था। ,इसी साल जून में मुंबई की स्पेशल कोर्ट ने इन्फोर्समेंट डायरेक्टोरेट (ईडी) की अर्जी पर  यह फैसला सुनाया था। ,P
एक आदमी एक कट बॉक्स टेप कर रहा है,एक आदमी एक बॉक्स काट रहा है,NP
निर्देश मैनुअल में उल्लेख है कि उपकरण की सफाई से पहले उसे बंद कर देना चाहिए।,निर्देश मैनुअल कहता है कि उपकरण की सफाई के बाद उसे बंद कर देना चाहिए।,NP
नीलामी में वॉटसन ने मारी बाजी,पहले दौर की नीलामी में सबसे महंगे बिके शेन वॉटसन,P
अमिताभ को अब तक चार नेशनल अवॉर्ड,बच्चन  का यह चौथा राष्ट्रीय पुरस्कार है।,P
दिल्ली पुलिस ने बुधवार को बताया कि 19 से 23 की उम्र के बीच अरेस्ट इस्लामिक स्टेट के चार सदस्य सीरिया और इराक में अपने आकाओं से संपर्क में थे।,दीपिका बोली कि यह पूछना गलत है कि उनका 'बॉयफ्रेंड' कितना सुरक्षित या असुरक्षित महसूस करता है।,NP
भारतीय उच्च न्यायालय के समकक्ष माने जाने वाली मिलान कोर्ट ऑफ अपील्स ने इस संबंध में विस्तृत जानकारी दी है ,सी.बी.आई. ने अगस्तावेस्टलैंड हेलीकॉप्टर सौदे में हुए कथित भ्रष्टाचार के सिलसिले में आज भारतीय वायुसेना के पूर्व प्रमुख एस.पी. त्यागी से पूछताछ की। ,NP
इसके साथ ही दो हज़ार पांच सौ सतायीस लोगों के जख्मी होने की खबर है।,जबकि दो सौ छियालिस लोग घायल हो गए तथा बड़े पैमाने पर संपत्ति को नुकसान पहुंचा है।,P
डेटासेट में सर्वे उत्तर शामिल थे पर प्रश्न स्तर और सांपलिंग रणनीति का मेटाडेटा नहीं था।,डेटासेट में उत्तर शामिल थे पर प्रश्न का मूल पाठ और सैंपलिंग की जानकारी मौजूद नहीं थी।,NP
इंटरनेशनल बॉर्डर पर तैनात बॉर्डर सिक्युरिटी फोर्स (BSF) के जवान इसे देखते ही हरकत में आ गए।,बॉर्डर सिक्युरिटी फोर्स (BSF) के जवान इसे इंटरनेशनल बॉर्डर पर देखते ही हरकत में आ गए।,P
माल्या के खिलाफ नॉन बेलेबल वारंट भी जारी हो चुका है।, नॉन बेलेबल वारंट भी जारी किया जा चूका है माल्या के खिलाफ|,P
वे एक ऐसी मेडिसिन ले रही थीं जिसे वर्ल्ड एंटी-डोपिंग एजेंसी दो हज़ार सोलह  की लिस्ट में बैन कर चुकी है।,"इसे वे दो हज़ार छह से ले रही थीं, लेकिन  दो हज़ार सोलह  में  यह बैन हो चुकी दवाओं की लिस्ट में शामिल हो गई।",P
एक दूर का व्यक्ति एक नीले बैग के साथ चट्टानी क्षेत्र में पैदल चल रहा है,नीले रंग के बैग वाले एक दूरस्थ व्यक्ति चट्टानों से भरे पैदल यात्रा क्षेत्र में है,P
इतालवी भाषा में उच्चारण करना तुलनात्मक रूप से आसान है क्योंकि ज़्यादातर शब्दों का उच्चारण वैसे ही किया जाता है जैसे उन्हें लिखा जाता है,उच्चारण इतालवी में अपेक्षाकृत आसान है क्योंकि अधिकांश शब्द स्पष्ट हैं कि वे कैसे लिखे जाते हैं,NP
एक महिला एक आलू छील रही है,एक महिला एक टमाटर काट रही है,NP
सहसपुर के एचएस मुनीर ने की थी तंजील अहमद की हत्या,कमांडर ने मंगलवार को एआई दो सौ तिर्सठ्-दो सौ चौसठ् पर अपने साथ महिला फ्लाइट अधिकारी की मांग की थी।,NP
केजरीवाल ने ट्वीटर पे कहा कि वह बीजेपी से माफी नहीं मांगेंगे।,उन्होंने कहा कि उनकी सरकार ने किसी का भी नाम लिए बिना जांच आयोग को पूरे मामले की स्वतंत्र जांच करने और जिम्मेदारी तय करने का काम सौंपा है।,NP
माल्या भागे विदेश|,विदेश चले गए माल्या|,P
"एक बत्तक, जो बड़ा है, एक चट्टानी धारा के ऊपर उड़ रहा है",एक समुद्री पक्षी कुछ चट्टानों पर उड़ रहा है,P
व्यक्ति गिटार का अभ्यास नहीं कर रहा है,एक महिला गिटार बजाती है,NP
कुत्ता बच्चे को चाट रहा है,एक कुत्ता एक बच्चे को चाट रहा है,P
कन्हैया कुमार ट्वीट कर आरोप लगाया है कि जेट एयरवेज के विमान में उनके ऊपर एक यात्री ने हमला किया है।,कन्हैया कुमार पर विमान में अटैक,NP
"अन्य बायोरिदम-आधारित विकल्पों में सोने से पहले बहुत सारे तरल पदार्थ पीना (विशेष रूप से पानी या चाय, एक प्रचलित मूत्रवर्धक) शामिल है, जिससे व्यक्ति को मूत्र करने के लिए मजबूर होना पड़ता है”.","अन्य बायोरॉयथ्मआधारित विकल्पों में सोने से पहले बहुत से तरल पदार्थ (विशेष रूप से पानी या चाय, एक जाने-माने मूत्राशय) पीने को मजबूर करना शामिल है।",NP
सुप्रीम कोर्ट ने 25 जुलाई को बैंकों की पिटीशन के आधार पर माल्या को नोटिस जारी किया था। ,25 जुलाई को सुप्रीम कोर्ट ने  बैंकों की पिटीशन के आधार पर माल्या को नोटिस जारी किया था। ,P
कई बच्चे बैठे हैं और उनके घुटन उठाए जाते हैं,दो लड़कियां जमीन पर बैठी हैं,NP
दो साल में चौथी बार अमेरिका के दौरे पर जाएंगे पीएम मोदी|,अमेरिका  के चौथे दौरे पर जा सकते हैं मोदी|,P
"रोहतगी ने ये भी कहा था, 'माल्या ने कई जानकारियां छिपाईं जिसमें 2500 करोड़ का ट्रांजैक्शन भी शामिल है।'","रोहतगी ने ये भी कहा था, 'माल्या ने 2500 करोड़ के ट्रांजैक्शन जैसी कई जानकारियां छुपाएँ हैं।'",P
सरकारी बैंकों का नौ हज़ार  करोड़ रुपए लेकर भाग गए विजय माल्या को सुप्रीम कोर्ट ने अपनी सारी संपत्ति की जानकारी देने का आदेश दिया है|,सुप्रीम कोर्ट ने माल्या की सारी संपत्ति की जानकरी बैंकों को देने का दिया आदेश|,P
एक शेफ भोजन तैयार कर रहा है,एक शेफ खाना बना रहा है,P
"ऑस्ट्रेलिया के लोगों के लिए, 'फ्लैट व्हाइट' कॉफी का विचार विदेशी है।शॉर्ट ब्लैक 'एस्प्रेसो' है, कैपेचीनो में क्रीम (झाग नहीं) भरा होता है, और चाय दूध के बिना परोसी जाती है।","ऑस्ट्रेलियावासियों के लिए 'फ्लैट व्हाइट' कॉफी का विचार विदेशी है।एक छोटा काला है 'एस्प्रेसो', कैप्पक्किनो क्रीम सेऊंचा ढेर आता है (नकली नहीं) और बिना दूध के चाय परोसा जाता है।",NP
अगस्ता वेस्टलैंड स्कैमः सीबीआई ने भारतीय वायुसेना के पूर्व प्रमुख एस पी त्यागी से की पूछताछ,"ऋतिक-कंगना की लीक हुई हॉट फोटो, वकील ने पूछा- रिश्ते पर्सनल थे या प्रोफेशनल",NP
दो पुरुष मछली पकड़ने के लाठी नहीं पकड़ रहे हैं,दो पुरुष पानी के पास खड़े हैं और वे मछली पकड़ने के लाठी पकड़ रहे हैं,NP
जिमनास्टिक में दीपा 4th पोजिशन पर रही थीं। ,4th पोजिशन पर रही थीं दीपा कारमाकर जिम्नास्टिक में। ,P
एक कुत्ता पानी में नहीं तैर रहा है,एक कुत्ता पानी के एक शरीर में तैर रहा है,NP
साइना मुंबई में दीपिका पादुकोण से मिलने उनके घर भी गईं।,  इस दौरान साइना ने ना केवल दीपिका का घर देखा बल्कि उनके साथ डिनर भी किया।,NP
कोहली-फॉकनर में फिर हुई थी छींटाकशी|,"विराट ने फॉकनर से पूछा, गहरी नींद में क्यों हो|",NP
बिल्लियों एक दूसरे के साथ खेल रहे हैं,दो बिल्लियाँ एक साथ सो रही हैं,NP
लड़के पट्टियों से लटक रहे हैं और एक-दूसरे पर लात मार रहे हैं,लोग पट्टियों से लटक रहे हैं और एक दूसरे पर लात मार रहे हैं,P
पत्रकारा ने कहा कि उसने घटना प्रत्यक्ष देखा था।,पत्रकार ने कहा कि उसने घटना प्रत्यक्ष देखा था।,NP
"दाऊद के घर में चार टेलीफोन कनेक्शन है, चारों दाऊद की बीवी मेहजबीं शेख के नाम रजिस्टर्ड है।","उसके घर में चार लैंडलाइन नंबर लगे हैं, चारों नंबर दाऊद की पत्नी मेहजबीं शेख के नाम रजिस्टर्ड हैं।",P
चर्च के एक तहखाने में बच्चों का एक समूह माराका और ढोल बजा रहा है,एक इमारत के तहखाने में बच्चों का एक समूह माराका और ढोल बजा रहा है,P
"नौवाँ वार्ड, जो तूफ़ान कैटरीना के दौरान 20 फ़ीट तक ऊँचा देखा गया था, वह वर्तमान में कमर से ऊपर पानी में है, क्योंकि पास का बाँध ज़्यादा बढ़ गया था.",तूफान कटिराना के दौरान 20 फीट से अधिक ऊंचा बाढ़ देखने वाला नौवां वार्ड फिलहाल कमर ऊंचे पानी में है क्योंकि पास की लेवल ओवरटॉप की गई थी।,P
एक किशोर लड़की लाल मोती पहन रही है,लड़की को लाल पसंद है और वह किशोरों के लिए मोती नहीं पहनती है,NP
मुलायम सिंह यादव अपने परिवार सहित 5 विक्रमादित्य बंगले में रहते हैं। ,"  राजनाथ सिंह 4 कालीदास में रहते हैं, जिसका किराया 5320 रुपए है। ",NP
दो लोग एक मेज के चारों ओर बैठे हैं और अपने हाथों में बीयर पकड़ रहे हैं,दो लोग एक मेज के चारों ओर बैठे हैं और अपने हाथों में बीयर पकड़ रहे हैं,P
उन्होंने यह नहीं बताया कि उन्हें कब पकड़ा गया।,उन्होंने यह नहीं बताया कि उन भारतीय युवकों को कब हिरासत में लिया गया|,P
ब्राउन घोड़ा रोडियो में एक लाल बैरल के पास है,ब्राउन घोड़ा रोडियो में एक लाल बैरल से दूर है,NP
बच्चा बर्फ में स्लाइड कर रहा है,एक लाल और काला स्लाइड पर एक लड़का जैकेट और टोपी पहन रहा है और उसके घुटनें बर्फ से ढकी हुई हैं,NP
दो लड़के एक ट्रांपॉलिन पर खेल रहे हैं,कुछ लड़के ट्रैंपॉलिन पर खेल रहे हैं,P
इसके बाद प्रेस कॉन्‍फ्रेंस में कहा कि उनकी सलाह है कि विदेशी और देशी पर्यटक रात के समय छोटी स्‍कर्ट न पहनें। ,"आगरा में महिला टूरिस्टों की सेफ्टी के सवाल पर शर्मा ने कहा, ''पर्यटकों को, जब वो एयरपोर्ट पर आती हैं, एक वेलकम किट दी जा रही है।",NP
एक लड़की एक टी-शर्ट पहन रही है और उसका मुंह खुला है।,एक लड़की के पास एक टी-शर्ट है और वह अपना मुंह खुला रख रही है,P
राज्यसभा में सुब्रमण्यम स्वामी हेलीकाप्टर सौदे का मामला उठाएंगे|,कोर्ट ने जजमेंट में चार बार सिग्नोरा (सोनिया) गांधी और दो बार मनमोहन सिंह का भी नाम लिया|,NP
दिल्ली में रामकृष्ण आश्रम मार्ग और मंडी हाउस के इलाकों में सड़कों पर पानी जमा हो गया। इससे जाम लग गया।,रामकृष्ण आश्रम मार्ग और मंडी हाउस के इलाकों में सड़कों पर भरी पानी इकठा हो गया जिससे जाम लग गया।,P
भारतीय मुस्लिमों की वजह से नहीं पनप सकता आईएस|,भारत में कभी वर्चस्व कायम नहीं कर सकता आईएस|,P
प्रधानमंत्री ने बीपीएल धारक महिलाओं को मुफ्त गैस कनेक्शन वितरित किया|,पीएम नरेंद्र मोदी ने बलिया से आज 'प्रधानमंत्री उज्जवला योजना' की शुरुआत की|,NP
केतली ने सीटी बजाई जब भाप छोटे रसोईघर में भर गई और रेडियो पर एक लोक गीत धीरे बज रहा था।,कल झूम का मौसम था और मैंने पुराने फोटो देखें।,NP
पुलिसवाला पुलिस बाइक पर बैठा है,पुलिस साइकिल पर बैठा है।,P
  लोकेश राहुल ने केवल 46 बॉल पर 100 रन पूरे किए।,  डीप थर्डमेन बाउंड्री पर ड्वेन ब्रावो ने एक शानदार कैच लेकर रहाणे को आउट कर दिया।,NP
पूरी गियर में एक आदमी स्पोन्सर लोगो वाले हेलमेट पहन रहा है और लाल स्पोर्ट्स मोटरसाइकिल चला रहा है,पूरी गियर में एक रेसर स्पोन्सर लोगो के साथ हेलमेट पहन रहा है और लाल स्पोर्ट मोटरसाइकिल चला रहा है,P
एक महिला ने एक पेंसिल का इस्तेमाल किया है और अपनी पलक पर आंखों की लपेटी लगा रही है,एक महिला अपनी पलक से सौंदर्य प्रसाधन निकाल रही है,NP
मामला केरल के एर्नाकुलम जिले के पेरुम्बवूर का है। ,यह भायानक हत्याकाण्ड  केरल के एर्नाकुलम जिले के पेरुम्बवूर में हुआ था,P
एक व्यक्ति लापरवाही से रस्सी पर चढ़ रहा है,एक आदमी एक रस्सी पर चढ़ रहा है,P
"प्रत्यूषा बनर्जी केस: ''राहुल है ड्रग पैडलर, दिन में करता है दो बार नशा|''","दाऊद इब्राहिम को गैंगरीन, पैर काटने की नौबत|",NP
शारापोवा ने सोमवार को कहा कि मेल्डोनियम के लिए हुए उनका टेस्ट पॉजिटिव पाया गया।,उत्तर प्रदेश में मथुरा जिले के थाना माट इलाके में यमुना एक्सप्रेस वे पर केन्द्रीय मानव संसाधन विकास मंत्री स्मृति इरानी के काफिले के कथित तौर पर हुए एक्सीडेंट के मामले में नया मोड़ आ गया है।,NP
एक कुत्ता एक घास वाली पहाड़ी पर दौड़ रहा है,एक कुत्ता पहाड़ पर दौड़ रहा है,P
वहाँ कोई आदमी नृत्य नहीं है,एक आदमी नृत्य कर रहा है,NP
बबूआ माइक्रोफोन में बात कर रहा है,एक बबूआ बोल रहा है,P
आदमी कठोरता से पियानो खेल रहा है,आदमी पियानो खेल रहा है,P
भारतीय मुस्लिमों की वजह से नहीं पनप सकता आईएस|,पाकिस्तान के प्रधानमंत्री नवाज शरीफ ने रविवार को अपनी नातिन मेहरुन्निसा के दावत-ए-वलीमा समारोह में गुलाबी रंग की राजस्थानी साफा पहना था|,NP
उन्होंने आरोप लगाया है कि यह ‘विक्षिप्त मानसिकता’ के लोगों ने बनाई है।,ऎसे लोग सचिन और लता ताई जैसे आइकन की लोकप्रियता का अपनी खुद की लोकप्रियता के लिए दुरूपयोग करने की कोशिश करते हैं।,NP
हादसे में बाइक सवार एक शख्स की मौत हो गई जबकि  दो लोग घायल हो गए।,रविवार को एक्सप्रेस-वे पर हुए हादसे में एक मोटरसाइकल सवार की मौत हो गई और  उसके दो बच्चे घायल हो गए।,P
विजय माल्या ने राज्यसभा सांसद पद से दिया इस्तीफा|,पोस्टर में राहुल गांधी को जनरक्षक के रूप में दिखाया है,NP
"कोहली ने कहा, 'मुझे दस ओवर के बाद वर्चुअली लगा था कि हम टूर्नामेंट से बाहर हो गए हैं, धोनी के साथ मिलकर हमने मैच में कैसे वापसी की मैं नहीं जानता।","कोहली ने कहा- दस ओवरों के बाद लगा था कि टूर्नामेंट से इंडिया बाहर हो गई, लेकिन इसके बाद उन्होंने धोनी के साथ मिलकर जबर्दस्त वापसी।",P
कार्यशाला में भाग लेने के बाद कोई प्रतिभागी एक-एक परामर्श का अनुरोध कर सकता है।,प्रतिभागी समूह परामर्श के बजाय कई एक-एक सत्रों की मांग कर सकते हैं।,NP
एक आदमी कीबोर्ड खेल रहा है,एक संगीतकार कीबोर्ड बज रहा है,P
"एक-दूसरे की सेनाओं के विमानों और सैन्य नौकाओं को दूसरे के यहां ईधन भरने, मरम्मत करवाने और आराम करने की छूट होगी|",मृदुला और विपिन चंद्रा की पुस्तक 'इंडियाज स्ट्रगल फार इंडीपेंडेंस' में राहुल गांधी को करिश्माई नेता बताया गया है,NP
रात में बैंगनी और नीले रंग के कपड़े पहने एक लड़की धीरे-धीरे अपनी बाइक के पास चल रही है,रात में बैंगनी और नीले रंग के कपड़े पहने एक लड़की अपनी बाइक के पास चल रही है,P
एक आदमी दो कीबोर्ड खेल रहा है,दो कीबोर्ड बजाने वाला कोई पुरुष नहीं है,NP
यह कहना गलत होगा कि जलवायु परिवर्तन का अर्ध-शुष्क क्षेत्रों में फसल उपज पर कोई प्रभाव नहीं पड़ता।,यह कहना ठीक नहीं कि जलवायु परिवर्तन का असर बिल्कुल भी नहीं है; पर प्रभाव हर जगह अलग होता है।,P
महिला आँखों की छाया पर पेंसिलिंग कर रही है,एक महिला अपनी पलक पर सौंदर्य प्रसाधन लगा रही है,P
टोपी में एक आदमी वीणा बजा रहा है,टोपी में एक आदमी वीणा बजा रहा है,P
    वेस्ट इंडीज को 16वें ओवर में एक के बाद एक दो झटके लगे।  दूसरे विकेट के लिए रसेल और लुईस के बीच 78 रन की पार्टनरशिप हुई।,"  पहले कप्तान कार्लोस ब्रेथवेट रन आउट हुए, फिर पोलार्ड बोल्ड हो गए और इसके बाद नए बैट्समैन के रूप में आए लेंडल सिमंस भी 0 पर बोल्ड हो गए।",NP
मोदी ने लांच की प्रधानमंत्री उज्जवला योजना|,मोदी ने बलिया में लॉन्च की प्रधानमंत्री उज्जवला योजना|,P
ये इतने मजबूत हैं कि बारिश धूप के साथ छोटे मोटे पत्थरों को भी झेल सके। ,मौजूदा रास्ता बाणगंगा से अर्द्धकुंवारी जाता है। वहां से दो रास्त्ते निकलते हैं। पहला हाथी मत्था होते हुए भवन तक जाता है। यहां खड़ी चढ़ाई है। दूसरा हिमकोटि से भवन जाता है।,NP
एक व्यक्ति द्वारा एक कैप्सिकम को टुकड़ों में काट दिया जा रहा है,व्यक्ति लहसुन का एक नाखून टुकड़ों में काट रहा है,NP
"रिपोर्ट्स के मुताबिक संग्रहालय की जिस टीम ने हाल ही में पीएम मोदी का मेजरमेंट लिया था, उसी टीम ने कपिल शर्मा से भी मुलाकात की और उनका मेजरमेंट लिया।","मोहसिन फरहान अख्तर की फिल्म 'लक बाय चांस' में भी नज़र आ चुके हैं इस में  उनकी भूमिका छोटी सी थी, लेकिन साथ ही दमदार भी थी।",NP
चार लोग मोटी बर्फ पर मुश्किल से चल रहे हैं और सूरज डूब रहा है,चार लोग मोटी बर्फ पर चल रहे हैं और सूरज डूब रहा है,P
आदमी सोच रहा है,एक आदमी सोच रहा है,P
"पुलिस के मुताबिक, सफेद रंग की गायब आल्टो टैक्सी का रजिस्ट्रेशन नंबर एचपि  ओ एक डि दो हज़ार चार सो चालिस है",खराब फॉर्म से जूझ रहे महेंद्र सिंह धोनी को एक नया सहारा मिला पूर्व  ऑस्ट्रेलियाई खिलाड़ी का साथ|,NP
तलवार से रस्सी काटने वाला कोई पुरुष नहीं है,एक आदमी एक तलवार से एक रस्सी काट रहा है,NP
लेकिन अमेरिका के पास इसे साबित करने के सबूत नहीं हैं|,किरीट सोमैया  ने  आरोप  करते हुये  कहा कि  राहुल गांधी के करीबी और उनके सलाहकार सचिव कनिष्क कुमार के परिवार की कपंनी एम्मार-एमजीएफ अगस्ता वैस्टलैंड हैलीकॉप्टर  घोटाले में शामिल है|,NP
"प्रत्यूषा सुसाइड केस में चौंकाने वाला खुलासा, राहुल राज को अंतरिम जमानत|",ऋतिक-कंगना की लीक हुई फोटो|,NP
"इससे पहले 2009 में एक साथ तीन प्लेयर महिला बॉक्सर मेरी कॉम, बॉक्सर विजेंद्र सिंह और रेसलर सुशील कुमार को दिया गया था।",विश्वनाथन आनंद को मिला था सबसे पहला खेल रत्न ।,NP
"“वह [वेल्स] शुरू से ही हमसे झूठ बोलता रहा है। सबसे पहले, ढोंग करते हुए कि यह कानूनी कारणों के लिए था। दूसरा, अपनी कला को हटाने के समय तक यह जताते हुए कि वह हमारी बात सुन रहा था।”","वह [वेल्स] मूल रूप से शुरू से ही हमसे झूठ बोला. पहला, ऐसा करके मानो यह कानूनी कारणों से था. दूसरा, यह दिखाकर कि वह हमारी बात सुन रहा था, ठीक अपनी कला हटाने तक।",NP
एक शिमपांस गुस्से में लक्ष्य को लात मार रहा है,एक चिम्पैंजा गुस्से में एक लक्ष्य को लात मार रहा है,P
एक काला कुत्ता घास में बैठा है और अपना मुंह बंद रखता है,एक काला कुत्ता घास में दौड़ रहा है और उसकी जीभ लटक रही है,NP
भारत-ऑस्ट्रेलिया मेलबर्न वनडे मैच के दौरान विराट कोहली और जेम्स फॉकनर के बीच हुई कहासुनी ने काफी सुर्खियां बटोरी थींं,"विराट ने फॉकनर से पूछा, गहरी नींद में क्यों हो|",NP
 बेहोश होने के बाद सिपाही ने उसे उठाकर जोर से प्लेटफॉर्म पर पटक दिया।,सिपाही ने बचे के बेहोश होने के बाद उसे जोर से प्लेटफार्म पर पटक दिया|,P
स्नोबोर्डिंग का अभ्यास करने वाला व्यक्ति हवा से गिर जाता है,स्नोबोर्डर सफेद बर्फ पर कूद रहा है,NP
 रजिस्ट्रेशन के बाद यह सारी किस्में सरकार की हो जातीं तो किसानों को मैं कैसे मोटीवेट करता।,बच्चों की इस जिद को उनके माता पिता ने मानी और हजाराें घरों में टॉयलेट बन गए।,NP
पन्द्रह साल के प्रोजोरिया के मरीज निहाल बिटला की तेलंगाना में मौत|,पा से चर्चा में आए निहाल की मौत|,NP
अखबार का दावा है कि मोदी पढ़ाई में बहुत अच्छे थे और उन्होंने राजनीति शास्त्र में प्रथम श्रेणी में एम ए की परीक्षा उत्तीर्ण की थी।,"2 साल के कोर्स में पीएम मोदी ने विषय के तौर पर यूरोपियन पॉलिटिक्स, भारतीय राजनीति का विश्लेषण और राजनीति का मनोविज्ञान पढ़ा था।",NP
पठानकोट हमले की जांच के दौरान एयरबेस की सुरक्षा व्यवस्था की पोल खुलने लगी है।,राहुल के दौरे से पहले मुंबई कांग्रेस बनी अखाड़ा|,NP
"    हालांकि, जांच के बाद लॉस एंजिलिस पुलिस डिपार्टमेंट ने बताया कि यह अफवाह थी और तेज आवाज को फायरिंग समझ लिया गया। लॉस एंजिलिस एयरपोर्ट पुलिस डिपार्टमेंट ने ट्वीट कर बताया, ""पब्लिक सेफ्टी के लिए एहतियात बरती जा रही है। शांति और धैर्य बनाए रखें। आपके सहयोग के लिए धन्यवाद।""",  बता दें कि जोरो 1998 में रिलीज मशहूर फिल्म 'द मास्क ऑफ जोरो' का कैरेक्टर है।,NP
इसमें दर्ज एपी को माना जा रहा है कि ये अहमद पटेल हैं।,हेलिकॉप्टर सौदे में मिडिलमैन के लेटर्स में 'एपी' के मायने सोनिया गांधी के पॉलिटिकल सेक्रेटरी अहमद पटेल से थे।,P
डीआरडीओ ने भारत के प्रतिष्ठित आईजीएमडीपी (इंटीग्रेटिड गाइडिड मिसाइल डेवलपमेंट प्रोग्राम) के तहत पृथ्वी दो विकसित किया है।,सतह से सतह तक मार करने वाली इस मिसाइल को उड़ीसा के चांदीपुर टेस्ट रेंज से सुबह करीब नौ बजकर चालिस  मिनट  पर प्रक्षेपित किया गया।,NP
काफी निराश था और ड्रेसिंग रूम में लौटते हुए रोने लगा था।,तेंदुलकर ने कहा कि वह क्रिकेट के इतिहास में पहला खिलाड़ी था जिसे तीसरे अंपायर ने आउट करार दिया था।,NP
कोई पुरुष कीबोर्ड नहीं बजता है,एक आदमी कीबोर्ड खेल रहा है,NP
थरूर ने कन्हैया को बताया आज का भगत सिंह,बाबा साहब  का भक्त': पीएम मोदी,NP
रंगीन कोट में एक कुत्ता यार्ड में तेजी से दौड़ रहा है,रंगीन कोट में एक कुत्ता आंगन के पार दौड़ रहा है,P
राजनाथ से सवाल हुआ कि बीएसएफ क्यों लाए? ,  इस बीच पत्रकार शोर मचाने लगे तो राजनाथ ने कहा  प्लीज प्लीज महबूबाजी तो आपके घर की हैं। आपकी हैं...।,NP
एक महिला लक्ष्य अभ्यास पर गोली मार रही है,एक महिला लक्ष्य अभ्यास पर गोली मार रही है,P
तीन लोग एटीवी चला रहे हैं,कोई भी व्यक्ति एटीवी नहीं चलाता है,NP
महिला एक झाड़ी को संभाल रही है,कोई आदमी नहीं है जो एक झाड़ी को पकड़ता है,NP
इसके अलावा फिल्म 'इट्स मैन्स वर्ल्ड' में वो लीड रोल में नजर आए थे।,इसके अलावा 'इट्स अ मैन वर्ल्ड' में उन्होंने लीड रोल निभाया,P
अब माल्या के खिलाफ सुप्रीम कोर्ट पहुंचे सत्रह  बैंक,"मथुरा के एसपी राकेश सिंह ने बताया, 'जिस कार ने डॉक्टर की बाइक को टक्कर मारी वह केंद्रीय मानव संसाधन मंत्री के काफिले का हिस्सा नहीं थी।",NP
एक छोटा बच्चा कुछ गिरती हुई पत्तियों पर बाहर भाग रहा है,एक छोटा बच्चा गिरती हुई पत्तियों पर बाहर भाग रहा है,P
"तुर्की ने आईएसआईएस के लड़ाकों को पकड़ना और निगरानी करना शुरू कर दिया है, बयान में कहा गया है कि यूरोपीय देशों ने प्रत्यावर्तन करने से इन्कार कर दिया है.","बयान में कहा गया है कि तुर्की आईएसआईएस के पकड़े गए लड़ाकों की सुरक्षा का जिम्मा भी संभालेगा, जिन्हें यूरोपीय देशों ने वापस भेजने से इनकार कर दिया है।",P
उसने जंगली फूलों को सावधानी से एक जार में सजाया और उन्हें रसोई की मेज पर कमरे को उज्जवल करने के लिए छोड़ दिया।,"उनकी कार की बीमा नवीकरण तिथि अगले महीने है, और पालतू कुत्ता बीमार है।",NP
"1976 चयन के दौरान उन्होंने विदेश नीति पर कार्टर को सलाह दी, फिर 1977 से लेकर 1981 तक राष्ट्रीय सुरक्षा सलाहकार (एनएसए) के रूप में हेनरी किसिंजर को सेवा दी.","१९७६ चयन के दौरान उन्होंने कार्टर को विदेश नीति पर सलाह दी, फिर १९७७ से १९८१ तक राष्ट्रीय सुरक्षा सलाहकार (एनएसए) के रूप में कार्य किया, हेनरी किसिंगर के उत्तराधिकारी रहे ।",P
प्रशिक्षण कौशल बनाने के लिए ऊपर से नीचे के व्याख्यानों के बजाय सहभागी दृष्टिकोण पर जोर देता है।,प्रशिक्षण में कहा गया कि टॉप-डाउन लेक्चर बेहतर है बजाय सहभागी तरीकों के।,NP
कुछ कैमरे एक व्यक्ति द्वारा जला रहे हैं एक blow torch के साथ,एक व्यक्ति एक blow torch के साथ कुछ कैमरे जल रहा है,P
राज्यसभा में हंगामा:बाहर किए गए एक टीएमसी सांसद|,सुप्रीम कोर्ट ने शनिवार को प्राइवेट डीजल टैक्‍सी को सीएनजी में तब्दील करने की समय सीमा बढ़ाने से इनकार कर दिया था।,NP
राहुल पहुंचे हैदराबाद|,कांग्रेस उपाध्‍यक्ष राहुल गांधी हैदराबाद पहुंचे|,P
एक आदमी एक पेड़ ले जा रहा है,एक आदमी एक पौधा ले जा रहा है,P
मनरेगा के मजदूर पीएम मोदी को लौटाएंगे पांच रुपए,पीएम मोदी को पांच  रुपये लौटा रहे हैं मजदूर,P
एक आदमी पार्किंग स्थल पर है और एक बड़ी दीवार के खिलाफ टेनिस खेल रहा है,एक अकेला आदमी पार्किंग स्थल पर है और एक बड़ी दीवार के खिलाफ टेनिस खेल रहा है,P
कुछ मछलियाँ तेजी से तैर रही हैं,कुछ मछलियाँ तैर रही हैं,P
एक ध्वनि मिश्रण मेज के चारों ओर खड़े लोगों का एक समूह,कुछ लोग ध्वनि उपकरण को देख रहे हैं,P
"सभी गुफाओं, जिनका नाम “सात बहनें” रखा गया, में घुसने की जगह का डायमीटर कम से कम 100 से 250 मीटर (328 से 820 फ़ीट) है.","गुफा के सभी प्रवेश द्वार, जिन्हें ""द सेवन सिस्टर्स"" नाम दिया गया था, कम से कम 100 से 250 मीटर (328 से 820 फीट) व्यास के हैं।",P
पाक को हराकर भारत ने जीता नेत्रहीनों का टी ट्वन्टि एशिया कप,एयलिफ्ट' ने पहले दिन कमाए अछे पैसे,NP
महिला ने चश्मा या हेडड्रेस नहीं पहनी है,एक महिला मिस्र की हेड्रेस पहन रही है,NP
एक वयस्क अम्फीथेटेर में है और एक लड़के से बात कर रहा है,एम्फिथेटेर में कोई वयस्क नहीं है जो एक लड़के से बात कर रहा हो,NP
ऐसा आरोप है कि इस सौदे को मूर्त रूप देने के लिए भारतीय अधिकारियों और नेताओं को घूस दी गई थी।,"सीबीआई ने पूर्व वायु सेना प्रमुख एसपी त्यागी और बारह  अन्य के खिलाफ वीवीआईपी हेलीकॉप्टर सौदे में कथित धोखाधड़ी, भ्रष्टाचार और आपराधिक षडयंत्र का मामला दर्ज किया था।",NP
एक व्यक्ति एक केला छील रहा है,एक व्यक्ति एक केला को छील रहा है,P
कोई क्लोन नहीं गाती है और लोग नाच नहीं रहे हैं,एक मुर्गा गा रहा है,NP
एक आदमी रसोई में सिंक पर एक कंटेनर हिला रहा है,रसोई में सिंक पर कंटेनर हिलाकर कोई आदमी नहीं है,NP
इस बार लेकिन दो फरवरी को जंगल में आग लगी थी|,आग का यह सिलसिला शुष्क जाड़े के कारण दो फरवरी को शुरू हुआ था।,P
इसमें कई लोग सोनू निगम का गाना सुनने के लिए रूकते जरूर हैं,कुछ लोग हैरानी भरी निगाहों से उन्हें देख रहे हैं।,NP
बैंड गाती है,बैंड गाती नहीं है,NP
"माल्या के एफिडेविट पर जवाब देते हुए बैंकों ने कहा था कि उनके और उनकी फैमिली के नाम पर विदेशों में संपत्ति है, उससे बकाया चुकाया जा सकता है।","उन्होंने कहा, 'सुप्रीम कोर्ट के रूल्स के मुताबिक अवमानना नोटिस दिए जाने के बाद माल्या को कोर्ट में हाजिर होना चाहिए था। मगर वे एक बार भी नहीं आए।'",NP
एसयूवी जैसा दिखने वाला यह स्पेस शटल अपने ओरिजिनल फॉर्मेट से छह गुना छोटा है।,एलीट क्लब में शामिल हुआ भारत|,NP
चोटिल तेज गेंदबाज मोहम्मद शमी की वापसी हो गई है।,चोट से जूझ रहे मोहम्मद शमी की टीम में वापसी हुई है।,P
राज्यसभा में हंगामा:बाहर किए गए एक टीएमसी सांसद|,"अगस्ता घोटाला: राज्यसभा में हंगामा, टीएमसी सांसद को सदन से निकाला|",P
लोग एक खूबसूरत झरने के पास सड़क पर चल रहे हैं,लोग एक सुंदर झरने के पास सड़क पर नहीं चल रहे हैं,NP
ऑस्ट्रेलियन ओपन के लिए ड्रग टेस्ट में फेल हो गई थीं मारिया शारापोवा,मारिया शारापोवा ड्रग टेस्ट में हुईं फेल,P
एक आदमी मंच के बारे में बात कर रहा है,एक आदमी मंच पर बोल रहा है,NP
"बीस हज़ार पच्चास तक भारत में हो सकता है जलसंकट, विदेश से मंगाना पड़ेगा पीने का पानी|",आंकड़ों बताते हैं कि बीस हज़ार पच्चास तक हर आदमी के लिए तीन हज़ार एक सौ बीस लीटर पानी ही बचेगा|,NP
"एक लड़की, जो छोटी है, मंच पर ग्रैंड पियानो बजा रही है",एक लड़की पियानो खेल रही है,P
"बसपा सांसद की बहू ने खुद को बाथरुम में बंद कर मारी गोली, मौत|",बीएसपी सांसद की बहू ने गोली मारकर खुदकुशी की|,P
वहाँ कोई सफेद कार आदमी द्वारा चलाया जा रहा है,एक सफेद कार आदमी द्वारा चलाया जा रहा है,NP
यह ब्रिटेन में कहीं और आम बात है लेकिन स्कॉटिश न्याय अलग तरीके से काम करता है और अदालतों ने तस्वीरों के प्रकाशन को संभावित नुक़सानदेह के रूप मे देखा हैं |,यह यूके में कहीं और आम बात है लेकिन स्कॉटिश न्याय अलग तरह से काम करता है और अदालतों ने तस्वीरों के प्रकाशन को संभावित रूप से पूर्वाग्रह के रूप में देखा है।,P
एक आदमी आउटडोर पार्क पर एक स्केटबोर्ड ट्रिक कर रहा है,एक आदमी पार्क के verandas पर एक स्केटबोर्ड चाल कर रहा है,P
"याद रखें कि मुख्य स्टेज पर म्यूज़िक बंद हो जाने के बाद भी, फ़ेस्टिवल के कुछ हिस्से ऐसे होंगे जो देर रात तक संगीत बजाते रहेंगे.","याद रखें कि भले ही मुख्य मंचों पर संगीत खत्म हो गया हो, लेकिन त्योहार के खंड हो सकते हैं जो देर रात तक संगीत खेलते रहेंगे।",NP
"खास पिरामिड के आकार के टॉवर जिन्हें कभी-कभी ज़िगुरैट के नाम से भी जाना जाता है, जो मंदिर के हिस्से के तौर पर बनाया गया था.",कभी-कभी मंदिरों का हिस्सा बनने के लिए जिग्गुराट नामक विशेष पिरामिड आकार के टावर बनाए जाते थे।,P
"ऋतिक के सपोर्ट में आईं सुजैन, कंगना कॉन्ट्रोवर्सी में खुद भी ट्वीट की फोटो|",भगतसिंह को ‘क्रांतिकारी आतंकवादी’ बताने का मामला लोकसभा में गूंजा|,NP
1896 से हो रहे ओलिंपिक में पहली बार ऐसा हुआ है कि कोई भारतीय जिमनास्ट फाइनल में पहुंचा।,पहली बार 1896 से हो रहे ओलिंपिक में ऐसा हुआ था कि कोई भारतीय जिमनास्ट फाइनल में पहुंचा हो। ,P
जींस में एक महिला घोड़े की सीट पर बैठी है,जींस में महिला घोड़े की कुर्सी पर बैठी है,P
कोर्ट पर गेंद के लिए दो ऊंचे बास्केटबॉल खिलाड़ी लड़ रहे हैं,दो बास्केटबॉल खिलाड़ी कोर्ट पर गेंद के लिए लड़ रहे हैं,P
यह आखरी कॉल दो सौ एक  सेकेन्ड का है।,लेकिन राहुल के वकील आभात फोंडा का कहना है कि प्रत्यूषा उस वक्त काफी शराब पी रही थी और वह पुरी तरह नशे की हालत में थी।,NP
एक कुत्ता झील में तैर रहा है और सूरज उस पर चमक रहा है,कुत्ता एक झील में तैर रहा है और सूरज उस पर चमक रहा है,P
"एक लड़का, जो छोटा है, चेहरे पर मुस्कान के साथ एक हरे सुरंग में बैठा है",एक छोटा लड़का एक हरे सुरंग में चेहरे पर मुस्कान के साथ बैठा है,P
बंदर को मार्शल आर्ट्स में प्रशिक्षित किया जा रहा है,एक बंदर किसी व्यक्ति के दस्ताने वाले हाथ पर लात मार रहा है,NP
हरे रंग में एक ब्लोंड लड़का एक स्विंग पर बैठा है,हरे रंग में एक गोरा लड़का एक स्विंग पर खड़ा है,NP
एक बड़ा सफेद कुत्ता बर्फ में कूद रहा है,एक बड़ा सफेद कुत्ता एक बर्फबारी क्षेत्र पर हवा में कूद रहा है,P
"यह संबंधित है, लेकिन आम तौर पर इसमें अल्पाइन शैली की स्की टूरिंग या माउंटेनीयरिंग शामिल नहीं होती है, जिसे खड़े इलाकों में किया जाता है और जिसके लिए बहुत कड़ी स्की और बूट की ज़रूरत होती है.","यह से संबंधित है,लेकिन आम तौर पर अल्पाइन शैली स्की दौरा या पर्वतारोहण शामिल नहीं है, बाद खड़ी इलाके में किया और बहुत stiffer स्की और जूते की आवश्यकता होती है ।",P
वीडियो में कई ऐसी बातें बोली गई हैं जो सचिन और लता के प्रशंसकों को अपमानजनक लगी है।,"रितेश देशमुख ने ट्वीट किया, मैं स्तब्ध हूं, यह निरादर न तो कूल है और न ही मजाकिया।",NP
भारत और पाकिस्तान के विदेश सचिवों के बीच आज मुलाकात हुई|,आज  है भारत-पाक फॉरेन सेक्रेटरीज की मुलाकात|,P
महिला पैन में तेल नहीं डाल रही है,महिला पैन में तेल डाल रही है,NP
एक पिंग-पोंग खिलाड़ी दो लोगों से मिल रहा है,कुछ जानवर पानी में खेल रहे हैं,NP
चार लड़कियां बैकबेंड कर बाग में खेल रही हैं,चार बच्चे पार्क में बैकबेंड कर रहे हैं,NP
अब ये गाड़ियां दिल्ली की सड़कों पर नहीं दौड़ पाएंगी|,आज से  ये गाड़ियां दिल्ली की सड़कों पर नहीं दौड़ पाएंगी|,P
टैक्सी चालको पर लगे बैन के कारण दिल्ली गुड़गांव एक्सप्रेस वे पर जाम लग गया है।,सुबह सैकडों टैक्सी चालकों के प्रदर्शन के कारण राष्ट्रीय राजमार्ग-8 के पास यातायात जाम हो गया.,P
एक आदमी हवा में एक साइकिल के साथ एक चाल कर रहा है,साइकिल चालक हवा में एक चाल चला रहा है,P
शहर ने मुख्य मार्ग पर वाहन गति की बजाय पैदल यात्रियों की सुरक्षा को प्राथमिकता दी।,शहर ने मुख्य मार्ग पर वाहन गति बढ़ाने को प्राथमिकता दी ताकि यातायात तेज़ हो सके।,NP
दोनों की शादी बंगाली रीति रिवाजा से हुई।,"पाक और अमेरिका के बीच करार हुआ था कि अमेरिका लादेन पर हमला तो करेगा, लेकिन इससे ऐसा लगना चाहिए कि पाक को हमले की जानकारी नहीं थी।",NP
हाई कोर्ट के फैसले के खिलाफ केंद्र ने किया सुप्रीम कोर्ट का रुख|,केन्द्र ने उत्तराखंड में राष्ट्रपति शासन हटाने के आदेश को उच्चतम न्यायालय में चुनौती दी|,P
नातिन मेहरुन्निसा की शादी के बाद रविवार को दिए गए वलीमा (रिसेप्शन) के दौरान नवाज के सिर पर मोदी का दिया गुलाबी रंग का राजस्थानी साफा सजा था।,"मेहरुन्निसा, नवाज की बेटी मरियम की बेटी हैं।",NP
समिति ने कम-आय वाले घरों के लिए सार्वजनिक परिवहन को सब्सिडी देने के प्रस्ताव को समर्थन दिया।,समिति ने सुझाव दिया कि सार्वजनिक परिवहन को टैक्स में छूट देकर बढ़ावा दिया जाए।,NP
उत्तराखंड पर शुक्रवार तक सुनवाई टली,सुप्रीम कोर्ट ने उत्तराखंड में राष्ट्रपति शासन लगाने के केंद्र के फैसले के खिलाफ चल रही सुनवाई पर फैसला शुक्रवार तक टाल दिया है ,P
थानाधिकारी पारसमल वीरवाल ने बताया कि खाखलिया खेड़ा निवासी मुकेश (31) पुत्र डालचंद पुलिस फायरिंग रेंज के पास नाड़ी (छोटा तालाब) पर गया था।,थानाधिकारी पारसमल वीरवाल ने यह सुचना दी की खाखलिया खेड़ा निवासी मुकेश सपुत्र डालचंद पुलिस फायरिंग रेंज के पास छोटा तालाब पर मारा गया था।,P
योजना के तहत तीन साल के दौरान पांच करोड़ लोगों को मुफ्त गैस कनेक्शन की सुविधा का लाभ दिया जाएगा।,आज देश का यह मजदूर नंबर एक देश के सभी श्रमिकों को उनके योगदान को नमन करता है।',NP
एक महिला एक खरगोश को साफ कर रही है,कोई भी महिला एक खरगोश को साफ नहीं करती है,NP
एक दो लोगों को अलग ले जाकर सख्ती से पूछताछ हुई तो उन्होंने सच उगल दिया।,परीक्षा देने के लिए बस्तर से सरगुजा तक के बेरोजगार आए लेकिन आते समय उन्होंने इस बात का ध्यान नहीं रखा कि आखिर उनका मर्चेंट नेवी में चयन कैसे हाे गया?,NP
कोई व्यक्ति बिस्तर नहीं बना रहा है,एक व्यक्ति एक बिस्तर बना रहा है,NP
"उन्होंने लिखा, ''मैं इंटरनेशनल बिजनेसमैन हूं,और मैं विदेश आता जाता रहता हूं, मैं  भगोड़ा नहीं।","माल्या ने ट्वीट के जरिए कहा है, ""मैं अन्तर्राष्ट्रीय कारोबारी हूं और मैं विदेश आता जाता रहता हूं, मैं भारत से भागा नहीं हूं, और ना ही भगोड़ा हूं, यह सब बकवास है""",P
काला कुत्ता अपने मुंह में एक नीली और सफेद गेंद ले जा रहा है,काला कुत्ता अपने मुंह में एक नीला और सफेद खिलौना ले जा रहा है,P
गुरुवार को सीबीआई जांच में सहयोग करने वाले आईपीएस अफसर व एसआईटी टीम के प्रमुख सतीश वर्मा ने कहा है कि साल दो हज़ार चार  में गुजरात में हुआ ये एनकाउंटर इशरत जहां की पूर्व नियोजित हत्या थी।,इशरत एनकाउंटर मामले में ताजा विवाद के बीच कोर्ट द्वारा नियुक्त एसआईटी जांच टीम के सदस्य रहे आईपीएस अफसर सतीश वर्मा ने बुधवार को फिर कहा कि इशरत जहां का एनकाउंटर फर्जी था।,P
एक युवा आदमी एक गंदगी पहाड़ पर एक मोटोक्रॉस बाइक ले जा रहा है,एक युवा व्यक्ति एक मोटोक्रॉस बाइक को एक गंदगी की पहाड़ी पर धक्का दे रहा है,P
वॉर्न ने एक ऑस्ट्रेलियाई चैनल दस  को दिए इंटरव्यू में  कहा कि स्टीव वॉ को नपसंद  करने के कई कारण हैं.,पीपुल्स डेमोक्रेटिक पार्टी की अध्यक्ष महबूबा मुफ्ती ने सरकार बनाए जाने की दिशा में पार्टी के अगले कदम को लेकर अपने विधायकों की बैठक बुलाई है,NP
"लड़के मांगने लगेंगे आरक्षण:नरेंद्र मोदी,",लड़कियां ज्यादा मेडल पाती रहीं तो एक दिन लड़के रिजर्वेशन मांगेंगे:नरेंद्र मोदी,P
"श्रीश्री ने की थी आईएस से बातचीत की कोशिश, आतंकियों ने जवाब में भेज दी एक फोटो|",'इसलिए उससे आर्मी को निपटना चाहिए।'',NP
बांद्रा/वर्ली सी-लिंक का नाम लता मंगेशकर या जेआरडी टाटा लिंक रोड किया जाना चाहिए|,पृथ्वी-दो मिसाइल की विशेषताएं|,NP
आदमी एक पक्षी पिंजरे के बगल में लगातार खड़ा है,आदमी एक पक्षी पिंजरे के बगल में खड़ा है,P
भारतीय नेत्रहीन टीम ने पाकिस्तान को खिताबी मुकाबले में एकतालिस रन से हराकर ये खिताब अपने नाम किया है।,भारत ने चिर प्रतिद्वंद्वी पाकिस्तान को एकतालिस  रनों से हराकर टूर्नमेंट पर कब्जा किया।,P
एक आदमी घोड़े पर सवार है,एक आदमी मोटरसाइकिल चला रहा है,NP
"  साध्वी प्राची का कहना है कि भाजपा एक तरफ तो बेटी के सम्मान में मैदान में आंदोलन चला रही है, दूसरी तरफ ऐसे बयान दे रही है।  उन्‍होंने कहा कि महेश शर्मा का यह बयान भाजपाइयों की मानसिकता को दर्शाता है। ",साध्वी प्राची ने कहा अब महिलाओं का सम्मान पॉलिटिकल हो चुका है। ,NP
एक आदमी एक कैनो रो रहा है,एक आदमी एक नाव रो रहा है,P
वीडियो में कई ऐसी बातें बोली गई हैं जो सचिन और लता के प्रशंसकों को अपमानजनक लगी है।,"रितेश देशमुख ने ट्वीट किया, मैं स्तब्ध हूं, यह निरादर न तो कूल है और न ही मजाकिया।",NP
तीन पुरुष एक मैदान में कराटे का अभ्यास कर रहे हैं,तीन पुरुष बाहर कराटे का अभ्यास कर रहे हैं,P
सर्वे उत्तरदाताओं ने कामकाजी माता-पिताओं का समर्थन करने के लिए लचीले बाल-देखभाल विकल्पों के महत्व पर ज़ोर दिया।,सर्वे में लोगों ने कामकाजी माता-पिता के लिए लचीले चाइल्डकेयर विकल्पों की आवश्यकता बताई।,P
एक लेमूर किसी व्यक्ति की उंगली काट रहा है,एक जानवर किसी व्यक्ति की उंगली काट रहा है,P
कई बार तकनीक आपके खिलाफ भी चली जाती है,कांग्रेस के संगठन सचिव अनिल गुप्ता को भी पार्टी से बाहर का रास्ता दिखा दिया गया है।,NP
पानी ठंडा है।,पानी गर्म है।,NP
मिससौरी स्टेट कोर्ट ने कंपनी को  आदेश दिया है कि वह पीडि़त महिला को तीन सौ चौहत्तर करोड़ रुपए का जुर्माना दे। ,प्रधानमंत्री नरेंद्र मोदी ने मधोक के निधन पर दुख जताया|,NP
रविवार को सभी प्रकार के वाहनों को सड़कों पर चलाने की छूट होगी।,ओड्र-ईवन नियम से  रविवार को छूट रहेगी।,P
एक व्यक्ति तुरही बजाना बंद कर रहा है,एक आदमी गिटार खेल रहा है,NP
लोग एक दलदल मैदान पर रग्बी खेल रहे हैं,लोग मिट्टी से भरे मैदान पर रग्बी खेल रहे हैं,P
एक महिला अपनी पलक पर सौंदर्य प्रसाधन लगा रही है,एक महिला अपनी पलक पर कॉस्मेटिक लगा रही है,P
वहां से किसानों को इकट्ठा किया और ट्रैक्टर लेकर आए।,किसानों को वहां से इकट्ठा किया और ट्रैक्टर लेकर आए।,P
  लेकिन इस बार टेंडर की कीमत बढ़ाकर 637 करोड़ 23 लाख रुपए कर दी गई थी।,"होम मिनिस्टर की कल बीजेपी प्रेसीडेंट अमित शाह, फाइनेंस मिनिस्टर अरुण जेटली और पीएमओ में राज्य मंत्री जितेंद्र सिंह के साथ एक घंटे तक मीटिंग हुई थी।",NP
गोपाल राय ने यह भी कहा कि पन्द्रह  दिनों के ट्रायल के दौरान राजधानी में प्रदूषण का स्तर नीचे आया है,बैठक के बाद ट्रांसपोर्ट मंत्री गोपाल राय ने बताया कि पन्द्रह दिन ऑड-ईवन के ट्रायल के दौरान प्रदूषण घटा और दिल्ली जाम फ्री रही।,P
कोई बिच्छू नहीं है जो वृत्तों में घूमता है,एक बिच्छू सर्कल में घूम रहा है,NP
अगले महीने शादी करेंगे पेसर इरफान पठान,क्रिकेटर इरफान पठान अगले महीने करेंगे शादी,P
महिला पकाए गए अष्टपैलू को काट रही है,एक महिला एक ऑक्टोपस काट रही है,P
एक बिल्ली का बच्चा ताजा दूध पी रहा है,एक छोटी बिल्ली ताजा दूध पी रही है,P
कुत्ता कुछ पानी की बूंदों पर नहीं झपक रहा है,एक कुत्ता घास में पानी के साथ खेल रहा है,NP
"कुपवाड़ा में सेना के जवान पर छेड़छाड़ का आरोप, बवाल में दो की मौत|","कुपवाड़ा में सुरक्षा बलों और प्रदर्शनकारियों में झड़प, दो की मौत|",P
एक नवविवाहित जोड़ा इस द्वीप पर चल रहा है,दुल्हन और दुल्हन शादी के बाद जा रहे हैं,P
ये वेबसाइटें एक अमेरिकी डोमेन सर्विस प्रवाइडर से संचालित थीं|,वह एएमयू का पूर्व छात्र है।,NP
चिक्कू रॉबर्ट केरल के अंकामलाई की रहने वाली थी।,केरल के एक शहर से थी चिक्कू रॉबर्ट|,P
दो छोटे लड़के हरी घास पर फुटबॉल की गेंद के साथ बाहर खेल रहे हैं,हरी घास पर फुटबॉल की गेंद के साथ बाहर खेलने वाले कोई छोटे लड़के नहीं हैं,NP
नीली कवरल वाली लड़की पेंटिंग कर रही है,नीले कवरल में लड़की पेंटिंग कर रही है,P
एक महिला एक आलू छील रही है,कोई भी महिला एक आलू को छीलती नहीं है,NP
खेल के बीच में एक टेनिस खिलाड़ी एक रैकेट पकड़ रहा है,खेल के बीच में एक टेनिस खिलाड़ी एक रैकेट पकड़ रहा है,P
"यह तर्कसंगत लग रहा है, क्योंकि ऐसा महसूस नहीं होता है कि पृथ्वी चल रही है, है कि नहीं?","यह समझ में आता है, क्योंकि पृथ्वी नहीं लगता है जैसे कि यह चल रहा है, यह करता है?",NP
"नडेला ने कार्यक्रम में कहा कि, “एप्स की दुनिया में बड़े बदलाव आ रहे हैं।""",सत्य नडेला इस विषय पर बात कर रहे थे कि इनोवेशन को प्रोत्साहन देने में टेक्नॉलजी की क्या भूमिका है,NP
एक महिला एक मछली काट रही है,कोई महिला मछली काटती नहीं है,NP
एक जंगली हिरण एक बाड़ पर कूद रहा है,एक हिरण एक बाड़ पर कूद रहा है,P
मैंने हाल में इस्लामिक स्टेट ऑफ इराक एवं सीरिया (आईएसआईएस) के साथ बातचीत शुरू करने की कोशिश की थी।,इस तरह से आईएसआईएस के साथ उनकी शांति वार्ता के प्रयास का अंत हो गया।,NP
बैंकों के सात हजार करोड़ रुपये न लौटा पाने के कारण चौतरफा घिरे बिजनसमैन विजय माल्या के खिलाफ मंगलवार को सत्रह बैंकों ने सुप्रीम कोर्ट में एक अर्जी दायर करके उनके देश से बाहर जाने पर रोक लगाने की मांग की है।,उच्चतम न्यायालय ने आज सार्वजनिक क्षेत्र के सत्रह बैंकों के कंसोर्टियम द्वारा दायर याचिका पर सुनवाई करने पर सहमति जता दी जिसमें उद्योगपति विजय माल्या को भारत छोडऩे से रोकने के लिए निर्देश जारी करने की मांग की गई है।,P
डाउनहिल स्कीइंग एक खेल के रूप में कम से कम 17 वीं शताब्दी में शुरु हुई थी और 1861 में ऑस्ट्रेलिया में नॉर्वे के लोगों द्वारा पहला मनोरंजक स्की क्लब खोला गया था।,खेल के रूप में डाउनहिल स्कीइंग कम से कम 17वीं सदी में वापस जाती है और 1861 में ऑस्ट्रेलिया में नॉर्वे के लोगों द्वारा पहला रिक्रिएशनल स्की क्लब खोला गया था।,P
रोहित शर्मा और विराट कोहली की दो सौ सात रनों की साझेदारी जो ऑस्ट्रेलिया के खिलाफ दूसरे विकेट के लिये अब तक की सबसे बड़ी साझेदारी है।,रोहित और कोहली की यह साझेदारी दूसरे विकेट के लिए ऑस्ट्रेलिया के खिलाफ अब तक की सबसे बड़ी साझेदारी है।,P
अपने लंबे समय से गुमशुदा दोस्त को देखकर उसे अत्यधिक खुशी हुई।,बहुत समय से लापता मित्र को देखकर उसे अपार हर्ष की अनुभूति हुई।,P
उनका कहना है कि ज्यादातर संपत्तियों पर गांधी फैमिली का नाम क्यों है?,देश में कई जगहों का नाम गांधी फैमिली से जुड़े नेताओं के नाम पर रखे जाने को लेकर ऋषि कपूर भड़क गए हैं।,NP
करिश्मा कपूर और उनके पति संजय कपूर के बीच तलाक केस में शुक्रवार को समझौता हो गया।,बॉलिवुड ऐक्ट्रेस करिश्मा कपूर और संजय कपूर के बीच तलाक की सभी शर्तों पर समझौता हो गया है।,P
एक आदमी गिटार बजा रहा है,एक आदमी गिटार बजा रहा है,P
केंद्र सरकार उत्तराखंड में राष्ट्रपति शासन हटाने के फैसले के खिलाफ आज जाएगी सुप्रीम कोर्ट|,केन्द्र ने उत्तराखंड में राष्ट्रपति शासन हटाने के आदेश को उच्चतम न्यायालय में चुनौती दी है|,P
जब हम पहुँचे तब टीम ने पहले ही प्रारम्भिक सर्वे पूरा कर लिया था।,जब हम पहुँचे तब टीम अभी सर्वे कर रही थी और अभी पूरा नहीं हुआ था।,NP
मौत से पहले प्रत्यूषा ने आखिरी बार उससे की 3 मिनट बात|,मौत से पहले प्रत्यूषा ने आखिरी बार ब्वॉयफ्रेंड  राहुल से की थी बात|,P
हाईकोर्ट ने राज्य में करीब एक महीने से जारी प्रेसिडेंट रूल को गुरुवार को खत्म कर दिया,उत्तराखंड हाईकोर्ट ने  राज्य से राष्ट्रपति शासन हटा  दिया,P
उसके बाद वह दो दिनों की यात्रा पर सउदी अरब जाएंगे,दो अप्रैल को सऊदी अरब के दौरे पर जाएंगे पीएम,P
मार्टिन लूथर से की अंबेडकर की तुलना|,उन्होंने कहा कि हम बाबा साहेब को दलितों का मसीहा बता कर अन्याय करते हैं।,NP
पीली मिट्टी की बाइक पर एक आदमी कूद रहा है,पीले रंग की बाइक पर सवार एक साइकिल चालक हवा में है,P
सऊदी अरब के कहने पर ओसामा को एबटाबाद में आलीशान कोठी में रखा गया।,सऊदी अरब के कहने पर उसने एबटाबाद के परिसर में रखा।,P
राष्ट्रीय सुरक्षा सलाहकार अजीत डोभाल के गुरुवार दोपहर तक पेरिस से वापसी का इंतजार करने का फैसला किया गया|,जकार्ता में  संयुक्त राष्ट्र कार्यालय के पास यह छ्ह  धमाके हुए हैं।,NP
  कीरोन पोलार्ड (13 रन) के रूप में वेस्ट इंडीज को पांचवां झटका लगा। उन्हें आर. अश्विन ने lbw कर दिया।,  जसप्रीत बुमराह ने 13वें ओवर में आंद्रे फ्लेचर (3 रन) को बोल्ड किया।,NP
सत्रह् पेजों में सिर्फ पूर्व वायुसेना प्रमुख त्यागी का जिक्र है।,सोमवार को यह मुद्दा लोकसभा में मीनाक्षी लेखी ने शून्यकाल में उठाया था,NP
जेएनयू कैंपस से अगवा कर किशोरी से सामूहिक दुष्कर्म|,टी -ट्वेंटी फॉर्मेट ने क्रिकेट में काफी बदलाव लाया: तेंडुलकर,NP
"प्रदर्शन चालू होने के पाँच मिनट में हवा शुरू हो जाती है, लगभग एक मिनट बाद, हवा 70 किमी/घंटा तक पहुँच रही है... फिर बारिश आती है, लेकिन इतनी तेज़ और इतनी बड़ी बूँदें कि यह आपकी त्वचा को सुई की तरह चुभती है, फिर आकाश से ओले गिरते हैं, लोग घबराते हैं, चिल्लाते हैं और अफरातफरी मच जाती है।","प्रदर्शन के पांचमिनट बाद हवा का बहाव शुरू हो जाता है, लगभग एक मिनट बाद हवा 70 किमी/घंटा तक पहुंच रही है... फिर बारिश आती है, लेकिन इतनी तेज और इतनी बड़ी कि यह आपकी त्वचा को सुई की तरह थप्पड़ मारती है, फिर आसमान से ओले गिरते हैं, लोग घबराते हैं और चिल्लाते हैं और एक-दूसरे के ऊपर दौड़ते हैं।",P
एक आदमी एक वायलिन खेल रहा है,एक आदमी वायलिन खेल रहा है,P
मोदी चौथा न्यूक्लियर सिक्युरिटी समिट में हिस्सा लेने के लिए इक्त्तीस मार्च को वॉशिंगटन डीसी पहुंचेंगे।,ऐसे में लगता है कि कुलभूषण का ईरान से  अपहरण किया गया है।,NP
टेस्ट के बाद इसको पूरी तरह से तैयार करने में दस  से पन्द्रह  साल लग जाएंगे।,फाइनल वर्जन बनाने में दस  से पन्द्रह  साल लगेंगे,P
एक छोटी लकड़ी की कैबिनेट पर बैठी एक सफेद बिल्ली खिड़की से बाहर देख रही है,मेज पर बैठी हुई बिल्ली खिड़की से बाहर उत्सुकता से देख रही है,P
एक समाचार पत्र के स्टिंग ऑपरेशन में यह दावा किया गया है कि भारत और इंग्लैंड के बीच दो हज़ार चौदह  में मैनचेस्टर में खेला गया टेस्ट मैच फिक्स था।,आइएसआइ के मेजर अलीम मेजर अब्दुल रहमान और मेजर इकबाल  आतंकियों की मदद के लिए सक्रिय भूमिका अदा कर रहे थे।,NP
"एक महिला द्वारा पहने जाने वाले काले, लाल, सफेद और गुलाबी कपड़े नहीं हैं","एक महिला एक कोट उतार रही है, जो बहुत बड़ा है, और एक असाधारण पोशाक का खुलासा",NP
कंगना - ऋतिक की हेट स्टोरी में नया मोड़: ईमेल के बाद अब लीक हुई निजी तस्वीरें|,विवाद के बीच लीक हुई कंगना और रितिक की आपतिजनक फोटो|,P
सायन्यूरिक एसिड और मेलामाइन दोनों ही पालतू जानवरों के मूत्र के नमूनों में पाए गए जो दूषित पालतू भोजन के सेवन के बाद मर गए.,"पालतू जानवरों के मूत्र के नमूनों में सायन्यूरिक एसिड और मेलामाइन दोनों पाए गए, जो दूषित पालतू भोजन खाने के बाद मर गए।",P
बिल्ली एक तरबूज के साथ भावुकता से खेल रही है,एक बिल्ली एक तरबूज के साथ खेल रही है,P
माल्या पर बैंकों का 9400 करोड़ रुपए बकाया है।,9400 करोड़ रुपए बकाया है माल्या पर बैंको का।,P
.हेडली ने कहा कि कश्मीर जाकर वो भारतीय फौज के साथ लड़ना चाहता था।,मैं भारतीय सैनिकों से लड़ने के लिए कश्मीर जाना चाहता था: हेडली,P
छोटे लड़के बाहर खेल रहे हैं और आदमी पास में मुस्कुरा रहा है,न कोई लड़का बाहर खेलता है और न कोई मुस्कुराता है,NP
मंगलवार को सुप्रीम कोर्ट ने केंद्र सरकार से कहा था कि वह सुप्रीम कोर्ट की निगरानी में राज्य विधानसभा में शक्ति परीक्षण कराने पर विचार करे|,सुप्रीम कोर्ट भी केंद्र के इस जवाब से संतुष्ट दिखा और जवाब देने के लिए छह  मई तक का समय दे दिया|,NP
सानिया-हिंगिस का विजयरथ एक्तालिस जीत के बाद थमा,"रिपोर्ट के मुताबिक, कहा जा रहा है कि मोम के पुतले के लिए पीएम नरेंद्र मोदी का मेजरमेंट लेने जो टीम भारत आई थी, उसी टीम ने कपिल शर्मा का भी मेजरमेंट लिया है।",NP
सैमूर हर्श ने दावा किया है कि ओसामा बिन लादेन वर्षों से पाकिस्तान की हिरासत में था,पाक  ने लादेन को मरवाने के लिए अमेरिका के साथ करार किया : मशहूर अमेरिकी खोजी पत्रकार सेमूर हर्ष ने नए सबूत के आधार फिर से यह दावा किया है,NP
नारंगी शॉर्ट्स में एक लड़का पानी के ऊपर एक चट्टान की चट्टान पर खड़ा है और काला शॉर्ट्स में दूसरा लड़का पानी में डूब रहा है,दो पुरुष चट्टान के किनारे पर खड़े हैं और एक पानी में कूद रहा है,P
उत्तरी कोलकाता में एक निर्माणाधीन फ्लाईओवर का हिस्सा गिर गया और  यह दुर्घटना नॉर्थ कोलकाता के बड़ा बाजार इलाके में गणेश सिनेमा के नजदीक की है,उत्तरी कोलकाता के गिरीश पार्क क्षेत्र में गणेश टाकिज के पास एक निर्माणाधीन ब्रिज का एक हिस्सा अचाननक गिर गया।,P
लगता है कि मुझे न्याय नहीं मिलेगा : माल्या,"राज्यसभा से इस्तीफा देने पर बोले माल्या, लगता है कि मुझे न्याय नहीं मिलेगा",P
एक सफेद कुत्ता क्रिसमस रेन हेडबैंड पहन रहा है और घास में भूरे रंग के कोट वाले कुत्ता के साथ खेल रहा है,रेन के कान पहने हुए सफेद कुत्ता एक भूरे रंग के कुत्ते के पास है,P
"माल्या ने कहा कि उनके तीनों बच्चे सिद्धार्थ, लियाना और तान्या अमेरिकी नागरिक हैं|",माल्या  ने सुप्रीम कोर्ट में ये भी कहा कि उनका पूरा परिवार एनआरआई है|,P
"भारत ने रचा इतिहास, इसरो ने लॉन्च किया देश का पहला 'मेड इन इंडिया' स्पेस शटल|",गोधरा में ट्रेन जलाने की साजिश का मास्टरमाइंड चौदह  साल बाद अरेस्ट|,NP
आदमी एक ध्वनिक गिटार नहीं खेल रहा है,आदमी एक ध्वनिक गिटार खेल रहा है,NP
कोई आदमी नहीं है जो स्याम की टोपी पहनकर सिगरेट पी रहा हो,एक आदमी पारा टोपी पहन रहा है और एक सिगरेट धूम्रपान कर रहा है,NP
एक आदमी कार से उतर रहा है,एक आदमी एक कार में चढ़ रहा है,NP
एक आदमी पियानो खेल रहा है,एक आदमी द्वारा पियानो बजाया जा रहा है,P
कुछ लोग चल रहे हैं,कुछ लोग खड़े हैं,NP
उन्हें लगा कि वो मांझी को ऐसे नहीं छोड़ा जा सकता और उसकी मदद के लिए उन्हें कुछ करना चाहिए।,उन्होंने सोचा के मांझी को ऐसे नहीं छोड़ा जा सकता और उसकी मदद के लिए उन्हें कुछ उपाय करना चाहिए।,P
"अंतिम ओवर में रोमांच के चरम पर पहुंचा मैच, रैना-युवराज के ब्लास्ट से मिली जीत",जर्मनी की एंजलिक कर्बर ने धमाकेदार प्रदर्शन कर शीर्ष वरीयता प्राप्त सेरेना विलियम्स को कड़े संघर्ष में हराकर ऑस्ट्रेलियन ओपन टेनिस चैंपिय‍नशिप में महिला एकल खिताब हासिल किया।,NP
"बता दें कि यह घटना तब हुई है, जब भारत पीओके में रहने वालों पर पाकिस्तान के अत्याचार को लेकर उसकी घेराबंदी में जुटा है।",यह घटना तब हुई जब भारत पीओके में रहने वालों पर पाकिस्तान सर्कार के अत्याचार को लेकर उसकी घेराबंदी में जुटा हुआ था।,P
वहाँ कोई आदमी नहीं है जो जोर से गिटार बजाता है,एक आदमी जोर से गिटार बजा रहा है,NP
प्रधानमंत्री ने ट्विटर पर कहा अंतरराष्ट्रीय महिला दिवस पर सभी महिलाओं की योग्यता को सलाम करता हूं तथा हमारे समाज में उनकी अपरिहार्य भूमिका के प्रति आभार व्यक्त करता हूं.',अंतरराष्ट्रीय महिला दिवस  पीएम  मोदी  ट्वीट पर मोदी ने   महिलाओं के अहम योगदान के लिए  'शुक्रिय  कहा  साथ -साथ  समाजिक कल्याण के लिये महिलाओं की अपरिहार्य भूमिका  पर आभार व्यक्त किया,P
    4 से 5 सितंबर को चीन में जी 20 समिट होनी है।  अफसरों की मानें तो मोदी इस दौरान वियतनाम को फौजी ताकत बढ़ाने में मदद का प्रपोजल भी दे सकते हैं। ,चीन के एक थिंक टैंक ने भारत को वॉर्निंग दी है। उसने कहा कि यदि भारत बलूचिस्तान में 46 अरब डॉलर की लागत से बन रहे चीन पाकिस्तान इकोनॉमिक कॉरिडोर को बनने से रोकेगा तो चीन कार्रवाई से गुरेज नहीं करेगा।,NP
ये जोड़े अपने बच्चे के लिए गोद लेने की योजना बनाने का विकल्प चुन सकते हैं.,इन जोड़ों को अपने बच्चे के लिए एक गोद लेने की योजना बनाने के लिए चुन सकते हैं ।,NP
अनुष्का को बुरा कहने वालों पर भड़के विराट कोहली,प्लेन हाइजैक करने वाले कथित आतंकवादी का नाम इब्राहिम समाहा बताया जा रहा है।,NP
प्रवर्तन निदेशालय ने माल्या के पासपोर्ट को रद करने की मांग की,उन्होंने ट्वीट किया कि  मीडिया ट्रायल नहीं होना चाहिए,NP
एक बिल्ली एक छोटी बोतल के साथ खेल रही है,एक जानवर एक छोटी बोतल के साथ खेल रहा है,P
पुरुषों को दृढ़ता से नकारें और अपनी बात पर बेहिचक अड़ी रहें (सांस्कृतिक अंतरों के होने या नहीं होने से यह सही नहीं हो जाता!).,"पुरुषों को ठुकराने में दृढ़ रहें, और अपनी जमीन पर खड़े होने से डरो मत (सांस्कृतिक मतभेद या नहीं, यह ठीक नहीं है!)",P
राहुल एक झूठा आदमी है।',"वकील निलेश ने कहा,' राहुल एक ड्रग माफिया है और वो एक दिन में करीब दो बार ड्रग का सेवन करता है|",NP
इन दिशा निर्देशों में इस बात का जिक्र भी है कि माहवारी की उम्र आने से पहले भी क्या लड़कियों के साथ सेक्स किया जा सकता है?,इस्लामिक स्टेट के कथित कानूनी जानकार इसका जवाब हां में देते हैं |,NP
एक बिल्ली द्वारा कुछ पानी का उपयोग किया जा रहा है,एक बिल्ली पानी पी रही है,P
एक महिला एक सब्जी ब्रश के साथ एक zucchini स्क्रब कर रही है,व्यक्ति एक सुकीनी को स्क्रब कर रहा है,P
अगले महीने शादी करेंगे पेसर इरफान पठान,मेरे पास विकेट लेने का लाइसेंस: अश्विन,NP
भारत को पहला झटका तीसरे ओवर में अजिंक्य रहाणे के रूप में लगा। ,  इसके थोड़ी ही देर बाद पांचवें ओवर में विराट कोहली (16) भी आउट हो गए।,NP
माल्या ने अपने परिवार की भारत और विदेश में कुल संपत्ति की जानकारी को एक बंद लिफाफे में सुप्रीम कोर्ट को सौंप दिया है।,अमरीका के न्यूयार्क में स्थित ट्रंप प्लाजा में माल्या के तीन लग्जरी फ्लैट होते  हैं|,NP
उनके अंतर्गत अधिक मध्यम आकार की बिल्लियाँ होती हैं जो खरगोशों से लेकर मृगों और हिरणों तक के मध्यम आकार के शिकार खाती हैं.,उनके नीचे मध्यम आकार की बिल्लियां होती हैं जो मध्यम आकार के शिकार खाती हैं जैसे खरगोश से लेकर एंटीलॉप और हिरण।,P
आखिरकार दीपिका पादुकोण ने कबूला रणवीर सिंह हैं उनके 'ब्‍वॉयफ्रेंड',पहली बार दीपिका ने रणवीर सिंह को कहा 'बॉयफ्रेंड',P
"    इस बंदूक से सैकड़ों छर्रे निकलते हैं, जिनसे शरीर पर कई तरह की चोटें आ सकती हैं।  पैलेट के छर्रे आंख में घुस जाते हैं और आंख के टिश्यू को धीरे धीरे खराब करने लगते हैं।",सीआरपीएफ के स्पेशल डीजी ने बताया कि अभी तक हमारे दो हजार जवान घायल हो चुके हैं। इस समय राज्य में सभी तरह के करीब पचास हजार जवान हैं। अब 77 कंपनियां भेजी जा रही हैं। एक कंपनी में 100 जवान होते हैं।,NP
पठानकोट एयरबेस के आसपास रहने वाले लोग महज 20 रुपये की रिश्वत देकर इसके अंदर अपने मवेशियों को चरात हैं  इतना ही नहीं वे यहां मौजूद सीएसडी की कैंटीन से खरीदारी भी कर लेते थे।,पठानकोट के कई लोगों के लिए बीस रूपये देकर एयरबेस में अपने पशुओं को चराने के लिए या सीएसडी कैंटीन से सामान खरीदने के लिए घुसना सामान्य बात है।,P
आदमी कागज की प्लेट नहीं काट रहा है,आदमी एक पेपर प्लेट काट रहा है,NP
यह दुर्घटना तब हुई जब आईएनएस निरीक्षक विझिंजम कोस्ट से चालिस  नॉटिकल मीट दूर था।,यह हादसा त्रिवेन्द्रमपुरम के पास विझिन्जम कोस्ट से चालिस नॉटिकल माइल्स की दूरी पर हुआ।,P
गालों पर काले और नारंगी धब्बे वाली कोई लड़की नहीं है,एक लड़की के गालों पर काले और नारंगी पैच हैं,NP
एक सफेद कार आदमी द्वारा चलाया जा रहा है,साक्षात्कारकर्ता आदमी को एक ब्रेक दे रहा है,NP
कपड़े पहने हुए पुरुष सड़कों पर घूम रहे हैं,कपड़े पहने हुए लोग सड़कों पर घूम रहे हैं,P
एक टॉपलेस महिला को एक भूरे रंग की पदार्थ से चिपकाया जा रहा है और एक धुंधली भीड़ पृष्ठभूमि में है,एक टॉपलेस महिला को ब्राउन पदार्थ के साथ मसाला दिया जा रहा है और कोई भी पृष्ठभूमि में नहीं है,NP
"इसका नाम दिलीप कुमार, देव आनंद, अशोक कुमार या अमिताभ बच्चन के नाम पर भी रखा जा सकता है|",ऋषि कपूर ने जगहों और संपत्तियों के नाम गांधी या नेहरू से रखे जाने को लेकर गांधी परिवार पर निशाना साधा है,NP
यह आखरी कॉल दो सौ एक  सेकेन्ड का है।,लेकिन राहुल के वकील आभात फोंडा का कहना है कि प्रत्यूषा उस वक्त काफी शराब पी रही थी और वह पुरी तरह नशे की हालत में थी।,NP
"इससे पहले 2009 में एक साथ तीन प्लेयर महिला बॉक्सर मेरी कॉम, बॉक्सर विजेंद्र सिंह और रेसलर सुशील कुमार को दिया गया था।"," 2009 में इससे पहले एक साथ तीन प्लेयर रेसलर सुशील कुमार, महिला बॉक्सर मेरी कॉम और बॉक्सर विजेंद्र सिंह को दिया गया था।",P
एक आदमी एक दलदल से उठ रहा है,एक आदमी पानी से बाहर आ रहा है,P
"कोलकाताः निर्माणाधीन पुल गिरा, कई लोगों के मरने की आशंका","कोलकाता में फ्लाई ओवर गिरने से दस की मौत, एक सौ पच्चास  लोगों के दबे होने की आशंका",P
छह साल पुराने अगस्ता वेस्टलैंड वीवीआईपी हेलिकॉप्टर डील मामले में बीजेपी ने सोनिया गांधी पर निशाना साधने की तैयारी कर ली है।,एक अदालत द्वारा वीवीआईपी हेलीकॉप्टर खरीद घोटाले में अगस्ता वेस्टलैंड कंपनी को घूस देने की पुष्टि और दोषी करार दिए |,NP
एक आदमी जुनून से गिटार बजा रहा है,कोई गायक नहीं है और कोई गिटार नहीं बजाता है,NP
मजबूत टीम इंडिया को वर्ल्ड टी ट्वन्टि  के सेमीफाइनल में उन्हीं के घर में हराकर वेस्ट इंडीज की टीम जश्न में चूर है।,वर्ल्ड टी-ट्वन्टी  के सेमीफाइनल मुकाबले में गुरुवार को टीम इंडिया को हराने के बाद वेस्टइंडीज टीम ने जमकर मस्ती की।,P
सचिन तेंदुलकर ने सानिया का प्रोफाइल लिखा है।,सानिया का प्रोफाइल सचिन द्वारा लिखा गया|,P
हाफिज सईद और लश्कर के सदस्य लखवी भी भारत को इस्लाम का दुश्मन मानते थे।,इस रणक्षेत्र में बर्फीले तूफान में एक जेसीओ और नौ जवान फंस गए थे,NP
उनकी संस्मरण व्यक्तिगत पारिवारिक कथाओं को दशक की बड़ी राजनीतिक घटनाओं के साथ रखती है।,उनकी मेमॉयर में निजी पारिवारिक कहानियाँ उस दशक की मुख्य राजनीतिक घटनाओं के साथ रखी गई हैं।,P
चांद की सतह चट्टानों और धूल से बनी है. चांद की बाहरी परत को क्रस्ट कहते हैं.,चंद्रमा की सतह चट्टानों और धूल से बनी होती है।चंद्रमा की बाहरी परत को क्रस्ट कहा जाता है।,P
"एक तारे की रॉस्बी संख्या, जो प्लाज़्मा फ़्लो से संबंधित है, का पता लगाने के लिए उसकी चमक और रोटेशन का एक साथ इस्तेमाल किया जाता है,","एक तारे की रॉस्बी संख्या निर्धारित करने के लिए चमक और घूर्णन का एक साथ उपयोग किया जाता है, जो प्लाज्मा प्रवाह से संबंधित है।",NP
"इससे पहले दो फरवरी को आग लगी थी, जिसमें दो महिलाओं की मौत हो गई थी।",कांग्रेस सांसद शशि थरूर ने रविवार को जवाहरलाल नेहरू यूनिवर्सिटी (जेएनयू) में छात्रों को संबोधित करते हुए छात्र संघ के अध्यक्ष कन्हैया कुमार की तुलना शहीद भगत सिंह से कर डाली।,NP
अब एक-दूसरे के सैन्य ठिकानों का उपयोग कर सकेंगे भारत और अमेरिका|,भारत और अमेरिका जल्दी ही एक-दूसरे के सैन्य ठिकानों की सेवाओं को साझा कर सकेंगे।,P
"फ़ोटोग्राफ़र को रोनाल्ड रीगन यूसीएलए मेडिकल सेंटर ले जाया गया, जहाँ बाद में उसकी मौत हो गई.","फोटोग्राफर रोनाल्ड रीगन UCLAमेडिकल सेंटर, जहांवह बाद में मर गया ले जाया गया था ।",NP
इस मामले को लेकर आप नेता और दिल्ली के सीएम अरविंद केजरीवाल ने मोदी सरकार पर हमला|,दिल्ली के मुख्यमंत्री अरविंद केजरीवाल ने  पीएम नरेंद्र मोदी पर निशाना साधा है।,P
   30 अप्रैल 1974 फर्टिलाइजर कॉर्पोरेशन ऑफ इंडिया में स्पोर्ट्समेन ट्रेनीज के पद पर चयन। 1975 आल इंडिया फर्टिलाइजर की टीम की अगुवाई करते हुए गुरु नानक हॉकी कप के चैंपियन रहे।,"  हालांकि, आगरा के बारे में पूछे गए सवाल पर अपनी बात सुधारते उन्होंने यह भी कहा कि ताज महल की नगरी में आने वाले टूरिस्टों को डूज एंड डोन्ट्स के बारे में एक बुकलेट भी दी जा रही है।",NP
भारतीय मुस्लिमों की वजह से नहीं पनप सकता आईएस|,पाकिस्तान के प्रधानमंत्री नवाज शरीफ ने रविवार को अपनी नातिन मेहरुन्निसा के दावत-ए-वलीमा समारोह में गुलाबी रंग की राजस्थानी साफा पहना था|,NP
इसके साथ ही दो हज़ार पांच सौ सतायीस लोगों के जख्मी होने की खबर है।,शाहरुख खान की फिल्म फैन ने पाकिस्तान में कमाई का नया रेकॉर्ड बनाया|,NP
एक लड़का कृत्रिम रूप से चढ़ने के लिए बनाई गई दीवार पर चढ़ रहा है और उसे एक रस्सी से लगा दिया गया है,दीवार पर एक पर्वतारोही कृत्रिम रूप से निर्मित रस्सी के साथ पर्वतारोही लड़के से जुड़ा हुआ है,NP
तीन पुरुष दूर की बड़ी हरी पहाड़ियों को देख रहे हैं,कुछ पुरुष दूर से विशाल हरी पहाड़ियों को देख रहे हैं,P
दो बच्चे और एक वयस्क एक पेड़ के अंग के बगल में खड़े हैं,एक बड़ी शाखा पर कोई बच्चा नहीं लटका है,NP
इस धमाके में जांच के आदेश भी दे दिए गए हैं।,ऑक्सीजन सिलेंडर के ब्लास्ट से सोलह  अप्रैल को ये हादसा  हुआ।,NP
कमरा साफ है।,कमरा गंदा है।,NP
एक बैंड मंच पर प्रदर्शन कर रहा है,एक बैंड मंच पर खेल रहा है,P
टेस्ट के बाद इसको पूरी तरह से तैयार करने में दस  से पन्द्रह  साल लग जाएंगे।,"स्पेस शटल के लिए पन्द्रह साल पहले सोचा गया था , लेकिन सही मायने में काम पांच साल पहले ही शुरू हुआ।",NP
  इस विधेयक को पास करने का कारण बताया गया है कि लगातार महंगाई बढ़ रही है।,  इमरान और पत्नी यास्‍मीन जहां के दो बच्चे मो. आमिर और उज्ज्मा यास्‍मीन हैं।,NP
पहला खेल रत्न विश्वनाथन आनंद को मिला था।,भारत के हे कुछ एक्सपर्ट्स के पास जाने की सलाह दी थी वहा के डॉक्टर्स ने|,NP
कोई आदमी कार नहीं चलाता है,एक आदमी कार चला रहा है,NP
"इस पर दीपिका ने कहा, 'ये पूछना गलत है कि आपके ब्वॉयफ्रेंड में कितनी असुरक्षा की भावना है।","उन्होंने अपने फेसबुक पेज पर फैंस से बातचीत के दौरान इस बारे में खुलकर बात करते हुए कहा कि विपक्षी टीम को इस तरह की चीजों का पूरा अधिकार है, बस ये सीमित दायरे में रहना चाहिए।",NP
कोई एक टमाटर काट रहा है,व्यक्ति एक सब्जी काट रहा है,P
धोनी फिनिशर की अपनी भूमिका नहीं निभा पाने के कारण लंबे समय से आलोचना झेल रहे हैं।,"फुल ड्रेस रिहर्सल परेड है कल, इन रास्तों में ट्राफिक कन्ट्रोल् से रास्ते होंगे बंद|",NP
इस पर सत्तापक्ष और विपक्षी सदस्यों के बीच भारी शोरगुल के चलते विधानसभा की कार्यवाही दस  मिनट के लिये स्थगित की गई।,"इस मामले में प्रदेश के पंचायत मंत्री गोपाल भार्गव ने  सवाल किया कि कांग्रेस विधायक ने जो किया, क्या यह शोभाजनक है?",NP
एक खिलौना ट्रेन एक खिलौना कार से गायब है,एक खिलौना ट्रेन खिलौना कार से टकरा रही है,NP
"मंत्रालय ने सोमवार को नियमों में संशोधन का ऐलान करते हुए कहा कि कोई भी पीएफ खाताधारक इलाज, बच्चों की पढ़ाई और शादी तथा हाउसिंग (घर बनाने) के लिए खाते में जमा पूरी राशि निकाल सकता है।","श्रम मंत्रालय ने सोमवार को नियमों में संशोधन का ऐलान करते  हुए कहा कि कोई भी खाताधारक इलाज, हाउजिंग, शादी और बच्चों की पढ़ाई के लिए खाते में जमा पूरी राशि निकाल सकता है।",P
दो कुत्ते बर्फबारी घास और चट्टानों में कूद रहे हैं,दो कुत्ते बर्फ की घास और चट्टानों में कूद रहे हैं,P
"पराग्वे, जिसे पहले “इंडीज का विशाल प्रांत” कहा जाता था उसका जन्म 16वीं शताब्दी में, स्वदेशी समूहों के साथ स्पेनिश विजेताओं की मुठभेड़ की वजह से हुआ था.","16वीं शताब्दी में पराग्वे, जिसे पहले ""द जाइंट प्रोविंस ऑफ द इंडीज"" कहा जाता था, का जन्म स्पेनिश विजेताओं के मूल स्वदेशी समूहों के साथ मुठभेड़ के परिणामस्वरूप हुआ था।",P
एक आदमी सिंक में क्लीनर डाल रहा है,एक आदमी सिंक को साफ कर रहा है,P
